code,label,wrvu,year,category,source
0001F,Heart failure composite,0.0,2026,Procedure,CMS
0005F,Osteoarthritis composite,0.0,2026,Procedure,CMS
00100,Anes px salivary gland w/bx,0.0,2026,Procedure,CMS
00102,Anes px plstc rpr cleft lip,0.0,2026,Procedure,CMS
00103,Anes rcnstv px eyelid,0.0,2026,Procedure,CMS
00104,Anes electroconvulsive ther,0.0,2026,Procedure,CMS
00120,Anes px ear w/bx nos,0.0,2026,Procedure,CMS
00124,Anes px ear otoscopy,0.0,2026,Procedure,CMS
00126,Anes px ear tympanotomy,0.0,2026,Procedure,CMS
0012F,Cap bacterial assess,0.0,2026,Procedure,CMS
00140,Anes procedures on eye nos,0.0,2026,Procedure,CMS
00142,Anes px on eye lens surgery,0.0,2026,Procedure,CMS
00144,Anes px eye corneal trnspl,0.0,2026,Procedure,CMS
00145,Anes px eye vitreortnl surg,0.0,2026,Procedure,CMS
00147,Anes px on eye iridectomy,0.0,2026,Procedure,CMS
00148,Anes px eye ophthalmoscopy,0.0,2026,Procedure,CMS
0014F,Comp preop assess cat surg,0.0,2026,Procedure,CMS
0015F,Melan follow-up complete,0.0,2026,Procedure,CMS
00160,Anes px nose&sinus nos,0.0,2026,Procedure,CMS
00162,Anes px nose&sinus rad surg,0.0,2026,Procedure,CMS
00164,Anes px nose&sins bx sft tis,0.0,2026,Procedure,CMS
00170,Anes intraoral px nos,0.0,2026,Procedure,CMS
00172,Anes ntroral px rpr clft pal,0.0,2026,Procedure,CMS
00174,Anes ntrorl exc rtrphrng tum,0.0,2026,Procedure,CMS
00176,Anes intraoral px rad surg,0.0,2026,Procedure,CMS
00190,Anes px facial b1/skull nos,0.0,2026,Procedure,CMS
00192,Anes px fcl b1/skl rad surg,0.0,2026,Procedure,CMS
00210,Anes intracranial px nos,0.0,2026,Procedure,CMS
00211,Anes icr px crnec/crnot hmtm,0.0,2026,Procedure,CMS
00212,Anes icr px subdural taps,0.0,2026,Procedure,CMS
00214,Anes icr px burr holes,0.0,2026,Procedure,CMS
00215,Anes icr px crnop/elvtn fx,0.0,2026,Procedure,CMS
00216,Anes icr px vascular px,0.0,2026,Procedure,CMS
00218,Anes icr px in sitting pos,0.0,2026,Procedure,CMS
00220,Anes icr px csf shunting px,0.0,2026,Procedure,CMS
00222,Anes icr px ecoag icr nrv,0.0,2026,Procedure,CMS
00300,Anes all px integ h/n/ptrunk,0.0,2026,Procedure,CMS
00320,Anes all px neck nos 1yr/>,0.0,2026,Procedure,CMS
00322,Anes all px nck ndl bx thyr,0.0,2026,Procedure,CMS
00326,Anes all px larynx&trach<1yr,0.0,2026,Procedure,CMS
00350,Anes px major vsl neck nos,0.0,2026,Procedure,CMS
00352,Anes px maj vsl nck smpl lig,0.0,2026,Procedure,CMS
00400,Anes integumentary sys nos,0.0,2026,Procedure,CMS
00402,Anes integ sys rcnstv breast,0.0,2026,Procedure,CMS
00404,Anes integ sys rad/modf brst,0.0,2026,Procedure,CMS
00406,Anes integ sys rad brst dsj,0.0,2026,Procedure,CMS
00410,Anes integ sys conv arrhyt,0.0,2026,Procedure,CMS
00450,Anes px clav&scapula nos,0.0,2026,Procedure,CMS
00454,Anes px clav&scapula bx clav,0.0,2026,Procedure,CMS
00470,Anes partial rib rescj nos,0.0,2026,Procedure,CMS
00472,Anes prtl rib rescj thoracop,0.0,2026,Procedure,CMS
00474,Anes prtl rib rescj rad px,0.0,2026,Procedure,CMS
00500,Anes all px on esophagus,0.0,2026,Procedure,CMS
00520,Anes closed chest px nos,0.0,2026,Procedure,CMS
00522,Anes clsd ch px ndl bx pleur,0.0,2026,Procedure,CMS
00524,Anes clsd ch px pneumocents,0.0,2026,Procedure,CMS
00528,Anes clsd ch mediast&thrc wo,0.0,2026,Procedure,CMS
00529,Anes clsd ch mediast&thrc w/,0.0,2026,Procedure,CMS
00530,Anes perm transvns pm insj,0.0,2026,Procedure,CMS
00532,Anes access ctr venous crcj,0.0,2026,Procedure,CMS
00534,Anes insertion/rplcmt cvdfb,0.0,2026,Procedure,CMS
00537,Anes cardiac ep procedures,0.0,2026,Procedure,CMS
00539,Anes tracheobronchial rcnstj,0.0,2026,Procedure,CMS
00540,Anes thoracotomy px nos,0.0,2026,Procedure,CMS
00541,Anes thrcm px 1 lung vntj,0.0,2026,Procedure,CMS
00542,Anes thrcm px decortication,0.0,2026,Procedure,CMS
00546,Anes thrcm px pulm rescj,0.0,2026,Procedure,CMS
00548,Anes thrcm px trach&bronchi,0.0,2026,Procedure,CMS
0054T,Bone srgry cmptr fluor image,0.0,2026,Procedure,CMS
00550,Anes for sternal debridement,0.0,2026,Procedure,CMS
0055T,Bone srgry cmptr ct/mri imag,0.0,2026,Procedure,CMS
00560,Anes px heart w/o pump oxtj,0.0,2026,Procedure,CMS
00561,Anes px heart w/pump<1 yr,0.0,2026,Procedure,CMS
00562,Anes px hrt w/pump age 1yr+,0.0,2026,Procedure,CMS
00563,Anes px heart w/pmp crc arst,0.0,2026,Procedure,CMS
00566,Anes direct cabg w/o pump,0.0,2026,Procedure,CMS
00567,Anes direct cabg w/pump,0.0,2026,Procedure,CMS
00580,Anes heart/lung transplant,0.0,2026,Procedure,CMS
00600,Anes px crv spine&cord nos,0.0,2026,Procedure,CMS
00604,Anes px crv spn&cord sitting,0.0,2026,Procedure,CMS
00620,Anes px thrc spine&cord nos,0.0,2026,Procedure,CMS
00625,Anes thrc spine wo 1lng vent,0.0,2026,Procedure,CMS
00626,Anes thrc spine w/1 lng vent,0.0,2026,Procedure,CMS
00630,Anes px lumbar region nos,0.0,2026,Procedure,CMS
00632,Anes px lumbar sympathectomy,0.0,2026,Procedure,CMS
00635,Anes dx/ther lumbar pnxr,0.0,2026,Procedure,CMS
00640,Anes spine manipulation,0.0,2026,Procedure,CMS
00670,Anes xtnsv sp&spi cord px,0.0,2026,Procedure,CMS
00700,Anes px upr ant abd wall nos,0.0,2026,Procedure,CMS
00702,Anes upr ant abd wall lvr bx,0.0,2026,Procedure,CMS
0071T,Us leiomyomata ablate <200,0.0,2026,Procedure,CMS
0072T,Fcsd us abltj leiomyom>=200,0.0,2026,Procedure,CMS
00730,Anes px upper pst abdl wall,0.0,2026,Procedure,CMS
00731,Anes upr gi ndsc px nos,0.0,2026,Procedure,CMS
00732,Anes upr gi ndsc px ercp,0.0,2026,Procedure,CMS
00750,Anes hrna rpr upr abd nos,0.0,2026,Procedure,CMS
00752,Anes hrna rpr lmbr&vnt&/dehs,0.0,2026,Procedure,CMS
00754,Anes hrna rpr omphalocele,0.0,2026,Procedure,CMS
00756,Anes hrna rpr diphrg hrna,0.0,2026,Procedure,CMS
0075T,Perq stent/chest vert art,0.0,2026,Procedure,CMS
0076T,S&i stent/chest vert art,0.0,2026,Procedure,CMS
00770,Anes px maj abd blood vessel,0.0,2026,Procedure,CMS
00790,Anes iper upr abd nos,0.0,2026,Procedure,CMS
00792,Anes iper upr abd prtl hptc,0.0,2026,Procedure,CMS
00794,Anes iper upr abd pncrtect,0.0,2026,Procedure,CMS
00796,Anes iper upr abd lvr trnspl,0.0,2026,Procedure,CMS
00797,Anes iper upr abd gstr px mo,0.0,2026,Procedure,CMS
00800,Anes px lwr ant abdl wal nos,0.0,2026,Procedure,CMS
00802,Anes px lwr abdl wal pannic,0.0,2026,Procedure,CMS
00811,Anes lwr intst ndsc nos,0.0,2026,Procedure,CMS
00812,Anes lwr intst scr colsc,0.0,2026,Procedure,CMS
00813,Anes upr lwr gi ndsc px,0.0,2026,Procedure,CMS
00820,Anes px lwr post abdl wall,0.0,2026,Procedure,CMS
00830,Anes hernia rpr lwr abd nos,0.0,2026,Procedure,CMS
00832,Anes hernia repair vnt&incal,0.0,2026,Procedure,CMS
00834,Anes hernia repair<1 yr age,0.0,2026,Procedure,CMS
00836,Anes hrna rpr<37wk brth<50,0.0,2026,Procedure,CMS
00840,Anes iper px lower abd nos,0.0,2026,Procedure,CMS
00842,Anes iper px amniocentesis,0.0,2026,Procedure,CMS
00844,Anes iper px abdmnprnl rescj,0.0,2026,Procedure,CMS
00846,Anes iper px rad hystrectomy,0.0,2026,Procedure,CMS
00848,Anes iper px pel exentration,0.0,2026,Procedure,CMS
00851,Anes iper px tubal ligation,0.0,2026,Procedure,CMS
00860,Anes xtrprtl px lwr abd nos,0.0,2026,Procedure,CMS
00862,Anes xtrprtl lwr abd rnl px,0.0,2026,Procedure,CMS
00864,Anes xtrprt lwr abd tot cstc,0.0,2026,Procedure,CMS
00865,Anes xtrprt lwr abd prst8ect,0.0,2026,Procedure,CMS
00866,Anes xtrprt lw abd adrnlctmy,0.0,2026,Procedure,CMS
00868,Anes xtrprtl px rnl transpl,0.0,2026,Procedure,CMS
00870,Anes xtrprtl cystolithotomy,0.0,2026,Procedure,CMS
00872,Anes lithotrp esw water bath,0.0,2026,Procedure,CMS
00873,Anes lithotrp esw wo wtr bth,0.0,2026,Procedure,CMS
00880,Anes maj lwr abd vessel nos,0.0,2026,Procedure,CMS
00882,Anes maj lwr adb vsl ivc lig,0.0,2026,Procedure,CMS
00902,Anes anorectal px,0.0,2026,Procedure,CMS
00904,Anes radical perineal px,0.0,2026,Procedure,CMS
00906,Anes vulvectomy,0.0,2026,Procedure,CMS
00908,Anes perineal prostatectomy,0.0,2026,Procedure,CMS
00910,Anes transurethral px nos,0.0,2026,Procedure,CMS
00912,Anes trurl px rescj bldr tum,0.0,2026,Procedure,CMS
00914,Anes trurl px rescj prst8,0.0,2026,Procedure,CMS
00916,Anes trurl px rescj bleeding,0.0,2026,Procedure,CMS
00918,Anes trurl px urtrl cal rmvl,0.0,2026,Procedure,CMS
00920,Anes px male genitalia nos,0.0,2026,Procedure,CMS
00921,Anes px male genitalia vasec,0.0,2026,Procedure,CMS
00922,Anes px male gent sem ves,0.0,2026,Procedure,CMS
00924,Anes male gent undscnd tstis,0.0,2026,Procedure,CMS
00926,Anes male gent rad orch ing,0.0,2026,Procedure,CMS
00928,Anes male gent rad orch abd,0.0,2026,Procedure,CMS
00930,Anes px male gent orchiopexy,0.0,2026,Procedure,CMS
00932,Anes male gent compl amp pns,0.0,2026,Procedure,CMS
00934,Anes rad amp penis ingun lym,0.0,2026,Procedure,CMS
00936,Anes rad amp pns ingun&ilac,0.0,2026,Procedure,CMS
00938,Anes insj penile prosthesis,0.0,2026,Procedure,CMS
00940,Anes vaginal px nos,0.0,2026,Procedure,CMS
00942,Anes vag px clptmy vgnc clpr,0.0,2026,Procedure,CMS
00944,Anes vag px vag hysterectomy,0.0,2026,Procedure,CMS
00948,Anes vag px crv cerclage,0.0,2026,Procedure,CMS
00950,Anes vag px culdoscopy,0.0,2026,Procedure,CMS
00952,Anes vag px hystsc&/hsg,0.0,2026,Procedure,CMS
0095T,Rmvl artific disc addl crvcl,0.0,2026,Procedure,CMS
0098T,Rev artific disc addl,0.0,2026,Procedure,CMS
0100T,Prosth retina receive&gen,0.0,2026,Procedure,CMS
0101T,Esw muscskel sys nos,0.0,2026,Procedure,CMS
0102T,Esw phy anes lat hmrl epcndl,0.0,2026,Procedure,CMS
0106T,Touch quant sensory test,0.0,2026,Procedure,CMS
0107T,Vibrate quant sensory test,0.0,2026,Procedure,CMS
0108T,Cool quant sensory test,0.0,2026,Procedure,CMS
0109T,Heat quant sensory test,0.0,2026,Procedure,CMS
0110T,Nos quant sensory test,0.0,2026,Procedure,CMS
01112,Anes bone marrow aspir&/bx,0.0,2026,Procedure,CMS
01120,Anes px on bony pelvis,0.0,2026,Procedure,CMS
01130,Anes body cast appl/revj,0.0,2026,Procedure,CMS
01140,Anes ntrplvabdmnl amputation,0.0,2026,Procedure,CMS
01150,Anes rad px tumor of pelvis,0.0,2026,Procedure,CMS
01160,Anes clsd px symph pub/si jt,0.0,2026,Procedure,CMS
01170,Anes opn px symph pub/si jt,0.0,2026,Procedure,CMS
01173,Anes opn rpr fx disrpj plvs,0.0,2026,Procedure,CMS
01200,Anes all closed px hip joint,0.0,2026,Procedure,CMS
01202,Anes arthroscopic px hip jt,0.0,2026,Procedure,CMS
01210,Anes open px hip joint nos,0.0,2026,Procedure,CMS
01212,Anes open px hip jt disrtcj,0.0,2026,Procedure,CMS
01214,Anes open px tot hip arthrp,0.0,2026,Procedure,CMS
01215,Anes opn revj tot hip arthrp,0.0,2026,Procedure,CMS
01220,Anes clsd px upper 2/3 femur,0.0,2026,Procedure,CMS
01230,Anes opn upper 2/3 femur nos,0.0,2026,Procedure,CMS
01232,Anes opn px upr 2/3 fem amp,0.0,2026,Procedure,CMS
01234,Anes opn upr 2/3 fem rad res,0.0,2026,Procedure,CMS
01250,Anes all px nrv musc upr leg,0.0,2026,Procedure,CMS
01260,Anes all px veins upper leg,0.0,2026,Procedure,CMS
01270,Anes px arteries upr leg nos,0.0,2026,Procedure,CMS
01272,Anes px art femoral art lig,0.0,2026,Procedure,CMS
01274,Anes px art fem art emblc,0.0,2026,Procedure,CMS
01320,Anes all px nrv msc kne&/pop,0.0,2026,Procedure,CMS
01340,Anes clsd px lower 1/3 femur,0.0,2026,Procedure,CMS
01360,Anes open px lower 1/3 femur,0.0,2026,Procedure,CMS
01380,Anes all clsd px knee joint,0.0,2026,Procedure,CMS
01382,Anes dx arthrs px knee jt,0.0,2026,Procedure,CMS
01390,Anes cls px upr tib fib&/pat,0.0,2026,Procedure,CMS
01392,Anes opn px upr tib fib&/pat,0.0,2026,Procedure,CMS
01400,Anes opn/arthrs knee jt nos,0.0,2026,Procedure,CMS
01402,Anes opn/arth tot kne arthrp,0.0,2026,Procedure,CMS
01404,Anes opn/arthrs disrtcj knee,0.0,2026,Procedure,CMS
01420,Anes cst appl rmv/rpr kne jt,0.0,2026,Procedure,CMS
01430,Anes px veins knee&pop nos,0.0,2026,Procedure,CMS
01432,Anes px vn knee&pop av fstl,0.0,2026,Procedure,CMS
01440,Anes px art knee&pop nos,0.0,2026,Procedure,CMS
01442,Anes px art knee&pop teaec,0.0,2026,Procedure,CMS
01444,Anes px art knee&pop exc&grf,0.0,2026,Procedure,CMS
01462,Anes clsd px lower l/a/f,0.0,2026,Procedure,CMS
01464,Anes arthrs px ankle&/foot,0.0,2026,Procedure,CMS
01470,Anes px nrv msc lw l/a/f nos,0.0,2026,Procedure,CMS
01472,Anes rpr rpt achilles tendon,0.0,2026,Procedure,CMS
01474,Anes gastrocnemius recession,0.0,2026,Procedure,CMS
01480,Anes open px lower l/a/f nos,0.0,2026,Procedure,CMS
01482,Anes opn lwr l/a/f rad rescj,0.0,2026,Procedure,CMS
01484,Anes opn lw l/a/f oste/ostpl,0.0,2026,Procedure,CMS
01486,Anes open total ankle rplcmt,0.0,2026,Procedure,CMS
01490,Anes lwr leg cst app rmv/rpr,0.0,2026,Procedure,CMS
01500,Anes px art lower leg nos,0.0,2026,Procedure,CMS
01502,Anes px art lower leg emblc,0.0,2026,Procedure,CMS
01520,Anes px veins lower leg nos,0.0,2026,Procedure,CMS
01522,Anes px vn lwr leg ven thrmb,0.0,2026,Procedure,CMS
01610,Anes all px nrv musc sho&ax,0.0,2026,Procedure,CMS
01620,Anes clsd px shoulder joint,0.0,2026,Procedure,CMS
01622,Anes dx arthr px shoulder jt,0.0,2026,Procedure,CMS
01630,Anes opn/arthr px sho jt nos,0.0,2026,Procedure,CMS
01634,Anes open/arthrs sho disrtcj,0.0,2026,Procedure,CMS
01636,Anes open/arthr ntrthrc amp,0.0,2026,Procedure,CMS
01638,Anes opn/arthr tot sho rplcm,0.0,2026,Procedure,CMS
0164T,Remove lumb artif disc addl,0.0,2026,Procedure,CMS
01650,Anes art sho&ax nos,0.0,2026,Procedure,CMS
01652,Anes art sho&ax ax-brch arsm,0.0,2026,Procedure,CMS
01654,Anes art sho&ax bypass grf,0.0,2026,Procedure,CMS
01656,Anes art sho&ax ax-fem bpg,0.0,2026,Procedure,CMS
0165T,Revise lumb artif disc addl,0.0,2026,Procedure,CMS
01670,Anes all px vn shoulder&ax,0.0,2026,Procedure,CMS
01680,Anes sho cast appl rmvl/rpr,0.0,2026,Procedure,CMS
01710,Anes px nrv musc upr a&e nos,0.0,2026,Procedure,CMS
01712,Anes px nrv msc upr a&e tnot,0.0,2026,Procedure,CMS
01714,Anes nrv msc upr a&e tnplsty,0.0,2026,Procedure,CMS
01716,Anes nrv msc upr a&e tndsis,0.0,2026,Procedure,CMS
01730,Anes clsd px humerus&elbow,0.0,2026,Procedure,CMS
01732,Anes dx arthrs px elbow jt,0.0,2026,Procedure,CMS
01740,Anes opn/arthrs px elbw nos,0.0,2026,Procedure,CMS
01742,Anes opn/arthrs elbw osteot,0.0,2026,Procedure,CMS
01744,Anes opn/arthrs elbw rpr hum,0.0,2026,Procedure,CMS
0174T,Cad cxr with interp,0.0,2026,Procedure,CMS
01756,Anes opn/arthrs elbw rad px,0.0,2026,Procedure,CMS
01758,Anes opn/arthrs elbw exc cst,0.0,2026,Procedure,CMS
0175T,Cad cxr remote,0.0,2026,Procedure,CMS
01760,Anes opn/arthr elb tot rplct,0.0,2026,Procedure,CMS
01770,Anes px art upr arm&elbw nos,0.0,2026,Procedure,CMS
01772,Anes art upr arm&elbw emblc,0.0,2026,Procedure,CMS
01780,Anes px vn upr arm&elbw nos,0.0,2026,Procedure,CMS
01782,Anes vn upr arm&elbw phlbrpy,0.0,2026,Procedure,CMS
01810,Anes px nrv musc f/arm wrst,0.0,2026,Procedure,CMS
01820,Anes clsd px rds u/w/h bones,0.0,2026,Procedure,CMS
01829,Anes dx arthroscopic px wrst,0.0,2026,Procedure,CMS
01830,Anes arthr/ndsc wrst/hnd nos,0.0,2026,Procedure,CMS
01832,Anes arthr/ndsc tot wrst rpl,0.0,2026,Procedure,CMS
01840,Anes art f/arm wrst&hnd nos,0.0,2026,Procedure,CMS
01842,Anes art farm wrst&hnd emblc,0.0,2026,Procedure,CMS
01844,Anes vasc shunt/shunt revj,0.0,2026,Procedure,CMS
0184T,Exc rectal tumor endoscopic,0.0,2026,Procedure,CMS
01850,Anes vein f/arm wrst&hnd nos,0.0,2026,Procedure,CMS
01852,Anes px vn f/arm phlbrrhaphy,0.0,2026,Procedure,CMS
01860,Anes forearm wrist/hand cast,0.0,2026,Procedure,CMS
01916,Anes dx arteriography/vngrph,0.0,2026,Procedure,CMS
01920,Anes cardiac catheterization,0.0,2026,Procedure,CMS
01922,Anes n-invas img/radj ther,0.0,2026,Procedure,CMS
01924,Anes ther ivntl rad artl nos,0.0,2026,Procedure,CMS
01925,Anes ivntl rad artl crtd/c,0.0,2026,Procedure,CMS
01926,Anes ivntl rad icr icar/aort,0.0,2026,Procedure,CMS
01930,Anes ther ivntl rad ven nos,0.0,2026,Procedure,CMS
01931,Anes ivnt rad ntrhpt/prt crc,0.0,2026,Procedure,CMS
01932,Anes th ivnt rad ntrthrc/jug,0.0,2026,Procedure,CMS
01933,Anes ther ivntl rad px icr,0.0,2026,Procedure,CMS
01937,Anes drg/aspir crv/thrc,0.0,2026,Procedure,CMS
01938,Anes drg/aspir lmbr/sac,0.0,2026,Procedure,CMS
01939,Anes nulyt agt crv/thrc,0.0,2026,Procedure,CMS
01940,Anes nulyt agt lmbr/sac,0.0,2026,Procedure,CMS
01941,Anes neuromd/ntrvrt crv/thrc,0.0,2026,Procedure,CMS
01942,Anes neuromd/ntrvrt lmbr/sac,0.0,2026,Procedure,CMS
01951,Anes 2&3 burn less 4 % tbsa,0.0,2026,Procedure,CMS
01952,Anes 2&3 burn 4-9% tbsa,0.0,2026,Procedure,CMS
01953,Anes 2&3 burn ea add 9% tbsa,0.0,2026,Procedure,CMS
01958,Anes xtrnl cephalic version,0.0,2026,Procedure,CMS
01960,Anes vaginal delivery only,0.0,2026,Procedure,CMS
01961,Anes cesarean delivery only,0.0,2026,Procedure,CMS
01962,Anes urgent hysterectomy,0.0,2026,Procedure,CMS
01963,Anes cesarean hysterectomy,0.0,2026,Procedure,CMS
01965,Anes incompl/missed ab px,0.0,2026,Procedure,CMS
01966,Anes induced abortion px,0.0,2026,Procedure,CMS
01967,Neuraxl lbr anes vag dlvr,0.0,2026,Procedure,CMS
01968,Anes/analg cs dlvr neuraxial,0.0,2026,Procedure,CMS
01969,Anes c hyst flwg neuraxial,0.0,2026,Procedure,CMS
0198T,Ocular blood flow measure,0.0,2026,Procedure,CMS
01990,Physiol support hrvg organs,0.0,2026,Procedure,CMS
01991,Anes dx/ther nrv blk&inj oth,0.0,2026,Procedure,CMS
01992,Anes dx/ther nrv blk&inj prn,0.0,2026,Procedure,CMS
01996,Dly hosp mgmt edrl rx admin,0.0,2026,Procedure,CMS
01999,Unlisted anes procedure,0.0,2026,Procedure,CMS
0200T,Perq sacral augmt unilat inj,0.0,2026,Procedure,CMS
0201T,Perq sacral augmt bilat inj,0.0,2026,Procedure,CMS
0202T,Post vert arthrplst 1 lumbar,0.0,2026,Procedure,CMS
0207T,Clear eyelid gland w/heat,0.0,2026,Procedure,CMS
0208T,Audiometry air only,0.0,2026,Procedure,CMS
0209T,Audiometry air & bone,0.0,2026,Procedure,CMS
0210T,Speech audiometry threshold,0.0,2026,Procedure,CMS
0211T,Speech audiom thresh & recog,0.0,2026,Procedure,CMS
0212T,Compre audiometry evaluation,0.0,2026,Procedure,CMS
0213T,Njx paravert w/us cer/thor,0.0,2026,Procedure,CMS
0214T,Njx paravert w/us cer/thor,0.0,2026,Procedure,CMS
0215T,Njx paravert w/us cer/thor,0.0,2026,Procedure,CMS
0216T,Njx paravert w/us lumb/sac,0.0,2026,Procedure,CMS
0217T,Njx paravert w/us lumb/sac,0.0,2026,Procedure,CMS
0218T,Njx paravert w/us lumb/sac,0.0,2026,Procedure,CMS
0219T,Plmt post facet implt cerv,0.0,2026,Procedure,CMS
0220T,Plmt post facet implt thor,0.0,2026,Procedure,CMS
0221T,Plmt post facet implt lumb,0.0,2026,Procedure,CMS
0222T,Plmt post facet implt addl,0.0,2026,Procedure,CMS
0232T,Njx platelet plasma,0.0,2026,Procedure,CMS
0234T,Trluml perip athrc renal art,0.0,2026,Procedure,CMS
0235T,Trluml perip athrc visceral,0.0,2026,Procedure,CMS
0236T,Trluml perip athrc abd aorta,0.0,2026,Procedure,CMS
0237T,Trluml perip athrc brchiocph,0.0,2026,Procedure,CMS
0238T,Trluml perip athrc iliac art,0.0,2026,Procedure,CMS
0253T,Insert aqueous drain device,0.0,2026,Procedure,CMS
0263T,Im b1 mrw cel ther cmpl,0.0,2026,Procedure,CMS
0264T,Im b1 mrw cel ther xcl hrvst,0.0,2026,Procedure,CMS
0265T,Im b1 mrw cel ther hrvst onl,0.0,2026,Procedure,CMS
0274T,Prq lamot/lam dcmpr crv/thrc,0.0,2026,Procedure,CMS
0278T,Tempr,0.0,2026,Procedure,CMS
0308T,Insj ocular telescope prosth,0.0,2026,Procedure,CMS
0329T,Mntr io press 24hrs/> uni/bi,0.0,2026,Procedure,CMS
0330T,Tear film img uni/bi w/i&r,0.0,2026,Procedure,CMS
0331T,Heart symp image plnr,0.0,2026,Procedure,CMS
0332T,Heart symp image plnr spect,0.0,2026,Procedure,CMS
0333T,Visual ep scr acuity auto,0.0,2026,Procedure,CMS
0335T,Insj sinus tarsi implant,0.0,2026,Procedure,CMS
0338T,Trnscth renal symp denrv unl,0.0,2026,Procedure,CMS
0339T,Trnscth renal symp denrv bil,0.0,2026,Procedure,CMS
0342T,Thxp apheresis w/hdl delip,0.0,2026,Procedure,CMS
0345T,Transcath mtral vlve repair,0.0,2026,Procedure,CMS
0347T,Ins bone device for rsa,0.0,2026,Procedure,CMS
0348T,Rsa spine exam,0.0,2026,Procedure,CMS
0349T,Rsa upper extr exam,0.0,2026,Procedure,CMS
0350T,Rsa lower extr exam,0.0,2026,Procedure,CMS
0351T,Intraop oct brst/node spec,0.0,2026,Procedure,CMS
0352T,Oct brst/node i&r per spec,0.0,2026,Procedure,CMS
0353T,Intraop oct breast cavity,0.0,2026,Procedure,CMS
0354T,Oct breast surg cavity i&r,0.0,2026,Procedure,CMS
0358T,Bia whole body,0.0,2026,Procedure,CMS
0362T,Bhv id suprt assmt ea 15 min,0.0,2026,Procedure,CMS
0373T,Adapt bhv tx ea 15 min,0.0,2026,Procedure,CMS
0378T,Visual field assmnt rev/rprt,0.0,2026,Procedure,CMS
0379T,Vis field assmnt tech suppt,0.0,2026,Procedure,CMS
0395T,Hdr elctr ntrst/ntrcv brchtx,0.0,2026,Procedure,CMS
0397T,Ercp w/optical endomicroscpy,0.0,2026,Procedure,CMS
0402T,Colgn crs-link crn&pachymtry,0.0,2026,Procedure,CMS
0403T,Diabetes prev standard curr,0.0,2026,Procedure,CMS
0408T,Insj/rplc cardiac modulj sys,0.0,2026,Procedure,CMS
0409T,Insj/rplc car modulj pls gn,0.0,2026,Procedure,CMS
0410T,Insj/rplc car modulj atr elt,0.0,2026,Procedure,CMS
0411T,Insj/rplc car modulj vnt elt,0.0,2026,Procedure,CMS
0412T,Rmvl cardiac modulj pls gen,0.0,2026,Procedure,CMS
0413T,Rmvl car modulj tranvns elt,0.0,2026,Procedure,CMS
0414T,Rmvl & rpl car modulj pls gn,0.0,2026,Procedure,CMS
0415T,Repos car modulj tranvns elt,0.0,2026,Procedure,CMS
0416T,Reloc skin pocket pls gen,0.0,2026,Procedure,CMS
0417T,Prgrmg eval cardiac modulj,0.0,2026,Procedure,CMS
0418T,Interro eval cardiac modulj,0.0,2026,Procedure,CMS
0419T,Dstrj neurofibroma xtnsv,0.0,2026,Procedure,CMS
0420T,Dstrj neurofibroma xtnsv,0.0,2026,Procedure,CMS
0422T,Tactile breast img uni/bi,0.0,2026,Procedure,CMS
0437T,Impltj synth rnfcmt abdl wal,0.0,2026,Procedure,CMS
0439T,Myocrd contrast prfuj echo,0.0,2026,Procedure,CMS
0440T,Abltj perc uxtr/perph nrv,0.0,2026,Procedure,CMS
0441T,Abltj perc lxtr/perph nrv,0.0,2026,Procedure,CMS
0442T,Abltj perc plex/trncl nrv,0.0,2026,Procedure,CMS
0443T,R-t spctrl alys prst8 tiss,0.0,2026,Procedure,CMS
0444T,1st plmt drug elut oc ins,0.0,2026,Procedure,CMS
0445T,Sbsqt plmt drug elut oc ins,0.0,2026,Procedure,CMS
0446T,Insj impltbl glucose sensor,1.11,2026,Procedure,CMS
0447T,Rmvl impltbl glucose sensor,1.31,2026,Procedure,CMS
0448T,Remvl insj impltbl gluc sens,1.86,2026,Procedure,CMS
0449T,Insj aqueous drain dev 1st,0.0,2026,Procedure,CMS
0450T,Insj aqueous drain dev each,0.0,2026,Procedure,CMS
0464T,Visual ep test for glaucoma,0.0,2026,Procedure,CMS
0469T,Rta polarize scan oc scr bi,0.0,2026,Procedure,CMS
0472T,Prgrmg io rta eltrd ra,0.0,2026,Procedure,CMS
0473T,Reprgrmg io rta eltrd ra,0.0,2026,Procedure,CMS
0474T,Insj aqueous drg dev io rsvr,0.0,2026,Procedure,CMS
0479T,Fxjl abl lsr 1st 100 sq cm,0.0,2026,Procedure,CMS
0480T,Fxjl abl lsr ea addl 100sqcm,0.0,2026,Procedure,CMS
0481T,Njx autol wbc concentrate,0.0,2026,Procedure,CMS
0483T,Tmvi percutaneous approach,0.0,2026,Procedure,CMS
0484T,Tmvi transthoracic exposure,0.0,2026,Procedure,CMS
0485T,Oct mid ear i&r unilateral,0.0,2026,Procedure,CMS
0486T,Oct mid ear i&r bilateral,0.0,2026,Procedure,CMS
0488T,Diabetes prev online/elec,0.0,2026,Procedure,CMS
0489T,Regn cell tx scldr hands,0.0,2026,Procedure,CMS
0490T,Regn cell tx scldr h mlt inj,0.0,2026,Procedure,CMS
0494T,Prep & cannulj cdvr don lung,0.0,2026,Procedure,CMS
0495T,Mntr cdvr don lng 1st 2 hrs,0.0,2026,Procedure,CMS
0496T,Mntr cdvr don lng ea addl hr,0.0,2026,Procedure,CMS
0500F,Initial prenatal care visit,0.0,2026,Procedure,CMS
0501F,Prenatal flow sheet,0.0,2026,Procedure,CMS
0502F,Subsequent prenatal care,0.0,2026,Procedure,CMS
0503F,Postpartum care visit,0.0,2026,Procedure,CMS
0505F,Hemodialysis plan docd,0.0,2026,Procedure,CMS
0505T,Ev fempop artl revsc,0.0,2026,Procedure,CMS
0506T,Mac pgmt opt dns meas hfp,0.0,2026,Procedure,CMS
0507F,Periton dialysis plan docd,0.0,2026,Procedure,CMS
0507T,Near ifr 2img mibmn glnd i&r,0.0,2026,Procedure,CMS
0509F,Urine incon plan docd,0.0,2026,Procedure,CMS
0509T,Pattern erg w/i&r,0.39,2026,Procedure,CMS
0510T,Rmvl sinus tarsi implant,0.0,2026,Procedure,CMS
0511T,Rmvl&rinsj sinus tarsi implt,0.0,2026,Procedure,CMS
0512T,Esw integ wnd hlg 1st wnd,0.0,2026,Procedure,CMS
0513F,Elev bp plan of care docd,0.0,2026,Procedure,CMS
0513T,Esw integ wnd hlg ea addl,0.0,2026,Procedure,CMS
0514F,Care plan hgb docd esa pt,0.0,2026,Procedure,CMS
0515T,Insj wcs lv compl sys,0.0,2026,Procedure,CMS
0516F,Anemia plan of care docd,0.0,2026,Procedure,CMS
0516T,Insj wcs lv eltrd only,0.0,2026,Procedure,CMS
0517F,Glaucoma plan of care docd,0.0,2026,Procedure,CMS
0517T,Insj wcs lv both compnt pg,0.0,2026,Procedure,CMS
0518F,Fall plan of care docd,0.0,2026,Procedure,CMS
0518T,Rmvl pg wcs lv battery only,0.0,2026,Procedure,CMS
0519F,Pland chemo docd b/4 txmnt,0.0,2026,Procedure,CMS
0519T,Rmv&rplcmt pg wcs lv both,0.0,2026,Procedure,CMS
0520F,Rad dos limts b/4 3d rad,0.0,2026,Procedure,CMS
0520T,Rmv&rplcmt pg wcs lv battery,0.0,2026,Procedure,CMS
0521F,Plan of care 4 pain docd,0.0,2026,Procedure,CMS
0521T,Interrog dev eval wcs ip,0.0,2026,Procedure,CMS
0522T,Prgrmg dev eval wcs ip,0.0,2026,Procedure,CMS
0523T,Ntrapx c ffr w/3d funcjl map,0.0,2026,Procedure,CMS
0524T,Ev cath dir chem abltj w/img,0.0,2026,Procedure,CMS
0525F,Initial visit for episode,0.0,2026,Procedure,CMS
0525T,Insj/rplcmt compl iims,0.0,2026,Procedure,CMS
0526F,Subs visit for episode,0.0,2026,Procedure,CMS
0526T,Insj/rplcmt iims eltrd only,0.0,2026,Procedure,CMS
0527T,Insj/rplcmt iims implt mntr,0.0,2026,Procedure,CMS
0528F,Rcmnd flw-up 10 yrs docd,0.0,2026,Procedure,CMS
0528T,Prgrmg dev eval iims ip,0.0,2026,Procedure,CMS
0529F,Intrvl 3/>yr pts clnscp docd,0.0,2026,Procedure,CMS
0529T,Interrog dev eval iims ip,0.0,2026,Procedure,CMS
0530T,Removal complete iims,0.0,2026,Procedure,CMS
0531T,Removal iims electrode only,0.0,2026,Procedure,CMS
0532T,Removal iims implt mntr only,0.0,2026,Procedure,CMS
0535F,Dyspnea mngmnt plan docd,0.0,2026,Procedure,CMS
0540F,Gluco mngmnt plan docd,0.0,2026,Procedure,CMS
0541T,Myocardial imaging mcg,0.0,2026,Procedure,CMS
0542T,Myocardial imaging mcg i&r,0.0,2026,Procedure,CMS
0543T,Ta mv rpr w/artif chord tend,0.0,2026,Procedure,CMS
0544T,Tcat mv annulus rcnstj,0.0,2026,Procedure,CMS
0545F,Follow up care plan mdd docd,0.0,2026,Procedure,CMS
0545T,Tcat tv annulus rcnstj,0.0,2026,Procedure,CMS
0546T,Rf spectrsc ntraop mrgn asmt,0.0,2026,Procedure,CMS
0547T,B1 matrl qual tst mcrind tib,0.0,2026,Procedure,CMS
0550F,Cytopath report nongyn spcmn,0.0,2026,Procedure,CMS
0551F,Cytopath report non routine,0.0,2026,Procedure,CMS
0552T,Low-level laser therapy,0.0,2026,Procedure,CMS
0554T,B1 str & fx rsk analysis,0.0,2026,Procedure,CMS
0555F,Symptom mgmnt plan care docd,0.0,2026,Procedure,CMS
0555T,B1 str&fx rsk transmis data,0.0,2026,Procedure,CMS
0556F,Plan care lipid control docd,0.0,2026,Procedure,CMS
0556T,B1 str & fx rsk assessment,0.0,2026,Procedure,CMS
0557F,Plan caremng angnl symptdocd,0.0,2026,Procedure,CMS
0557T,B1 str & fx rsk i&r,0.0,2026,Procedure,CMS
0558T,Ct scan f/biomchn ct alys,0.0,2026,Procedure,CMS
0559T,Antmc mdl 3d print 1st cmpnt,0.0,2026,Procedure,CMS
0560T,Antmc mdl 3d print ea addl,0.0,2026,Procedure,CMS
0561T,Antmc guide 3d print 1st gd,0.0,2026,Procedure,CMS
0562T,Antmc guide 3d print ea addl,0.0,2026,Procedure,CMS
0563T,Evac meibomian glnd heat bi,0.0,2026,Procedure,CMS
0565T,Autol cell implt adps hrvg,0.0,2026,Procedure,CMS
0566T,Autol cell implt adps njx,0.0,2026,Procedure,CMS
0569T,Ttvr perq appr 1st prosth,0.0,2026,Procedure,CMS
0570T,Ttvr perq ea addl prosth,0.0,2026,Procedure,CMS
0571T,Insj/rplcmt icds ss eltrd,0.0,2026,Procedure,CMS
0572T,Insertion ss dfb electrode,0.0,2026,Procedure,CMS
0573T,Removal ss dfb electrode,0.0,2026,Procedure,CMS
0574T,Repos prev ss impl dfb eltrd,0.0,2026,Procedure,CMS
0575F,Hiv rna plan care docd,0.0,2026,Procedure,CMS
0575T,Prgrmg dev eval icds ss ip,0.0,2026,Procedure,CMS
0576T,Interrog dev eval icds ss ip,0.0,2026,Procedure,CMS
0577T,Ephys eval icds ss,0.0,2026,Procedure,CMS
0578T,Rem interrog dev icds phys,0.0,2026,Procedure,CMS
0579T,Rem interrog dev icds tech,0.0,2026,Procedure,CMS
0580F,Multidisciplinary care plan,0.0,2026,Procedure,CMS
0580T,Rmvl ss impl dfb pg only,0.0,2026,Procedure,CMS
0581F,Pt trnsfrd from anesth to cc,0.0,2026,Procedure,CMS
0581T,Abltj mal brst tum perq crtx,0.0,2026,Procedure,CMS
0582F,No trnsfr from anesth to cc,0.0,2026,Procedure,CMS
0582T,Trurl abltj mal prst8 tiss,0.0,2026,Procedure,CMS
0583F,Transfer care checklist used,0.0,2026,Procedure,CMS
0583T,Tmpst auto tube dlvr sys,2.63,2026,Procedure,CMS
0584F,No transfercare chklist used,0.0,2026,Procedure,CMS
0584T,Perq islet cell transplant,0.0,2026,Procedure,CMS
0585T,Laps islet cell transplant,0.0,2026,Procedure,CMS
0586T,Open islet cell transplant,0.0,2026,Procedure,CMS
0587T,Perq impltj/rplcmt isdns ptn,0.0,2026,Procedure,CMS
0588T,Revision/removal isdns ptn,0.0,2026,Procedure,CMS
0589T,Elec alys smpl prgrmg iins,0.0,2026,Procedure,CMS
0590T,Elec alys cplx prgrmg iins,0.0,2026,Procedure,CMS
0591T,Hlth&wb coaching indiv 1st,0.0,2026,Procedure,CMS
0592T,Hlth&wb coaching indiv f-up,0.0,2026,Procedure,CMS
0593T,Hlth&wb coaching group,0.0,2026,Procedure,CMS
0594T,Osteot hum xtrnl lngth dev,0.0,2026,Procedure,CMS
0596T,Temp fml iu vlv-pmp 1st insj,2.37,2026,Procedure,CMS
0597T,Temp fml iu valve-pmp rplcmt,1.02,2026,Procedure,CMS
0598T,R-t fluor wound img 1st site,0.0,2026,Procedure,CMS
0599T,R-t fluor wound img ea addl,0.0,2026,Procedure,CMS
0600T,Ablt ire 1+ o/t lv/prst8 prq,0.0,2026,Procedure,CMS
0601T,Abltj ire 1+tumors open,0.0,2026,Procedure,CMS
0602T,Transdermal gfr measurements,0.0,2026,Procedure,CMS
0603T,Transdermal gfr monitoring,0.0,2026,Procedure,CMS
0604T,Rem oct rta dev setup&educaj,0.0,2026,Procedure,CMS
0605T,Rem oct rta techl sprt min 8,0.0,2026,Procedure,CMS
0606T,Rem oct rta phys/qhp ea 30d,0.0,2026,Procedure,CMS
0607T,Rem mntr pulm flu mntr setup,0.0,2026,Procedure,CMS
0608T,Rem mntr pulm flu mntr alys,0.0,2026,Procedure,CMS
0609T,Mrs disc pain acquisj data,0.0,2026,Procedure,CMS
0610T,Mrs disc pain transmis data,0.0,2026,Procedure,CMS
0611T,Mrs disc pain alg alys data,0.0,2026,Procedure,CMS
0612T,Mrs discogenic pain i&r,0.0,2026,Procedure,CMS
0613T,Perq tcat intratrl septl sht,0.0,2026,Procedure,CMS
0614T,Rmvl&rplcmt ss impl dfb pg,0.0,2026,Procedure,CMS
0615T,Auto alys binocular eye mvmt,0.0,2026,Procedure,CMS
0620T,Evasc ven artlz tibl/prnl vn,0.0,2026,Procedure,CMS
0621T,Trabeculostomy interno laser,0.0,2026,Procedure,CMS
0622T,Trabeculostomy int lsr w/scp,0.0,2026,Procedure,CMS
0627T,Perq njx algc fluor lmbr 1st,0.0,2026,Procedure,CMS
0628T,Perq njx algc fluor lmbr ea,0.0,2026,Procedure,CMS
0629T,Perq njx algc ct lmbr 1st,0.0,2026,Procedure,CMS
0630T,Perq njx algc ct lmbr ea,0.0,2026,Procedure,CMS
0632T,Perq tcat us abltj nrv p-art,0.0,2026,Procedure,CMS
0633T,Ct breast w/3d uni c-,0.0,2026,Procedure,CMS
0634T,Ct breast w/3d uni c+,0.0,2026,Procedure,CMS
0635T,Ct breast w/3d uni c-/c+,0.0,2026,Procedure,CMS
0636T,Ct breast w/3d bi c-,0.0,2026,Procedure,CMS
0637T,Ct breast w/3d bi c+,0.0,2026,Procedure,CMS
0638T,Ct breast w/3d bi c-/c+,0.0,2026,Procedure,CMS
0639T,Wrls skn snr anisotropy meas,0.0,2026,Procedure,CMS
0640T,Ncntc ifr spctrsc o/t pad 1,0.0,2026,Procedure,CMS
0643T,Tcat l ventr rstrj dev implt,0.0,2026,Procedure,CMS
0644T,Tcat rmvl/dblk icar mas perq,0.0,2026,Procedure,CMS
0645T,Tcat impltj c sins rdctj dev,0.0,2026,Procedure,CMS
0646T,Ttvi/rplcmt w/prstc vlv perq,0.0,2026,Procedure,CMS
0647T,Insj gtube perq mag gastrpxy,0.0,2026,Procedure,CMS
0648T,Quan mr tis wo mri 1orgn,0.0,2026,Procedure,CMS
0649T,Quan mr tiss w/mri 1orgn,0.0,2026,Procedure,CMS
0650T,Prgrmg dev eval scrms remote,0.0,2026,Procedure,CMS
0651T,Mag ctrld capsule endoscopy,0.0,2026,Procedure,CMS
0652T,Egd flx transnasal dx br/wa,0.0,2026,Procedure,CMS
0653T,Egd flx transnasal bx 1/mlt,0.0,2026,Procedure,CMS
0654T,Egd flx transnasal tube/cath,0.0,2026,Procedure,CMS
0655T,Tprnl focal abltj mal prst8,0.0,2026,Procedure,CMS
0656T,Ant lmbr vrt bdy teth <7 seg,0.0,2026,Procedure,CMS
0657T,Ant lmbr vrt bdy teth 8+ seg,0.0,2026,Procedure,CMS
0658T,Elec impd spectrsc 1+skn les,0.0,2026,Procedure,CMS
0659T,Tcat intra-c nfs supersat o2,0.0,2026,Procedure,CMS
0660T,Implt ant sgm io nbio rx sys,0.0,2026,Procedure,CMS
0661T,Rmvl&rimpltj ant sgm implt,0.0,2026,Procedure,CMS
0664T,Don hysterectomy open cdvr,0.0,2026,Procedure,CMS
0665T,Don hysterectomy open liv,0.0,2026,Procedure,CMS
0666T,Don hysterectomy laps liv,0.0,2026,Procedure,CMS
0667T,Don hysterectomy rcp uter,0.0,2026,Procedure,CMS
0668T,Bkbench prep don uter algrft,0.0,2026,Procedure,CMS
0669T,Bkbench rcnstj don uter ven,0.0,2026,Procedure,CMS
0670T,Bkbench rcnstj don uter artl,0.0,2026,Procedure,CMS
0671T,Insj ant sgm aq drg dev 1+,0.0,2026,Procedure,CMS
0672T,Ndovag cryg rf remdl tiss,0.0,2026,Procedure,CMS
0673T,Abltj b9 thyr ndul perq lasr,0.0,2026,Procedure,CMS
0674T,Laps insj nw/rpcmt prm isdss,0.0,2026,Procedure,CMS
0675T,Laps insj nw/rpcmt isdss 1ld,0.0,2026,Procedure,CMS
0676T,Laps insj nw/rpcmt isdss ea,0.0,2026,Procedure,CMS
0677T,Laps repos lead isdss 1st ld,0.0,2026,Procedure,CMS
0678T,Laps repos lead isdss ea add,0.0,2026,Procedure,CMS
0679T,Laps rmvl lead isdss,0.0,2026,Procedure,CMS
0680T,Insj/rplcmt pg only isdss,0.0,2026,Procedure,CMS
0681T,Rlcj pulse gen only isdss,0.0,2026,Procedure,CMS
0682T,Removal pulse gen only isdss,0.0,2026,Procedure,CMS
0683T,Prgrmg dev eval isdss ip,0.0,2026,Procedure,CMS
0684T,Peri-px dev eval isdss ip,0.0,2026,Procedure,CMS
0685T,Interrog dev eval isdss ip,0.0,2026,Procedure,CMS
0686T,Histotripsy mal hepatcel tis,0.0,2026,Procedure,CMS
0687T,Tx amblyopia dev setup 1st,0.0,2026,Procedure,CMS
0688T,Tx amblyopia assmt w/report,0.0,2026,Procedure,CMS
0689T,Quan us tis charac w/o dx us,0.0,2026,Procedure,CMS
0690T,Quan us tis charac w/dx us,0.0,2026,Procedure,CMS
0691T,Auto alys xst ct std vrt fx,0.0,2026,Procedure,CMS
0692T,Therapeutic ultrafiltration,0.0,2026,Procedure,CMS
0693T,Compre ful bdy 3d mtn alys,0.0,2026,Procedure,CMS
0694T,3d vol img&rcnstj brst/ax,0.0,2026,Procedure,CMS
0695T,Bdy srf mpg pm/cvdfb tm impl,0.0,2026,Procedure,CMS
0696T,Bdy surf mapg pm/cvdfb f/up,0.0,2026,Procedure,CMS
0697T,Quan mr tis wo mri mlt orgn,0.0,2026,Procedure,CMS
0698T,Quan mr tiss w/mri mlt orgn,0.0,2026,Procedure,CMS
0699T,Njx pst chmbr eye medication,0.0,2026,Procedure,CMS
0700T,Molec fluor img sus nev 1st,0.0,2026,Procedure,CMS
0701T,Molec fluor img sus nev ea,0.0,2026,Procedure,CMS
0704T,Rem tx amblyopia setup&edu,0.0,2026,Procedure,CMS
0705T,Rem tx amblyopia tech sprt,0.0,2026,Procedure,CMS
0706T,Rem tx amblyopia i&r phy/qhp,0.0,2026,Procedure,CMS
0707T,Njx b1 sub mtrl sbchdrl dfct,0.0,2026,Procedure,CMS
0708T,Id ca immntx prep & 1st njx,0.0,2026,Procedure,CMS
0709T,Id ca immntx each addl njx,0.0,2026,Procedure,CMS
0710T,N-invas artl plaq alys,0.0,2026,Procedure,CMS
0711T,N-nvs artl plaq alys dat prp,0.0,2026,Procedure,CMS
0712T,N-nvs artl plaq alys quan,0.0,2026,Procedure,CMS
0713T,N-nvs artl plaq alys rvw i&r,0.0,2026,Procedure,CMS
0714T,Tpla b9 prst8 hyprplsa<50ml,0.0,2026,Procedure,CMS
0716T,Car acous wavfrm rec cad rsk,0.0,2026,Procedure,CMS
0717T,Adrc ther prtl rc tear,0.0,2026,Procedure,CMS
0718T,Adrc ther prtl rc tear njx,0.0,2026,Procedure,CMS
0719T,Pst vrt jt rplcmt lmbr 1 sgm,0.0,2026,Procedure,CMS
0721T,Quan ct tiss charac w/o ct,0.0,2026,Procedure,CMS
0722T,Quan ct tiss charac w/ct,0.0,2026,Procedure,CMS
0723T,Qmrcp w/o dx mri sm anat ses,0.0,2026,Procedure,CMS
0724T,Qmrcp w/dx mri same anatomy,0.0,2026,Procedure,CMS
0725T,Vestibular dev impltj uni,0.0,2026,Procedure,CMS
0726T,Rmvl implt vstibular dev uni,0.0,2026,Procedure,CMS
0727T,Rmvl&rplcmt implt vstblr dev,0.0,2026,Procedure,CMS
0728T,Dx alys vstblr implt uni 1st,0.0,2026,Procedure,CMS
0729T,Dx alys vstblr implt uni sbq,0.0,2026,Procedure,CMS
0730T,Trabeculotomy lsr w/oct gdn,0.0,2026,Procedure,CMS
0731T,Augmnt ai-based fcl phnt a/r,0.0,2026,Procedure,CMS
0732T,Immntx admn electroporatn im,0.0,2026,Procedure,CMS
0733T,Rem r-t mtn nrehab ther sply,0.0,2026,Procedure,CMS
0734T,Rem r-t mtn nrehab tx mgmt,0.0,2026,Procedure,CMS
0735T,Prep tum cav iort prim crnot,0.0,2026,Procedure,CMS
0736T,Colonic lavage 35+l water,0.0,2026,Procedure,CMS
0737T,Xenograft impltj artclr surf,0.0,2026,Procedure,CMS
0738T,Tx pln mag fld abltj prst8,0.0,2026,Procedure,CMS
0739T,Abltj mal prst8 mag fld ndct,0.0,2026,Procedure,CMS
0740T,Rem auton alg nsln cal setup,0.0,2026,Procedure,CMS
0741T,Rem auton alg nsln data coll,0.0,2026,Procedure,CMS
0742T,Aqmbf spect xers/strs & rest,0.0,2026,Procedure,CMS
0743T,B1 str & fx rsk vrt fx assmt,0.0,2026,Procedure,CMS
0744T,Insj bioprostc vlv fem vn,0.0,2026,Procedure,CMS
0745T,Car ablt rad arr n-invas loc,0.0,2026,Procedure,CMS
0746T,Car ablt rad arr cnv loc map,0.0,2026,Procedure,CMS
0747T,Car ablt rad arrhyt dlvr rad,0.0,2026,Procedure,CMS
0748T,Njx stm cl prdct anl sft tis,0.0,2026,Procedure,CMS
0749T,B1 str&fx rsk assmt dxr-bmd,0.0,2026,Procedure,CMS
0750T,B1 str&fx rsk asmt dxrbmd1vw,0.0,2026,Procedure,CMS
0751T,Dgtz gls mcrscp sld level ii,0.0,2026,Procedure,CMS
0752T,Dgtz gls mcrscp sld lvl iii,0.0,2026,Procedure,CMS
0753T,Dgtz gls mcrscp sld level iv,0.0,2026,Procedure,CMS
0754T,Dgtz gls mcrscp sld level v,0.0,2026,Procedure,CMS
0755T,Dgtz gls mcrscp sld level vi,0.0,2026,Procedure,CMS
0756T,Dgtz gls mcrscp sld spc grpi,0.0,2026,Procedure,CMS
0757T,Dgtz gls mcrscp sl spc grpii,0.0,2026,Procedure,CMS
0758T,Dgtz gls mcrscp sl spc hchem,0.0,2026,Procedure,CMS
0759T,Dgtz gls mcrscp sl sp grpiii,0.0,2026,Procedure,CMS
0760T,Dgtz gls mcrscp sl imm 1st,0.0,2026,Procedure,CMS
0761T,Dgtz gls mcrscp sl imm ea 1,0.0,2026,Procedure,CMS
0762T,Dgtz gls mcrscp sl imm ea m,0.0,2026,Procedure,CMS
0763T,Dgtz gls mcrscp mphmtrc alys,0.0,2026,Procedure,CMS
0764T,Asstv alg ecg rsk asmt cncrt,0.0,2026,Procedure,CMS
0765T,Asstv alg ecg rsk asmt prev,0.0,2026,Procedure,CMS
0766T,Tc mag stimj pn 1st nerve,0.0,2026,Procedure,CMS
0767T,Tc mag stimj pn ea addl nrv,0.0,2026,Procedure,CMS
0770T,Vr technology assist therapy,0.0,2026,Procedure,CMS
0771T,Vr px dissoc svc sm phy 1st,0.0,2026,Procedure,CMS
0772T,Vr px dissoc svc sm phy ea,0.0,2026,Procedure,CMS
0773T,Vr px dissoc svc oth phy 1st,0.0,2026,Procedure,CMS
0774T,Vr px dissoc svc oth phy ea,0.0,2026,Procedure,CMS
0776T,Ther indctj ntrabrn hypthrm,0.0,2026,Procedure,CMS
0777T,R-t prs sensing edrl gdn sys,0.0,2026,Procedure,CMS
0778T,Smmg cncrnt appl imu snr,0.0,2026,Procedure,CMS
0779T,Gi myoelectrical actv study,0.0,2026,Procedure,CMS
0780T,Instlj fecal microbiota ssp,0.0,2026,Procedure,CMS
0781T,Brnchsc rf dstrj pulm nrv bi,0.0,2026,Procedure,CMS
0782T,Brnchsc rf dstrj plm nrv uni,0.0,2026,Procedure,CMS
0783T,Tc auriculr neurostimulation,0.0,2026,Procedure,CMS
0784T,Ins/rplmt eltrd ra spi nstim,0.0,2026,Procedure,CMS
0785T,Revj/rmvl nea spi w/nstim,0.0,2026,Procedure,CMS
0786T,Insj/rplcmt prq ra sac nstim,0.0,2026,Procedure,CMS
0787T,Revj/rmvl nea sac w/nstim,0.0,2026,Procedure,CMS
0788T,Elec aly smp iins sp/sac nrv,0.0,2026,Procedure,CMS
0789T,Elec aly cpx iins sp/sac nrv,0.0,2026,Procedure,CMS
0790T,Revj rplcmt/rmvl vrt tethrg,0.0,2026,Procedure,CMS
0791T,Motr cog vr gait train ea 15,0.0,2026,Procedure,CMS
0792T,Appl slvr diamn fluoride 38%,0.0,2026,Procedure,CMS
0793T,Prq tcat thrm ablt nrv p-art,0.0,2026,Procedure,CMS
0794T,Pt spec alg rx-onc tx option,0.0,2026,Procedure,CMS
0795T,Tcat ins 2chmbr ldls pm cmpl,0.0,2026,Procedure,CMS
0796T,Tcat ins 2chmbr ldls pm ra,0.0,2026,Procedure,CMS
0797T,Tcat ins 2chmbr ldls pm rv,0.0,2026,Procedure,CMS
0798T,Tcat rmv 2chmbr ldls pm cmpl,0.0,2026,Procedure,CMS
0799T,Tcat rmvl 2chmbr ldls pm ra,0.0,2026,Procedure,CMS
0800T,Tcat rmvl 2chmbr ldls pm rv,0.0,2026,Procedure,CMS
0801T,Tcat rmv&rpl 2chmbr ldls pm,0.0,2026,Procedure,CMS
0802T,Tcat rmv&rpl2chmb ldls pm ra,0.0,2026,Procedure,CMS
0803T,Tcat rmv&rpl2chmb ldls pm rv,0.0,2026,Procedure,CMS
0804T,Prgrmg evl ldls pm 2chmbr ip,0.0,2026,Procedure,CMS
0805T,Tcat s&ivc prstc vl impl prq,0.0,2026,Procedure,CMS
0806T,Tcat s&ivc prstc vl impl opn,0.0,2026,Procedure,CMS
0807T,Pulm tiss vntj alys prev ct,0.0,2026,Procedure,CMS
0808T,Pulm tiss vntj alys w/ct,0.0,2026,Procedure,CMS
0810T,Subrta njx rx agt w/vtrc,0.0,2026,Procedure,CMS
0811T,Rem mlt day uroflow setup,0.0,2026,Procedure,CMS
0812T,Rem mlt day uroflow dev sply,0.0,2026,Procedure,CMS
0813T,Egd vol adjmt bariatric balo,0.0,2026,Procedure,CMS
0814T,Prq njx biod osteo matrl fem,0.0,2026,Procedure,CMS
0815T,Us rems b1 dns hips plvs/spi,0.0,2026,Procedure,CMS
0816T,Opn insj/rplcmt ins ptn subq,0.0,2026,Procedure,CMS
0817T,Opn insj/rplcmt ins ptn subf,0.0,2026,Procedure,CMS
0818T,Revj/rmvl ins ptn subq,0.0,2026,Procedure,CMS
0819T,Revj/rmvl ins ptn subf,0.0,2026,Procedure,CMS
0820T,Mntr psychdlc med 1stphy/qhp,0.0,2026,Procedure,CMS
0821T,Mntr psychdlc med 2ndphy/qhp,0.0,2026,Procedure,CMS
0822T,Mntr psychdlc med cln staff,0.0,2026,Procedure,CMS
0823T,Tcat ins 1chmbr ldls pm ra,0.0,2026,Procedure,CMS
0824T,Tcat rmv 1chmbr ldls pm ra,0.0,2026,Procedure,CMS
0825T,Tcat rmv&rpl1chmb ldls pm ra,0.0,2026,Procedure,CMS
0826T,Prgrmg evl ldls pm 1chmbr ip,0.0,2026,Procedure,CMS
0827T,Dgtz gls mcrscp cytp smears,0.0,2026,Procedure,CMS
0828T,Dgtz gls mcrscp cytp smpl fl,0.0,2026,Procedure,CMS
0829T,Dgtz gls mcrscp cytp conctrj,0.0,2026,Procedure,CMS
0830T,Dgtz gls mcrscp cytp slctv,0.0,2026,Procedure,CMS
0831T,Dgtz gls mcrscp cytp c/v,0.0,2026,Procedure,CMS
0832T,Dgtz gls mcrscp cytp oth scr,0.0,2026,Procedure,CMS
0833T,Dgtz gls mcrscp cytp oth prp,0.0,2026,Procedure,CMS
0834T,Dgtz gls mcrscp cytp oth xtn,0.0,2026,Procedure,CMS
0835T,Dgtz gls mcrscp fna 1st ea,0.0,2026,Procedure,CMS
0836T,Dgtz gls mcrscp fna ea addl,0.0,2026,Procedure,CMS
0837T,Dgtz gls mcrscp fna i&r,0.0,2026,Procedure,CMS
0838T,Dgtz gls mcrscp cslt sld els,0.0,2026,Procedure,CMS
0839T,Dgtz gls mcrscp cslt mat prp,0.0,2026,Procedure,CMS
0840T,Dgtz gls mcrscp cslt compre,0.0,2026,Procedure,CMS
0841T,Dgtz gls mcrscp pth cslt 1st,0.0,2026,Procedure,CMS
0842T,Dgtz gls mcrscp pth cslt ea,0.0,2026,Procedure,CMS
0843T,Dgtz gls mcrscp cslt cyt 1st,0.0,2026,Procedure,CMS
0844T,Dgtz gls mcrscp cslt cyt ea,0.0,2026,Procedure,CMS
0845T,Dgtz gls mcrscp imfluor 1st,0.0,2026,Procedure,CMS
0846T,Dgtz gls mcrscp imfluor ea,0.0,2026,Procedure,CMS
0847T,Dgtz gls mcrscp xm arch tiss,0.0,2026,Procedure,CMS
0848T,Dgtz gls mcrscp ish 1st,0.0,2026,Procedure,CMS
0849T,Dgtz gls mcrscp ish ea adl 1,0.0,2026,Procedure,CMS
0850T,Dgtz gls mcrscp ish ea mult,0.0,2026,Procedure,CMS
0851T,Dgtz gls mcrscp mphmtrc 1st,0.0,2026,Procedure,CMS
0852T,Dgtz gls mcrscp mphmtrc ea 1,0.0,2026,Procedure,CMS
0853T,Dgtz gls mcrscp mphmtrc ea m,0.0,2026,Procedure,CMS
0854T,Dgtz gls mcrscp bld smr prph,0.0,2026,Procedure,CMS
0855T,Dgtz gls mcrscp b1 marow smr,0.0,2026,Procedure,CMS
0856T,Dgtz gls mcrscp electron mic,0.0,2026,Procedure,CMS
0857T,Opto-acoustic img breast uni,0.0,2026,Procedure,CMS
0858T,Ext trnscranl mag stimj meas,0.0,2026,Procedure,CMS
0859T,Ncntc ifr spctrsc o/t pad ea,0.0,2026,Procedure,CMS
0860T,Ncntc ifr spctrsc scr pad,0.0,2026,Procedure,CMS
0861T,Rmvl pg wcs lv both compnt,0.0,2026,Procedure,CMS
0862T,Rlcj pg wcs lv battery only,0.0,2026,Procedure,CMS
0863T,Rlcj pg wcs lv trnsmtr only,0.0,2026,Procedure,CMS
0864T,Low ntsty eswt corpus cvrnsm,0.0,2026,Procedure,CMS
0865T,Quan mri alys brn w/o dx mri,0.0,2026,Procedure,CMS
0866T,Quan mri alys brn w/dx mri,0.0,2026,Procedure,CMS
0867T,Tpla b9 prst8 hyprplsa>=50ml,0.0,2026,Procedure,CMS
0868T,Hi-res gastric ep mapping,0.0,2026,Procedure,CMS
0869T,Njx b1 sub mtrl hw fixj aug,0.0,2026,Procedure,CMS
0870T,Imp subq prtl ascts pmp sys,0.0,2026,Procedure,CMS
0871T,Rplcmt subq prtl ascites pmp,0.0,2026,Procedure,CMS
0872T,Rplcmt ndwllg bldr&prtl cath,0.0,2026,Procedure,CMS
0873T,Revj subq prtl asct pmp sys,0.0,2026,Procedure,CMS
0874T,Rmvl pertl ascites pmp sys,0.0,2026,Procedure,CMS
0875T,Prgrm subq prtl asct pmp sys,0.0,2026,Procedure,CMS
0876T,Duplex scan hemo fstl lmtd,0.0,2026,Procedure,CMS
0877T,Augmnt alys ch ct ild w/o ct,0.0,2026,Procedure,CMS
0878T,Augmnt alys ch ct ild w/ct,0.0,2026,Procedure,CMS
0879T,Augmnt alys ch ct ild prep,0.0,2026,Procedure,CMS
0880T,Augmnt alys ch ct ild i&r,0.0,2026,Procedure,CMS
0881T,Cryotherapy oral cavity,0.0,2026,Procedure,CMS
0882T,Intraop ther estim pn ue 1st,0.0,2026,Procedure,CMS
0883T,Intraop ther estim pn ue ea,0.0,2026,Procedure,CMS
0884T,Esphgsc flx 1st tndsc dilat,0.0,2026,Procedure,CMS
0885T,Colsc flx 1st tndsc dilat,0.0,2026,Procedure,CMS
0886T,Sgmdsc flx 1st tndsc dilat,0.0,2026,Procedure,CMS
0887T,End-tidal ctrl inhaled anes,0.0,2026,Procedure,CMS
0888T,Histotripsy mal renal tissue,0.0,2026,Procedure,CMS
0889T,Prsnlz trgt dvl arhfcmrigtbs,0.0,2026,Procedure,CMS
0890T,Arhfcmrigtbs 1st tx day,0.0,2026,Procedure,CMS
0891T,Arhfcmrigtbs sbsq tx day,0.0,2026,Procedure,CMS
0892T,Arhfcmrigtbs sbsq per tx day,0.0,2026,Procedure,CMS
0893T,N-invas assmt bld oxygnation,0.0,2026,Procedure,CMS
0894T,Cannulation liver allograft,0.0,2026,Procedure,CMS
0895T,Connj lvr algrft prfu dev 1,0.0,2026,Procedure,CMS
0896T,Connj lvr algrft prfu dev ea,0.0,2026,Procedure,CMS
0897T,N-invas augmnt arrhyt alys,0.0,2026,Procedure,CMS
0898T,N-invas prst8 cancer est map,0.0,2026,Procedure,CMS
0899T,N-invas deter aqmbf aug cmr,0.0,2026,Procedure,CMS
0900T,N-invas est aqmbf asstv cmr,0.0,2026,Procedure,CMS
0901T,Plmt bone marrow smplg port,0.0,2026,Procedure,CMS
0902T,Qtc ntrvl augmnt alg aly ecg,0.0,2026,Procedure,CMS
0903T,Ecg alg 12 lead reduced i&r,0.0,2026,Procedure,CMS
0904T,Ecg alg 12 ld rdcd trcg only,0.0,2026,Procedure,CMS
0905T,Ecg alg 12 ld rdcd i&r only,0.0,2026,Procedure,CMS
0906T,Coms ther 1st appl<=50 sq cm,0.0,2026,Procedure,CMS
0907T,Coms ther ea addl<=50 sq cm,0.0,2026,Procedure,CMS
0908T,Opn imp int nstm sys vgs nrv,0.0,2026,Procedure,CMS
0909T,Rplcmt int nstim sys vgs nrv,0.0,2026,Procedure,CMS
0910T,Rmvl int nstim sys vagus nrv,0.0,2026,Procedure,CMS
0911T,Elec aly nstm sys vgs nrv wo,0.0,2026,Procedure,CMS
0912T,Elec alys nstim sys vgs smpl,0.0,2026,Procedure,CMS
0913T,Prq tcat ther rx ntrac balo1,0.0,2026,Procedure,CMS
0914T,Prq tcat thr rx ntrc bal sep,0.0,2026,Procedure,CMS
0915T,Insj perm ccm-d sys pg&eltrd,0.0,2026,Procedure,CMS
0916T,Insj perm ccm-d sys pg only,0.0,2026,Procedure,CMS
0917T,Insj perm ccm-d sys 1 lead,0.0,2026,Procedure,CMS
0918T,Insj perm ccm-d sys dual ld,0.0,2026,Procedure,CMS
0919T,Rmvl perm ccm-d sys pg only,0.0,2026,Procedure,CMS
0920T,Rmvl perm ccm-d sys 1 pac ld,0.0,2026,Procedure,CMS
0921T,Rmvl perm ccm-d sys 1 dfb ld,0.0,2026,Procedure,CMS
0922T,Rmvl perm ccm-d sys dual ld,0.0,2026,Procedure,CMS
0923T,Rmvl&rplcmt perm ccm-d pg,0.0,2026,Procedure,CMS
0924T,Rpos prv ccm-d trnsvns eltrd,0.0,2026,Procedure,CMS
0925T,Rlcj skin pocket ccm-d pg,0.0,2026,Procedure,CMS
0926T,Prgrmg dev eval ccm-d ip,0.0,2026,Procedure,CMS
0927T,Interrog dev eval ccm-d ip,0.0,2026,Procedure,CMS
0928T,Rem interrog dev ccm-d phys,0.0,2026,Procedure,CMS
0929T,Rem interrog dev ccm-d tech,0.0,2026,Procedure,CMS
0930T,Ephys eval ccm-d ld 1st impl,0.0,2026,Procedure,CMS
0931T,Ephys eval ccm-d ld separate,0.0,2026,Procedure,CMS
0932T,N-invs det hrt fail aug echo,0.0,2026,Procedure,CMS
0933T,Tcat impl wrls l atr prs snr,0.0,2026,Procedure,CMS
0934T,Rem mntr wrls l atr prs snr,0.0,2026,Procedure,CMS
0935T,Cysto w/rnl pel symp dnrvtj,0.0,2026,Procedure,CMS
0936T,Photobiomodulation ther rta,0.0,2026,Procedure,CMS
0937T,Xtrnl ecg rec>15d<30d,0.0,2026,Procedure,CMS
0938T,Xtrnl ecg rec>15d<30d rec,0.0,2026,Procedure,CMS
0939T,Xtrnl ecg rec>15d<30d scan,0.0,2026,Procedure,CMS
0940T,Xtrnl ecg rec>15d<30d r&i,0.0,2026,Procedure,CMS
0941T,Cysto flx ins&xpns urtl scaf,0.0,2026,Procedure,CMS
0942T,Cysto flx rmv&rplc urtl scaf,0.0,2026,Procedure,CMS
0943T,Cysto flx rmvl urtl scaffold,0.0,2026,Procedure,CMS
0944T,3d cntr simula trgt lvr les,0.0,2026,Procedure,CMS
0945T,Intraop assmt abnl tum tiss,0.0,2026,Procedure,CMS
0946T,Ortho impl mvmt alys pair ct,0.0,2026,Procedure,CMS
0947T,Mrgfus strtctc bl-br disrpj,0.0,2026,Procedure,CMS
0948T,Rem interrog dev ccm phys,0.0,2026,Procedure,CMS
0949T,Rem interrog dev ccm tech,0.0,2026,Procedure,CMS
0950T,Abltj b9 prst8 tissue hifu,0.0,2026,Procedure,CMS
0951T,Tot impl amei 1st plmt,0.0,2026,Procedure,CMS
0952T,Tot impl amei rev/rplc mstdc,0.0,2026,Procedure,CMS
0953T,Tot impl amei rev/rplc w/o,0.0,2026,Procedure,CMS
0954T,Tot impl amei rplc snd proc,0.0,2026,Procedure,CMS
0955T,Tot impl amei removal,0.0,2026,Procedure,CMS
0956T,Prt crn ch cr&tun elt s-sclp,0.0,2026,Procedure,CMS
0957T,Rev s-sclp eltr ra rcvr&tlmt,0.0,2026,Procedure,CMS
0958T,Rmv s-sclp eltr ra rcvr&tlmt,0.0,2026,Procedure,CMS
0959T,Rmv/rplc magnet coil assem,0.0,2026,Procedure,CMS
0960T,Rpl s-sclp eltr ra rcvr&tlmt,0.0,2026,Procedure,CMS
0961T,Shortwave ifr radiation img,0.0,2026,Procedure,CMS
0962T,Asstv alg alys acous&ecg rec,0.0,2026,Procedure,CMS
0963T,Anosc sbmcsl njx bulking agt,0.0,2026,Procedure,CMS
0964T,I&cust prep jaw xpnsj 1arch,0.0,2026,Procedure,CMS
0965T,I&cst prp jw xpn dl arch non,0.0,2026,Procedure,CMS
0966T,I&cst prp jw xpn dl arch fxd,0.0,2026,Procedure,CMS
0967T,Tranal ins tmp clrc anst dev,0.0,2026,Procedure,CMS
0968T,Insj/rplcmt epcrnl nstim sys,0.0,2026,Procedure,CMS
0969T,Removal epicranial nstim sys,0.0,2026,Procedure,CMS
0970T,Ablt b9 brst tum perq lsr ea,0.0,2026,Procedure,CMS
0971T,Ablt mal brst tum pq lsr uni,0.0,2026,Procedure,CMS
0972T,Asstv alg clsfctn burn hlg,0.0,2026,Procedure,CMS
0973T,Slctv nzmtc dbrdmt t/a/l 1st,0.0,2026,Procedure,CMS
0974T,Slctv nzmtc dbrdmt t/a/l ea,0.0,2026,Procedure,CMS
0975T,Slctv nzmtc dbrdmt s/n/hf 1,0.0,2026,Procedure,CMS
0976T,Slctv nzmtc dbrdmt s/n/hf ea,0.0,2026,Procedure,CMS
0977T,Upr gi bld detcj snr capsule,0.0,2026,Procedure,CMS
0978T,Submucosal cryolysis therapy,0.0,2026,Procedure,CMS
0979T,Sbmcsl crylys ther sft palt,0.0,2026,Procedure,CMS
0980T,Sbmcsl crylys ther tng&tnsl,0.0,2026,Procedure,CMS
0981T,Tcat impl wrls ivc snr,0.0,2026,Procedure,CMS
0982T,Rem mntr impl ivc snr set-up,0.0,2026,Procedure,CMS
0983T,Rem mntr impl ivc snr phys,0.0,2026,Procedure,CMS
0984T,Iv img xtrc cere vsl oct 1st,0.0,2026,Procedure,CMS
0985T,Iv img xtrc cere vsl oct ea,0.0,2026,Procedure,CMS
0986T,Iv img icr cere vsl oct 1st,0.0,2026,Procedure,CMS
0987T,Iv img icr cere vsl oct ea,0.0,2026,Procedure,CMS
0988T,Opn ins/rplc ins ptn sbq&sbf,0.0,2026,Procedure,CMS
0989T,Revj/rmvl ins ptn subq&subf,0.0,2026,Procedure,CMS
0990T,Trncrv inst biod hydrgl mtrl,0.0,2026,Procedure,CMS
0991T,Cysto lo-nrg lithtrp&mcrsphr,0.0,2026,Procedure,CMS
0992T,N-invas assmt car rsk w/o ct,0.0,2026,Procedure,CMS
0993T,N-invas assmt car rsk w/ct,0.0,2026,Procedure,CMS
0994T,Evasc dlvr a-wal stbl rx prq,0.0,2026,Procedure,CMS
0995T,Evasc dlvr a-wal stbl rx opn,0.0,2026,Procedure,CMS
0996T,Ins&sclr fix caps bag prosth,0.0,2026,Procedure,CMS
0997T,Precuneus mag stimj tx plng,0.0,2026,Procedure,CMS
0998T,Precuneus mag stimj tx dlvr,0.0,2026,Procedure,CMS
0999T,Autol musc cell therapy hrvg,0.0,2026,Procedure,CMS
10004,Fna bx w/o img gdn ea addl,0.78,2026,Procedure,CMS
10005,Fna bx w/us gdn 1st les,1.42,2026,Procedure,CMS
10006,Fna bx w/us gdn ea addl,0.98,2026,Procedure,CMS
10007,Fna bx w/fluor gdn 1st les,1.76,2026,Procedure,CMS
10008,Fna bx w/fluor gdn ea addl,1.15,2026,Procedure,CMS
10009,Fna bx w/ct gdn 1st les,2.2,2026,Procedure,CMS
1000F,Tobacco use assessed,0.0,2026,Procedure,CMS
1000T,Autol musc cell therapy admn,0.0,2026,Procedure,CMS
10010,Fna bx w/ct gdn ea addl,1.61,2026,Procedure,CMS
10011,Fna bx w/mr gdn 1st les,0.0,2026,Procedure,CMS
10012,Fna bx w/mr gdn ea addl,0.0,2026,Procedure,CMS
1001T,Autol musc cell therapy njx,0.0,2026,Procedure,CMS
10021,Fna bx w/o img gdn 1st les,1.0,2026,Procedure,CMS
1002F,Assess anginal symptom/level,0.0,2026,Procedure,CMS
1002T,Air displacmnt plethysmograp,0.0,2026,Procedure,CMS
10030,Img gid flu coll drg sft tis,2.68,2026,Procedure,CMS
10035,Plmt sft tiss loclzj dev 1st,1.66,2026,Procedure,CMS
10036,Plmt sft tiss loclzj dev ea,0.83,2026,Procedure,CMS
1003F,Level of activity assess,0.0,2026,Procedure,CMS
1003T,Arthrp 1st crp/mtcrpl prostc,0.0,2026,Procedure,CMS
10040,Extraction,0.89,2026,Procedure,CMS
1004F,Clin symp vol ovrld assess,0.0,2026,Procedure,CMS
1004T,Elec alys s-scl eeg wo prgrm,0.0,2026,Procedure,CMS
1005F,Asthma symptoms evaluate,0.0,2026,Procedure,CMS
1005T,Elec alys s-scl eeg prgr 1st,0.0,2026,Procedure,CMS
10060,I&d abscess simple/single,1.19,2026,Procedure,CMS
10061,I&d abscess comp/multiple,2.39,2026,Procedure,CMS
1006F,Osteoarthritis assess,0.0,2026,Procedure,CMS
1006T,Elec alys s-scl eeg prgrm ea,0.0,2026,Procedure,CMS
1007F,Anti-inflm/anlgsc otc assess,0.0,2026,Procedure,CMS
1007T,Eeg impl s-sclp eeg w/o vid,0.0,2026,Procedure,CMS
10080,I&d pilonidal cyst simple,1.19,2026,Procedure,CMS
10081,I&d pilonidal cyst comp,2.44,2026,Procedure,CMS
1008F,Gi/renal risk assess,0.0,2026,Procedure,CMS
1008T,Rem mntr s-scl eeg sys setup,0.0,2026,Procedure,CMS
1009T,Rem mntr s-sclp cont eeg sys,0.0,2026,Procedure,CMS
1010F,Severity angina by actvty,0.0,2026,Procedure,CMS
1010T,Cptr oph alys monoc eye mvmt,0.0,2026,Procedure,CMS
1011F,Angina present,0.0,2026,Procedure,CMS
1011T,Pbm therapy of oral cavity,0.0,2026,Procedure,CMS
10120,Inc&rmvl fb subq tiss smpl,1.19,2026,Procedure,CMS
10121,Inc&rmvl fb subq tiss comp,2.67,2026,Procedure,CMS
1012F,Angina absent,0.0,2026,Procedure,CMS
1012T,Mtrz ab ntrno trph scl/tr mw,0.0,2026,Procedure,CMS
1013T,Lap srg imp/rpl eso nea&pg/r,0.0,2026,Procedure,CMS
10140,I&d hmtma seroma/fluid collj,1.54,2026,Procedure,CMS
1014T,Lap rv/rmv eso sph nstm eltr,0.0,2026,Procedure,CMS
1015F,Copd symptoms assess,0.0,2026,Procedure,CMS
1015T,Rev/rmv lw esoph sphnc npg/r,0.0,2026,Procedure,CMS
10160,Pnxr aspir absc hmtma bulla,1.22,2026,Procedure,CMS
1016T,Elec alys npgs esoph intraop,0.0,2026,Procedure,CMS
1017T,Elec aly npgs esoph sbsq w/o,0.0,2026,Procedure,CMS
10180,I&d complex po wound infctj,2.24,2026,Procedure,CMS
1018F,Assess dyspnea not present,0.0,2026,Procedure,CMS
1018T,Elec alys npgs esoph sbsq w/,0.0,2026,Procedure,CMS
1019F,Assess dyspnea present,0.0,2026,Procedure,CMS
1019T,Lymphovenous bypass per xtr,0.0,2026,Procedure,CMS
1020T,Raman spectroscopy 1+skn les,0.0,2026,Procedure,CMS
1021T,Active thrc irrigation spx,0.0,2026,Procedure,CMS
1022F,Pneumo imm status assess,0.0,2026,Procedure,CMS
1022T,Prq tis dsplmt ntra-abdl/pel,0.0,2026,Procedure,CMS
1023T,Prq tis dsplmt intrathoracic,0.0,2026,Procedure,CMS
1024T,Perq tiss dsplmt soft tissue,0.0,2026,Procedure,CMS
1025T,Alt elec fld dos&dlv sim mdl,0.0,2026,Procedure,CMS
1026F,Co-morbid condition assess,0.0,2026,Procedure,CMS
1030F,Influenza imm status assess,0.0,2026,Procedure,CMS
1031F,Smoking & 2nd hand assessed,0.0,2026,Procedure,CMS
1032F,Smoker/exposed 2nd hnd smoke,0.0,2026,Procedure,CMS
1033F,Tobacco nonsmoker nor 2ndhnd,0.0,2026,Procedure,CMS
1034F,Current tobacco smoker,0.0,2026,Procedure,CMS
1035F,Smokeless tobacco user,0.0,2026,Procedure,CMS
1036F,Tobacco non-user,0.0,2026,Procedure,CMS
1038F,Persistent asthma,0.0,2026,Procedure,CMS
1039F,Intermittent asthma,0.0,2026,Procedure,CMS
1040F,Dsm-5 info mdd docd,0.0,2026,Procedure,CMS
1050F,History of mole changes,0.0,2026,Procedure,CMS
1052F,Type location activityassess,0.0,2026,Procedure,CMS
1055F,Visual funct status assess,0.0,2026,Procedure,CMS
1060F,Doc perm/cont/parox atr fib,0.0,2026,Procedure,CMS
1061F,Doc lack perm&cont&parox fib,0.0,2026,Procedure,CMS
1065F,Ischm stroke symp lt3 hrsb/4,0.0,2026,Procedure,CMS
1066F,Ischm stroke sx onset>=3hr,0.0,2026,Procedure,CMS
1070F,Alarm symp assessed-absent,0.0,2026,Procedure,CMS
1071F,Alarm symp assessed-1+ prsnt,0.0,2026,Procedure,CMS
1090F,Pres/absn urine incon assess,0.0,2026,Procedure,CMS
1091F,Urine incon characterized,0.0,2026,Procedure,CMS
11000,Dbrdmt ecz/infected skin<10%,0.59,2026,Procedure,CMS
11001,Dbrdmt ecz/infct skn ea addl,0.29,2026,Procedure,CMS
11004,Dbrdmt skin xtrnl gent&per,10.53,2026,Procedure,CMS
11005,Dbrdmt skin abdominal wall,13.88,2026,Procedure,CMS
11006,Dbrdmt skin xtrnl gent per,12.77,2026,Procedure,CMS
11008,Rmv prstc mtrl/mesh abd wall,4.88,2026,Procedure,CMS
1100F,Ptfalls assess-docd ge2>/yr,0.0,2026,Procedure,CMS
11010,Debride skin at fx site,4.09,2026,Procedure,CMS
11011,Debride skin musc at fx site,4.82,2026,Procedure,CMS
11012,Deb skin bone at fx site,6.7,2026,Procedure,CMS
1101F,Pt falls assess-docd le1/yr,0.0,2026,Procedure,CMS
11042,Dbrdmt subq tis 1st 20sqcm/<,0.98,2026,Procedure,CMS
11043,Dbrdmt musc&/fsca 1st 20/<,2.63,2026,Procedure,CMS
11044,Dbrdmt bone 1st 20 sq cm/<,4.0,2026,Procedure,CMS
11045,Dbrdmt subq tiss each addl,0.49,2026,Procedure,CMS
11046,Dbrdmt musc&/fsca ea addl,1.0,2026,Procedure,CMS
11047,Dbrdmt bone each addl,1.76,2026,Procedure,CMS
11055,Paring/cutg b9 hyprker les 1,0.34,2026,Procedure,CMS
11056,Parng/cutg b9 hyprkr les 2-4,0.49,2026,Procedure,CMS
11057,Parng/cutg b9 hyprkr les >4,0.63,2026,Procedure,CMS
11102,Tangntl bx skin single les,0.64,2026,Procedure,CMS
11103,Tangntl bx skin ea sep/addl,0.37,2026,Procedure,CMS
11104,Punch bx skin single lesion,0.81,2026,Procedure,CMS
11105,Punch bx skin ea sep/addl,0.44,2026,Procedure,CMS
11106,Incal bx skn single les,0.98,2026,Procedure,CMS
11107,Incal bx skn ea sep/addl,0.53,2026,Procedure,CMS
1110F,Pt lft inpt fac w/in 60 days,0.0,2026,Procedure,CMS
1111F,Dschrg med/current med merge,0.0,2026,Procedure,CMS
1116F,Auric/peri pain assessed,0.0,2026,Procedure,CMS
1118F,Gerd symps assessed 12 month,0.0,2026,Procedure,CMS
1119F,Init eval for condition,0.0,2026,Procedure,CMS
11200,Rmvl skin tags up to&inc 15,0.8,2026,Procedure,CMS
11201,Rmvl skin tags ea addl 10,0.28,2026,Procedure,CMS
1121F,Subs eval for condition,0.0,2026,Procedure,CMS
1123F,Acp discuss/dscn mkr docd,0.0,2026,Procedure,CMS
1124F,Acp discuss-no dscnmkr docd,0.0,2026,Procedure,CMS
1125F,Amnt pain noted pain prsnt,0.0,2026,Procedure,CMS
1126F,Amnt pain noted none prsnt,0.0,2026,Procedure,CMS
1127F,New episode for condition,0.0,2026,Procedure,CMS
1128F,Subs episode for condition,0.0,2026,Procedure,CMS
11300,Shave skin lesion 0.5 cm/<,0.59,2026,Procedure,CMS
11301,Shave skin lesion 0.6-1.0 cm,0.88,2026,Procedure,CMS
11302,Shave skin lesion 1.1-2.0 cm,1.02,2026,Procedure,CMS
11303,Shave skin lesion >2.0 cm,1.22,2026,Procedure,CMS
11305,Shave skin lesion 0.5 cm/<,0.78,2026,Procedure,CMS
11306,Shave skin lesion 0.6-1.0 cm,0.94,2026,Procedure,CMS
11307,Shave skin lesion 1.1-2.0 cm,1.17,2026,Procedure,CMS
11308,Shave skin lesion >2.0 cm,1.42,2026,Procedure,CMS
1130F,Bk pain & fxn assessed,0.0,2026,Procedure,CMS
11310,Shave skin lesion 0.5 cm/<,0.78,2026,Procedure,CMS
11311,Shave skin lesion 0.6-1.0 cm,1.07,2026,Procedure,CMS
11312,Shave skin lesion 1.1-2.0 cm,1.27,2026,Procedure,CMS
11313,Shave skin lesion >2.0 cm,1.64,2026,Procedure,CMS
1134F,Epsd bk pain for 6 wks/<,0.0,2026,Procedure,CMS
1135F,Epsd bk pain for >6 wks,0.0,2026,Procedure,CMS
1136F,Epsd bk pain for 12 wks/<,0.0,2026,Procedure,CMS
1137F,Epsd bk pain for >12 wks,0.0,2026,Procedure,CMS
11400,Exc tr-ext b9+marg 0.5 cm<,0.88,2026,Procedure,CMS
11401,Exc tr-ext b9+marg 0.6-1 cm,1.25,2026,Procedure,CMS
11402,Exc tr-ext b9+marg 1.1-2 cm,1.41,2026,Procedure,CMS
11403,Exc tr-ext b9+marg 2.1-3cm,1.79,2026,Procedure,CMS
11404,Exc tr-ext b9+marg 3.1-4 cm,2.06,2026,Procedure,CMS
11406,Exc tr-ext b9+marg >4.0 cm,3.43,2026,Procedure,CMS
11420,Exc h-f-nk-sp b9+marg 0.5/<,1.0,2026,Procedure,CMS
11421,Exc h-f-nk-sp b9+marg 0.6-1,1.43,2026,Procedure,CMS
11422,Exc h-f-nk-sp b9+marg 1.1-2,1.64,2026,Procedure,CMS
11423,Exc h-f-nk-sp b9+marg 2.1-3,2.01,2026,Procedure,CMS
11424,Exc h-f-nk-sp b9+marg 3.1-4,2.42,2026,Procedure,CMS
11426,Exc h-f-nk-sp b9+marg >4 cm,3.99,2026,Procedure,CMS
11440,Exc face-mm b9+marg 0.5 cm/<,1.02,2026,Procedure,CMS
11441,Exc face-mm b9+marg 0.6-1 cm,1.49,2026,Procedure,CMS
11442,Exc face-mm b9+marg 1.1-2 cm,1.73,2026,Procedure,CMS
11443,Exc face-mm b9+marg 2.1-3 cm,2.28,2026,Procedure,CMS
11444,Exc face-mm b9+marg 3.1-4 cm,3.11,2026,Procedure,CMS
11446,Exc face-mm b9+marg >4 cm,4.68,2026,Procedure,CMS
11450,Exc skn hdrdnt ax smpl/ntrm,3.14,2026,Procedure,CMS
11451,Exc skn hdrdnt ax complex,4.32,2026,Procedure,CMS
11462,Exc skn hdrdnt ing smpl/ntrm,2.93,2026,Procedure,CMS
11463,Exc skn hdrdnt ing complex,4.32,2026,Procedure,CMS
11470,Exc skn h/p/p/u smpl/ntrm,3.65,2026,Procedure,CMS
11471,Exc skn h/p/p/u complex,4.77,2026,Procedure,CMS
1150F,Doc pt rsk death w/in 1yr,0.0,2026,Procedure,CMS
1151F,Doc no pt rsk death w/in 1yr,0.0,2026,Procedure,CMS
1152F,Doc advncd dis comfort 1st,0.0,2026,Procedure,CMS
1153F,Doc advncd dis cmfrt not 1st,0.0,2026,Procedure,CMS
1157F,Advnc care plan in rcrd,0.0,2026,Procedure,CMS
1158F,Advnc care plan tlk docd,0.0,2026,Procedure,CMS
1159F,Med list docd in rcrd,0.0,2026,Procedure,CMS
11600,Exc tr-ext mal+marg 0.5 cm/<,1.59,2026,Procedure,CMS
11601,Exc tr-ext mal+marg 0.6-1 cm,2.02,2026,Procedure,CMS
11602,Exc tr-ext mal+marg 1.1-2 cm,2.21,2026,Procedure,CMS
11603,Exc tr-ext mal+marg 2.1-3 cm,2.75,2026,Procedure,CMS
11604,Exc tr-ext mal+marg 3.1-4 cm,3.09,2026,Procedure,CMS
11606,Exc tr-ext mal+marg >4 cm,4.89,2026,Procedure,CMS
1160F,Rvw meds by rx/dr in rcrd,0.0,2026,Procedure,CMS
11620,Exc h-f-nk-sp mal+marg 0.5/<,1.6,2026,Procedure,CMS
11621,Exc s/n/h/f/g mal+mrg 0.6-1,2.03,2026,Procedure,CMS
11622,Exc s/n/h/f/g mal+mrg 1.1-2,2.35,2026,Procedure,CMS
11623,Exc s/n/h/f/g mal+mrg 2.1-3,3.03,2026,Procedure,CMS
11624,Exc s/n/h/f/g mal+mrg 3.1-4,3.53,2026,Procedure,CMS
11626,Exc s/n/h/f/g mal+mrg >4 cm,4.49,2026,Procedure,CMS
11640,Exc f/e/e/n/l mal+mrg 0.5cm<,1.63,2026,Procedure,CMS
11641,Exc f/e/e/n/l mal+mrg 0.6-1,2.12,2026,Procedure,CMS
11642,Exc f/e/e/n/l mal+mrg 1.1-2,2.55,2026,Procedure,CMS
11643,Exc f/e/e/n/l mal+mrg 2.1-3,3.33,2026,Procedure,CMS
11644,Exc f/e/e/n/l mal+mrg 3.1-4,4.23,2026,Procedure,CMS
11646,Exc f/e/e/n/l mal+mrg >4 cm,6.1,2026,Procedure,CMS
1170F,Fxnl status assessed,0.0,2026,Procedure,CMS
11719,Trim nail(s) any number,0.17,2026,Procedure,CMS
11720,Debride nail 1-5,0.31,2026,Procedure,CMS
11721,Debride nail 6 or more,0.53,2026,Procedure,CMS
11730,Avulsion nail plate simple 1,1.02,2026,Procedure,CMS
11732,Avlsn nail plate simple each,0.37,2026,Procedure,CMS
11740,Evacuation subungual hmtma,0.36,2026,Procedure,CMS
11750,Excision nail&nail matrix,1.54,2026,Procedure,CMS
11755,Biopsy nail unit,1.22,2026,Procedure,CMS
1175F,Function stat assessed rvwd,0.0,2026,Procedure,CMS
11760,Repair of nail bed,1.59,2026,Procedure,CMS
11762,Reconstruction of nail bed,2.87,2026,Procedure,CMS
11765,Wedge excision skn nail fold,1.19,2026,Procedure,CMS
11770,Exc pilonidal cyst simple,2.59,2026,Procedure,CMS
11771,Exc pilonidal cyst xtnsv,5.94,2026,Procedure,CMS
11772,Exc pilonidal cyst comp,7.17,2026,Procedure,CMS
1180F,Thromboemb risk assessed,0.0,2026,Procedure,CMS
1181F,Neuropsychia sympts assessed,0.0,2026,Procedure,CMS
1182F,Neuropsychi sympt 1+present,0.0,2026,Procedure,CMS
1183F,Neuropsychiatric symp absent,0.0,2026,Procedure,CMS
11900,Inject skin lesions </w 7,0.51,2026,Procedure,CMS
11901,Inject skin lesions >7,0.78,2026,Procedure,CMS
11920,Correct skin color 6.0 cm/<,1.57,2026,Procedure,CMS
11921,Correct skn color 6.1-20.0cm,1.88,2026,Procedure,CMS
11922,Correct skin color ea 20.0cm,0.48,2026,Procedure,CMS
11950,Subq njx filling matrl 1cc/<,0.82,2026,Procedure,CMS
11951,Subq njx fil matrl 1.1-5.0cc,1.16,2026,Procedure,CMS
11952,Subq njx fil matrl 5.1-10cc,1.65,2026,Procedure,CMS
11954,Subq njx fil matrl>10.0 cc,1.8,2026,Procedure,CMS
11960,Insert tissue expander(s),11.2,2026,Procedure,CMS
11970,Rplcmt tiss xpndr perm implt,7.3,2026,Procedure,CMS
11971,Rmvl tis xpndr wo insj implt,6.84,2026,Procedure,CMS
11976,Remove contraceptive capsule,1.74,2026,Procedure,CMS
11980,Implant hormone pellet(s),1.07,2026,Procedure,CMS
11981,Insertion drug dlvr implant,1.11,2026,Procedure,CMS
11982,Remove drug implant device,1.31,2026,Procedure,CMS
11983,Remove/insert drug implant,1.86,2026,Procedure,CMS
12001,Rpr s/n/ax/gen/trnk 2.5cm/<,0.82,2026,Procedure,CMS
12002,Rpr s/n/ax/gen/trnk2.6-7.5cm,1.11,2026,Procedure,CMS
12004,Rpr s/n/ax/gen/trk7.6-12.5cm,1.4,2026,Procedure,CMS
12005,Rpr s/n/a/gen/trk12.6-20.0cm,1.92,2026,Procedure,CMS
12006,Rpr s/n/a/gen/trk20.1-30.0cm,2.33,2026,Procedure,CMS
12007,Rpr s/n/ax/gen/trnk >30.0 cm,2.83,2026,Procedure,CMS
1200F,Seizure type& frequ docd,0.0,2026,Procedure,CMS
12011,Rpr f/e/e/n/l/m 2.5 cm/<,1.04,2026,Procedure,CMS
12013,Rpr f/e/e/n/l/m 2.6-5.0 cm,1.19,2026,Procedure,CMS
12014,Rpr f/e/e/n/l/m 5.1-7.5 cm,1.53,2026,Procedure,CMS
12015,Rpr f/e/e/n/l/m 7.6-12.5 cm,1.93,2026,Procedure,CMS
12016,Rpr fe/e/en/l/m 12.6-20.0 cm,2.61,2026,Procedure,CMS
12017,Rpr fe/e/en/l/m 20.1-30.0 cm,3.1,2026,Procedure,CMS
12018,Rpr f/e/e/n/l/m >30.0 cm,3.52,2026,Procedure,CMS
12020,Tx supfc wnd dehsn smpl clsr,2.6,2026,Procedure,CMS
12021,Tx supfc wnd dehsn w/packing,1.84,2026,Procedure,CMS
12031,Intmd rpr s/a/t/ext 2.5 cm/<,1.95,2026,Procedure,CMS
12032,Intmd rpr s/a/t/ext 2.6-7.5,2.46,2026,Procedure,CMS
12034,Intmd rpr s/tr/ext 7.6-12.5,2.9,2026,Procedure,CMS
12035,Intmd rpr s/a/t/ext 12.6-20,3.41,2026,Procedure,CMS
12036,Intmd rpr s/a/t/ext 20.1-30,4.12,2026,Procedure,CMS
12037,Intmd rpr s/tr/ext >30.0 cm,4.88,2026,Procedure,CMS
12041,Intmd rpr n-hf/genit 2.5cm/<,2.05,2026,Procedure,CMS
12042,Intmd rpr n-hf/genit2.6-7.5,2.72,2026,Procedure,CMS
12044,Intmd rpr n-hf/genit7.6-12.5,3.11,2026,Procedure,CMS
12045,Intmd rpr n-hf/genit12.6-20,3.66,2026,Procedure,CMS
12046,Intmd rpr n-hf/genit20.1-30,4.19,2026,Procedure,CMS
12047,Intmd rpr n-hf/genit >30.0cm,4.83,2026,Procedure,CMS
12051,Intmd rpr face/mm 2.5 cm/<,2.27,2026,Procedure,CMS
12052,Intmd rpr face/mm 2.6-5.0 cm,2.8,2026,Procedure,CMS
12053,Intmd rpr face/mm 5.1-7.5 cm,3.09,2026,Procedure,CMS
12054,Intmd rpr face/mm 7.6-12.5cm,3.41,2026,Procedure,CMS
12055,Intmd rpr face/mm 12.6-20 cm,4.39,2026,Procedure,CMS
12056,Intmd rpr face/mm 20.1-30.0,5.17,2026,Procedure,CMS
12057,Intmd rpr face/mm >30.0 cm,5.85,2026,Procedure,CMS
1205F,Epi etiol synd rvwd and docd,0.0,2026,Procedure,CMS
1220F,Pt screened for depression,0.0,2026,Procedure,CMS
13100,Cmplx rpr trunk 1.1-2.5 cm,2.93,2026,Procedure,CMS
13101,Cmplx rpr trunk 2.6-7.5 cm,3.41,2026,Procedure,CMS
13102,Cmplx rpr trunk addl 5cm/<,1.21,2026,Procedure,CMS
13120,Cmplx rpr s/a/l 1.1-2.5 cm,3.15,2026,Procedure,CMS
13121,Cmplx rpr s/a/l 2.6-7.5 cm,3.9,2026,Procedure,CMS
13122,Cmplx rpr s/a/l addl 5 cm/>,1.4,2026,Procedure,CMS
13131,Cmplx rpr f/c/c/m/n/ax/g/h/f,3.64,2026,Procedure,CMS
13132,Cmplx rpr f/c/c/m/n/ax/g/h/f,4.66,2026,Procedure,CMS
13133,Cmplx rpr f/c/c/m/n/ax/g/h/f,2.14,2026,Procedure,CMS
13151,Cmplx rpr e/n/e/l 1.1-2.5 cm,4.23,2026,Procedure,CMS
13152,Cmplx rpr e/n/e/l 2.6-7.5 cm,5.21,2026,Procedure,CMS
13153,Cmplx rpr e/n/e/l addl 5cm/<,2.32,2026,Procedure,CMS
13160,Sec clsr surg wnd/dehsn xtn,11.74,2026,Procedure,CMS
14000,Tis trnfr trunk 10 sq cm/<,6.21,2026,Procedure,CMS
14001,Tis trnfr trunk 10.1-30sqcm,8.56,2026,Procedure,CMS
1400F,Prkns diag rviewed,0.0,2026,Procedure,CMS
14020,Tis trnfr s/a/l 10 sq cm/<,7.04,2026,Procedure,CMS
14021,Tis trnfr s/a/l 10.1-30 sqcm,9.48,2026,Procedure,CMS
14040,Tis trnfr f/c/c/m/n/a/g/h/f,8.39,2026,Procedure,CMS
14041,Tis trnfr f/c/c/m/n/a/g/h/f,10.56,2026,Procedure,CMS
14060,Tis trnfr e/n/e/l 10 sq cm/<,9.0,2026,Procedure,CMS
14061,Tis trnfr e/n/e/l10.1-30sqcm,11.19,2026,Procedure,CMS
14301,Tis trnfr any 30.1-60 sq cm,12.33,2026,Procedure,CMS
14302,Tis trnfr addl 30 sq cm,3.64,2026,Procedure,CMS
14350,Filleted finger/toe flap,10.77,2026,Procedure,CMS
1450F,Symptoms improved/consist,0.0,2026,Procedure,CMS
1451F,Sympt show clin import drop,0.0,2026,Procedure,CMS
1460F,Qual card diag prior 12 mons,0.0,2026,Procedure,CMS
1461F,No qual card diag prior12mon,0.0,2026,Procedure,CMS
1490F,Dem severity classified mild,0.0,2026,Procedure,CMS
1491F,Dem severity classified mod,0.0,2026,Procedure,CMS
1493F,Dem severity class severe,0.0,2026,Procedure,CMS
1494F,Cognit assessed and reviewed,0.0,2026,Procedure,CMS
15002,Wound prep trk/arm/leg,3.56,2026,Procedure,CMS
15003,Wound prep addl 100 cm,0.78,2026,Procedure,CMS
15004,Wound prep f/n/hf/g,4.47,2026,Procedure,CMS
15005,Wnd prep f/n/hf/g addl cm,1.56,2026,Procedure,CMS
1500F,Symptom&sign symm polyneuro,0.0,2026,Procedure,CMS
15011,Hrv skn cll ssp agrft 1st 25,0.0,2026,Procedure,CMS
15012,Hrv skn cll ssp agrft ea add,0.0,2026,Procedure,CMS
15013,Prepj skn cll ssp agrft 1st,0.0,2026,Procedure,CMS
15014,Prepj skn cll ssp agrft ea,0.0,2026,Procedure,CMS
15015,App skn cl ssp agrft t/a/l 1,0.0,2026,Procedure,CMS
15016,App skn cl ssp agrf t/a/l ea,0.0,2026,Procedure,CMS
15017,App skn cll ssp f/n/g/hf 1st,0.0,2026,Procedure,CMS
15018,App skn cll ssp f/n/g/hf ea,0.0,2026,Procedure,CMS
1501F,Not initial eval for cond,0.0,2026,Procedure,CMS
1502F,Pt queried pain fxn w/ instr,0.0,2026,Procedure,CMS
1503F,Pt queried symp resp insuff,0.0,2026,Procedure,CMS
15040,Harvest cultured skin graft,1.95,2026,Procedure,CMS
1504F,Pt has resp insufficiency,0.0,2026,Procedure,CMS
15050,Pinch graft up to 2 cm diam,5.43,2026,Procedure,CMS
1505F,Pt has no resp insufficiency,0.0,2026,Procedure,CMS
15100,Splt agrft t/a/l 1st 100sqcm,9.65,2026,Procedure,CMS
15101,Splt agrft t/a/l ea addl 100,1.68,2026,Procedure,CMS
15110,Epidrm agrft t/a/l 1st 100,10.7,2026,Procedure,CMS
15111,Epidrm agrft t/a/l ea addl,1.8,2026,Procedure,CMS
15115,Epdrm agrft f/s/n/h/f/g/m 1,11.0,2026,Procedure,CMS
15116,Epdrm agrft f/s/n/h/f/g/m ea,2.44,2026,Procedure,CMS
15120,Splt agrft f/s/n/h/f/g/m 1st,9.9,2026,Procedure,CMS
15121,Splt agrft f/s/n/h/f/g/m ea,1.95,2026,Procedure,CMS
15130,Drm agrft t/a/l 1st 100 sqcm,7.34,2026,Procedure,CMS
15131,Drm agrft t/a/l ea addl,1.46,2026,Procedure,CMS
15135,Drm agrft f/s/n/h/f/g/m 1st,10.75,2026,Procedure,CMS
15136,Drm agrft f/s/n/h/f/g/m ea,1.46,2026,Procedure,CMS
15150,Tis cltr skn agrft t/a/l 1st,9.16,2026,Procedure,CMS
15151,Tis cltr skn agrft t/a/l add,1.95,2026,Procedure,CMS
15152,Tis cltr skn agrft t/a/l ea,2.44,2026,Procedure,CMS
15155,Tis cltr agrft f/s/n/h/f/g 1,9.89,2026,Procedure,CMS
15156,Tis clt agrft f/s/n/h/f/g ad,2.68,2026,Procedure,CMS
15157,Tis clt agrft f/s/n/h/f/g ea,2.93,2026,Procedure,CMS
15200,Fth/gft fr trnk 20 sq cm/<,8.92,2026,Procedure,CMS
15201,Fth/gft fr trnk each addl,1.29,2026,Procedure,CMS
15220,Fth/gft fr s/a/l 20 sq cm/<,7.89,2026,Procedure,CMS
15221,Fth/gft fr s/a/l each addl,1.16,2026,Procedure,CMS
15240,Fth/gft f/c/c/m/n/ax/g/h/f20,10.15,2026,Procedure,CMS
15241,Fth/gft f/c/c/m/n/a/g/h/f ea,1.81,2026,Procedure,CMS
15260,Fth/gft fr n/e/e/l 20 sqcm/<,11.35,2026,Procedure,CMS
15261,Fth/gft fr n/e/e/l each addl,2.17,2026,Procedure,CMS
15271,Skin sub graft trnk/arm/leg,1.46,2026,Procedure,CMS
15272,Skin sub graft t/a/l add-on,0.32,2026,Procedure,CMS
15273,Skin sub grft t/arm/lg child,3.41,2026,Procedure,CMS
15274,Skn sub grft t/a/l child add,0.78,2026,Procedure,CMS
15275,Skin sub graft face/nk/hf/g,1.78,2026,Procedure,CMS
15276,Skin sub graft f/n/hf/g addl,0.49,2026,Procedure,CMS
15277,Skn sub grft f/n/hf/g child,3.9,2026,Procedure,CMS
15278,Skn sub grft f/n/hf/g ch add,0.98,2026,Procedure,CMS
15570,Skin pedicle flap trunk,9.95,2026,Procedure,CMS
15572,Skin pedicle flap arms/legs,9.87,2026,Procedure,CMS
15574,Pedcle fh/ch/ch/m/n/ax/g/h/f,10.43,2026,Procedure,CMS
15576,Pedicle e/n/e/l/ntroral,9.14,2026,Procedure,CMS
15600,Delay flap trunk,1.96,2026,Procedure,CMS
15610,Delay flap arms/legs,2.46,2026,Procedure,CMS
15620,Delay flap f/c/c/n/ax/g/h/f,3.66,2026,Procedure,CMS
15630,Delay flap eye/nos/ear/lip,3.98,2026,Procedure,CMS
15650,Transfer skin pedicle flap,4.65,2026,Procedure,CMS
15730,Mdfc flap w/prsrv vasc pedcl,13.16,2026,Procedure,CMS
15731,Forehead flap w/vasc pedicle,14.02,2026,Procedure,CMS
15733,Musc myoq/fscq flp h&n pedcl,15.29,2026,Procedure,CMS
15734,Muscle-skin graft trunk,22.43,2026,Procedure,CMS
15736,Muscle-skin graft arm,16.61,2026,Procedure,CMS
15738,Muscle-skin graft leg,18.56,2026,Procedure,CMS
15740,Island pedicle flap graft,11.51,2026,Procedure,CMS
15750,Neurovascular pedicle flap,12.64,2026,Procedure,CMS
15756,Free myo/skin flap microvasc,36.02,2026,Procedure,CMS
15757,Free skin flap microvasc,36.22,2026,Procedure,CMS
15758,Free fascial flap microvasc,35.98,2026,Procedure,CMS
15760,Composite skin graft,9.61,2026,Procedure,CMS
15769,Grfg autol soft tiss dir exc,6.51,2026,Procedure,CMS
15770,Derma-fat-fascia graft,8.74,2026,Procedure,CMS
15771,Grfg autol fat lipo 50 cc/<,6.56,2026,Procedure,CMS
15772,Grfg autol fat lipo ea addl,2.44,2026,Procedure,CMS
15773,Grfg autol fat lipo 25 cc/<,6.66,2026,Procedure,CMS
15774,Gfrg autol fat lipo ea addl,2.35,2026,Procedure,CMS
15775,Hair trnspl 1-15 punch grfts,3.85,2026,Procedure,CMS
15776,Hair trnspl >15 punch grafts,5.39,2026,Procedure,CMS
15777,Acellular derm matrix implt,3.56,2026,Procedure,CMS
15778,Impl absrb msh/prsth dly cls,6.87,2026,Procedure,CMS
15780,Dermabrasion total face,8.51,2026,Procedure,CMS
15781,Dermabrasion segmental face,4.89,2026,Procedure,CMS
15782,Dermabrasion other than face,4.33,2026,Procedure,CMS
15783,Dermabrasion suprfl any site,4.3,2026,Procedure,CMS
15786,Abrasion lesion single,2.03,2026,Procedure,CMS
15787,Abrasion lesions add-on,0.32,2026,Procedure,CMS
15788,Chemical peel facial epidrm,2.04,2026,Procedure,CMS
15789,Chemical peel facial dermal,4.79,2026,Procedure,CMS
15792,Chem peel nonfacial epidrm,1.81,2026,Procedure,CMS
15793,Chemical peel nonfacial drm,3.86,2026,Procedure,CMS
15820,Blepharoplasty lower eyelid,6.11,2026,Procedure,CMS
15821,Blepharp lwr eyelid fat pad,6.67,2026,Procedure,CMS
15822,Blepharoplasty upper eyelid,4.5,2026,Procedure,CMS
15823,Blepharp upr eyelid xcsv skn,6.64,2026,Procedure,CMS
15824,Rhytidectomy forehead,0.0,2026,Procedure,CMS
15825,Rhytdct nck pltysml tghtg,0.0,2026,Procedure,CMS
15826,Rhytidectomy glblr frn lines,0.0,2026,Procedure,CMS
15828,Rhytidectomy cheek chn & nck,0.0,2026,Procedure,CMS
15829,Rhytidectomy smas flap,0.0,2026,Procedure,CMS
15830,Exc excessive skin abdomen,16.68,2026,Procedure,CMS
15832,Exc excessive skin thigh,12.53,2026,Procedure,CMS
15833,Exc excessive skin leg,11.6,2026,Procedure,CMS
15834,Exc excessive skin hip,11.87,2026,Procedure,CMS
15835,Exc excessive skin buttock,12.67,2026,Procedure,CMS
15836,Exc excessive skin arm,10.34,2026,Procedure,CMS
15837,Exc excsv skin forearm/hand,9.31,2026,Procedure,CMS
15838,Exc excsv submental fat pad,8.04,2026,Procedure,CMS
15839,Exc excessive skn other area,10.24,2026,Procedure,CMS
15840,Nerve palsy fascial graft,14.62,2026,Procedure,CMS
15841,Nerve palsy muscle graft,25.34,2026,Procedure,CMS
15842,Nerve palsy microsurg graft,39.98,2026,Procedure,CMS
15845,Skin and muscle repair face,13.96,2026,Procedure,CMS
15847,Exc skin abd add-on,0.0,2026,Procedure,CMS
15851,Removal sutr/staple req anes,1.07,2026,Procedure,CMS
15852,Dressing change not for burn,0.84,2026,Procedure,CMS
15853,Removal sutr/stapl xreq anes,0.0,2026,Procedure,CMS
15854,Removal sutr&stapl xreq anes,0.0,2026,Procedure,CMS
15860,Iv njx tst vasc flo flap/grf,1.9,2026,Procedure,CMS
15876,Suction lipectomy head&neck,0.0,2026,Procedure,CMS
15877,Suction lipectomy trunk,0.0,2026,Procedure,CMS
15878,Suction lipectomy upr extrem,0.0,2026,Procedure,CMS
15879,Suction lipectomy lwr extrem,0.0,2026,Procedure,CMS
15920,Exc coccygl pr ulc prim sutr,8.08,2026,Procedure,CMS
15922,Exc coccygl pr ulc flap clsr,10.12,2026,Procedure,CMS
15931,Exc sacral pr ulc prim sutr,9.82,2026,Procedure,CMS
15933,Exc sac pr ulc prim str ostc,11.48,2026,Procedure,CMS
15934,Exc sacral pr ulc skn flap,13.34,2026,Procedure,CMS
15935,Exc sac pr ulc skn flp ostc,15.39,2026,Procedure,CMS
15936,Exc sac pr ulc prep mus flap,12.83,2026,Procedure,CMS
15937,Exc sac pr ulc prep mus ostc,14.76,2026,Procedure,CMS
15940,Exc ischial pr ulc prim sutr,9.95,2026,Procedure,CMS
15941,Exc isch pr ulc prm sut ostc,12.1,2026,Procedure,CMS
15944,Exc isch pr ulc skn flp clsr,12.13,2026,Procedure,CMS
15945,Exc isch pr ulc skn flp ostc,13.41,2026,Procedure,CMS
15946,Exc isch pr ulc prep mus flp,23.52,2026,Procedure,CMS
15950,Exc trchntr pr ulc prim sutr,7.83,2026,Procedure,CMS
15951,Exc trchntr pr ulc ostc,11.29,2026,Procedure,CMS
15952,Exc trchntr pr ulc flp clsr,12.0,2026,Procedure,CMS
15953,Exc trchntr pr ulc flp ostc,13.23,2026,Procedure,CMS
15956,Exc trchntr pr ulc prep flap,16.37,2026,Procedure,CMS
15958,Exc trchntr pr ulc prep ostc,16.33,2026,Procedure,CMS
15999,Unlisted px exc pressure ulc,0.0,2026,Procedure,CMS
16000,Initial treatment of burn(s),0.87,2026,Procedure,CMS
16020,Dress/debrid p-thick burn s,0.69,2026,Procedure,CMS
16025,Dress/debrid p-thick burn m,1.7,2026,Procedure,CMS
16030,Dress/debrid p-thick burn l,2.03,2026,Procedure,CMS
16035,Escharotomy 1st incision,3.65,2026,Procedure,CMS
16036,Escharotomy ea addl incision,1.46,2026,Procedure,CMS
17000,Destruct premalg lesion,0.59,2026,Procedure,CMS
17003,Destruct premalg les 2-14,0.04,2026,Procedure,CMS
17004,Destroy premal lesions 15/>,1.34,2026,Procedure,CMS
17106,Dstr cut vsc prlf les<10sqcm,3.6,2026,Procedure,CMS
17107,Dstr cut vsc prlf les10-50sq,4.67,2026,Procedure,CMS
17108,Dstr cut vsc prlf les>50sqcm,7.3,2026,Procedure,CMS
17110,Destruction b9 les up to 14,0.68,2026,Procedure,CMS
17111,Destruction b9 lesions 15/>,0.95,2026,Procedure,CMS
17250,Chem caut of granltj tissue,0.49,2026,Procedure,CMS
17260,Dstrj mal les t/a/l 0.5 cm/<,0.94,2026,Procedure,CMS
17261,Dstrj mal les t/a/l .6-1.0cm,1.19,2026,Procedure,CMS
17262,Dstrj mal les t/a/l 1.1-2.0,1.59,2026,Procedure,CMS
17263,Dstrj mal les t/a/l 2.1-3.0,1.79,2026,Procedure,CMS
17264,Dstrj mal les t/a/l 3.1-4.0,1.94,2026,Procedure,CMS
17266,Dstrj mal les t/a/l >4.0 cm,2.33,2026,Procedure,CMS
17270,Dstr mal les s/n/h/f/g .5 /<,1.34,2026,Procedure,CMS
17271,Dstr mal les s/n/h/f/g 0.6-1,1.5,2026,Procedure,CMS
17272,Dstr mal les s/n/h/f/g 1.1-2,1.77,2026,Procedure,CMS
17273,Dstr mal les s/n/h/f/g 2.1-3,2.05,2026,Procedure,CMS
17274,Dstr mal les s/n/h/f/g 3.1-4,2.57,2026,Procedure,CMS
17276,Dstr mal les s/n/h/f/g >4.0,3.17,2026,Procedure,CMS
17280,Dstr mal ls f/e/e/n/l/m .5/<,1.19,2026,Procedure,CMS
17281,Dstr mal ls f/e/e/n/l/m .6-1,1.73,2026,Procedure,CMS
17282,Dstr mal ls f/e/e/n/l/m1.1-2,2.04,2026,Procedure,CMS
17283,Dstr mal ls f/e/e/n/l/m2.1-3,2.62,2026,Procedure,CMS
17284,Dstr mal ls f/e/e/n/l/m3.1-4,3.12,2026,Procedure,CMS
17286,Dstr mal ls f/e/e/n/l/m>4.0,4.37,2026,Procedure,CMS
17311,Mohs 1 stage h/n/hf/g,6.05,2026,Procedure,CMS
17312,Mohs addl stage,3.22,2026,Procedure,CMS
17313,Mohs 1 stage t/a/l,5.42,2026,Procedure,CMS
17314,Mohs addl stage t/a/l,2.98,2026,Procedure,CMS
17315,Mohs surg addl block,0.85,2026,Procedure,CMS
17340,Cryotherapy for acne,0.75,2026,Procedure,CMS
17360,Chemical exfoliation acne,1.42,2026,Procedure,CMS
17380,Electrolysis epilation ea 30,0.0,2026,Procedure,CMS
17999,Unlistd px skn muc memb subq,0.0,2026,Procedure,CMS
19000,Puncture aspir cyst breast,0.82,2026,Procedure,CMS
19001,Puncture aspir cyst brst ea,0.41,2026,Procedure,CMS
19020,Mastotomy expl drg absc dp,3.73,2026,Procedure,CMS
19030,Njx px only mam ducto/glcto,1.49,2026,Procedure,CMS
19081,Bx breast 1st lesion strtctc,3.21,2026,Procedure,CMS
19082,Bx breast add lesion strtctc,1.61,2026,Procedure,CMS
19083,Bx breast 1st lesion us imag,3.02,2026,Procedure,CMS
19084,Bx breast add lesion us imag,1.51,2026,Procedure,CMS
19085,Bx breast 1st lesion mr imag,3.55,2026,Procedure,CMS
19086,Bx breast add lesion mr imag,1.77,2026,Procedure,CMS
19100,Bx breast percut w/o image,1.24,2026,Procedure,CMS
19101,Biopsy of breast open,3.15,2026,Procedure,CMS
19105,Cryosurg ablate fa each,3.6,2026,Procedure,CMS
19110,Nipple exploration,4.33,2026,Procedure,CMS
19112,Excise breast duct fistula,3.71,2026,Procedure,CMS
19120,Removal of breast lesion,5.77,2026,Procedure,CMS
19125,Excision breast lesion,6.52,2026,Procedure,CMS
19126,Excision addl breast lesion,2.86,2026,Procedure,CMS
19281,Perq device breast 1st imag,1.95,2026,Procedure,CMS
19282,Perq device breast ea imag,0.98,2026,Procedure,CMS
19283,Perq dev breast 1st strtctc,1.95,2026,Procedure,CMS
19284,Perq dev breast add strtctc,0.98,2026,Procedure,CMS
19285,Perq dev breast 1st us imag,1.66,2026,Procedure,CMS
19286,Perq dev breast add us imag,0.83,2026,Procedure,CMS
19287,Perq dev breast 1st mr guide,2.49,2026,Procedure,CMS
19288,Perq dev breast add mr guide,1.25,2026,Procedure,CMS
19294,Prepj tum cav iort prtl mast,2.93,2026,Procedure,CMS
19296,Place po breast cath for rad,3.54,2026,Procedure,CMS
19297,Place breast cath for rad,1.68,2026,Procedure,CMS
19298,Place breast rad tube/caths,5.61,2026,Procedure,CMS
19300,Mastectomy for gynecomastia,5.18,2026,Procedure,CMS
19301,Partial mastectomy,9.88,2026,Procedure,CMS
19302,P-mastectomy w/ln removal,13.64,2026,Procedure,CMS
19303,Mast simple complete,14.63,2026,Procedure,CMS
19305,Mast radical,17.02,2026,Procedure,CMS
19306,Mast rad urban type,17.68,2026,Procedure,CMS
19307,Mast mod rad,17.54,2026,Procedure,CMS
19316,Mastopexy,10.81,2026,Procedure,CMS
19318,Breast reduction,15.63,2026,Procedure,CMS
19325,Breast augmentation w/implt,7.92,2026,Procedure,CMS
19328,Rmvl intact breast implant,7.25,2026,Procedure,CMS
19330,Rmvl ruptured breast implant,8.78,2026,Procedure,CMS
19340,Insj breast implt sm d mast,10.22,2026,Procedure,CMS
19342,Insj/rplcmt brst implt sep d,10.22,2026,Procedure,CMS
19350,Nipple/areola reconstruction,8.88,2026,Procedure,CMS
19355,Correct inverted nipple(s),8.31,2026,Procedure,CMS
19357,Tiss xpndr plmt brst rcnstj,14.47,2026,Procedure,CMS
19361,Brst rcnstj latsms drsi flap,22.78,2026,Procedure,CMS
19364,Brst rcnstj free flap,41.52,2026,Procedure,CMS
19367,Brst rcnstj 1 pdcl tram flap,26.13,2026,Procedure,CMS
19368,Brst rcnstj 1pdcl tram anast,33.05,2026,Procedure,CMS
19369,Brst rcnstj 2 pdcl tram flap,30.53,2026,Procedure,CMS
19370,Revj peri-implt capsule brst,8.94,2026,Procedure,CMS
19371,Peri-implt capslc brst compl,9.73,2026,Procedure,CMS
19380,Revj reconstructed breast,10.89,2026,Procedure,CMS
19396,Design custom breast implant,2.12,2026,Procedure,CMS
19499,Unlisted procedure breast,0.0,2026,Procedure,CMS
2000F,Blood pressure measure,0.0,2026,Procedure,CMS
2001F,Weight record,0.0,2026,Procedure,CMS
2002F,Clin sign vol ovrld assess,0.0,2026,Procedure,CMS
2004F,Initial exam involved joints,0.0,2026,Procedure,CMS
20100,Expl pentrg wound neck,10.12,2026,Procedure,CMS
20101,Expl pentrg wound chest,3.15,2026,Procedure,CMS
20102,Expl pentrg wnd abd/flnk/bk,3.88,2026,Procedure,CMS
20103,Expl pentrg wound extremity,5.21,2026,Procedure,CMS
2010F,Vital signs recorded,0.0,2026,Procedure,CMS
2014F,Mental status assess,0.0,2026,Procedure,CMS
20150,Excision epiphyseal bar,14.38,2026,Procedure,CMS
2015F,Asthma impairment assessed,0.0,2026,Procedure,CMS
2016F,Asthma risk assessed,0.0,2026,Procedure,CMS
2018F,Hydration status assess,0.0,2026,Procedure,CMS
2019F,Dilated macul exam done,0.0,2026,Procedure,CMS
20200,Muscle biopsy superficial,1.42,2026,Procedure,CMS
20205,Deep muscle biopsy,2.29,2026,Procedure,CMS
20206,Biopsy muscle perq needle,0.97,2026,Procedure,CMS
2020F,Dilated fundus eval done,0.0,2026,Procedure,CMS
2021F,Dilat macular exam done,0.0,2026,Procedure,CMS
20220,Bone biopsy trocar/ndl supfc,1.61,2026,Procedure,CMS
20225,Bone biopsy trocar/ndl deep,2.39,2026,Procedure,CMS
2022F,Dilat rta xm evc rtnopthy,0.0,2026,Procedure,CMS
2023F,Dilat rta xm w/o rtnopthy,0.0,2026,Procedure,CMS
20240,Bone biopsy open superficial,2.54,2026,Procedure,CMS
20245,Bone biopsy open deep,5.85,2026,Procedure,CMS
2024F,7 fld rta photo evc rtnopthy,0.0,2026,Procedure,CMS
20250,Biopsy vrt bdy open thoracic,5.06,2026,Procedure,CMS
20251,Biopsy vrt bdy open lmbr/crv,5.58,2026,Procedure,CMS
2025F,7 fld rta photo w/o rtnopthy,0.0,2026,Procedure,CMS
2026F,Eye img valid evc rtnopthy,0.0,2026,Procedure,CMS
2027F,Optic nerve head eval done,0.0,2026,Procedure,CMS
2028F,Foot exam performed,0.0,2026,Procedure,CMS
2029F,Complete phys skin exam done,0.0,2026,Procedure,CMS
2030F,H2o stat docd normal,0.0,2026,Procedure,CMS
2031F,H2o stat docd dehydrated,0.0,2026,Procedure,CMS
2033F,Eye img valid w/o rtnopthy,0.0,2026,Procedure,CMS
2035F,Tymp memb motion examd,0.0,2026,Procedure,CMS
2040F,Bk pn xm on init visit date,0.0,2026,Procedure,CMS
2044F,Doc mntl tst b/4 bk trxmnt,0.0,2026,Procedure,CMS
20500,Njx sinus tract therapeutic,1.25,2026,Procedure,CMS
20501,Njx sinus tract diagnostic,0.74,2026,Procedure,CMS
2050F,Wound char size etc docd,0.0,2026,Procedure,CMS
20520,Rmvl fb musc/tdn simple,1.85,2026,Procedure,CMS
20525,Rmvl fb musc/tdn deep/comp,3.45,2026,Procedure,CMS
20526,Ther injection carp tunnel,0.92,2026,Procedure,CMS
20527,Njx nzm palmar fascial cord,0.98,2026,Procedure,CMS
20550,Njx 1 tendon sheath/ligament,0.73,2026,Procedure,CMS
20551,Njx 1 tendon origin/insj,0.73,2026,Procedure,CMS
20552,Njx 1/mlt trigger point 1/2,0.64,2026,Procedure,CMS
20553,Njx 1/mlt trigger points 3/>,0.73,2026,Procedure,CMS
20555,Place ndl musc/tis for rt,5.85,2026,Procedure,CMS
20560,Ndl insj w/o njx 1 or 2 musc,0.31,2026,Procedure,CMS
20561,Ndl insj w/o njx 3+ musc,0.47,2026,Procedure,CMS
20600,Drain/inj joint/bursa w/o us,0.64,2026,Procedure,CMS
20604,Drain/inj joint/bursa w/us,0.87,2026,Procedure,CMS
20605,Drain/inj joint/bursa w/o us,0.66,2026,Procedure,CMS
20606,Drain/inj joint/bursa w/us,0.98,2026,Procedure,CMS
2060F,Pt intrvwd on/before dx mdd,0.0,2026,Procedure,CMS
20610,Drain/inj joint/bursa w/o us,0.77,2026,Procedure,CMS
20611,Drain/inj joint/bursa w/us,1.07,2026,Procedure,CMS
20612,Aspirate/inj ganglion cyst,0.68,2026,Procedure,CMS
20615,Treatment of bone cyst,2.27,2026,Procedure,CMS
20650,Insert and remove bone pin,2.22,2026,Procedure,CMS
20660,Apply rem fixation device,3.9,2026,Procedure,CMS
20661,Application halo cranial,5.13,2026,Procedure,CMS
20662,Application halo pelvic,6.22,2026,Procedure,CMS
20663,Application halo femoral,5.6,2026,Procedure,CMS
20664,Appl halo cranial 6+pins,9.81,2026,Procedure,CMS
20665,Rmvl tongs/halo anthr indiv,1.33,2026,Procedure,CMS
20670,Removal implant superficial,1.75,2026,Procedure,CMS
20680,Removal of implant deep,5.81,2026,Procedure,CMS
20690,Appl unipln uni ext fixj sys,8.56,2026,Procedure,CMS
20692,Appl mltpln uni ext fixj sys,15.86,2026,Procedure,CMS
20693,Adjmt/revj ext fixj sys anes,5.91,2026,Procedure,CMS
20694,Rmvl ext fixj sys under anes,4.17,2026,Procedure,CMS
20696,App mltpln uni xtrnl fix 1st,17.12,2026,Procedure,CMS
20697,App mltpln uni xtrnl fix xch,0.0,2026,Procedure,CMS
20700,Mnl prep&insj dp rx dlvr dev,1.46,2026,Procedure,CMS
20701,Rmvl deep rx delivery device,1.1,2026,Procedure,CMS
20702,Mnl prep&insj imed rx dev,2.44,2026,Procedure,CMS
20703,Rmvl imed rx delivery device,1.76,2026,Procedure,CMS
20704,Mnl prep&insj i-artic rx dev,2.54,2026,Procedure,CMS
20705,Rmvl i-artic rx delivery dev,2.1,2026,Procedure,CMS
20802,Replantation arm complete,41.55,2026,Procedure,CMS
20805,Replant forearm complete,50.17,2026,Procedure,CMS
20808,Replantation hand complete,61.51,2026,Procedure,CMS
20816,Replantation digit complete,31.15,2026,Procedure,CMS
20822,Replantation digit complete,25.99,2026,Procedure,CMS
20824,Replantation thumb complete,31.15,2026,Procedure,CMS
20827,Replantation thumb complete,26.79,2026,Procedure,CMS
20838,Replantation foot complete,41.81,2026,Procedure,CMS
20900,Removal of bone for graft,2.93,2026,Procedure,CMS
20902,Removal of bone for graft,4.47,2026,Procedure,CMS
20910,Remove cartilage for graft,5.39,2026,Procedure,CMS
20912,Remove cartilage for graft,6.38,2026,Procedure,CMS
20920,Removal of fascia for graft,5.37,2026,Procedure,CMS
20922,Removal of fascia for graft,6.76,2026,Procedure,CMS
20924,Removal of tendon for graft,6.51,2026,Procedure,CMS
20930,Sp bone algrft morsel add-on,0.0,2026,Procedure,CMS
20931,Sp bone algrft struct add-on,1.76,2026,Procedure,CMS
20932,Osteoart algrft w/surf & b1,12.68,2026,Procedure,CMS
20933,Hemicrt intrclry algrft prtl,11.64,2026,Procedure,CMS
20934,Intercalary algrft compl,12.68,2026,Procedure,CMS
20936,Sp bone agrft local add-on,0.0,2026,Procedure,CMS
20937,Sp bone agrft morsel add-on,2.72,2026,Procedure,CMS
20938,Sp bone agrft struct add-on,2.94,2026,Procedure,CMS
20939,Bone marrow aspir bone grfg,1.13,2026,Procedure,CMS
20950,Mntr intrstitial fluid press,1.23,2026,Procedure,CMS
20955,Fibula bone graft microvasc,39.25,2026,Procedure,CMS
20956,Iliac bone graft microvasc,40.15,2026,Procedure,CMS
20957,Mt bone graft microvasc,41.54,2026,Procedure,CMS
20962,Other bone graft microvasc,38.23,2026,Procedure,CMS
20969,Bone/skin graft microvasc,44.29,2026,Procedure,CMS
20970,Bone/skin graft iliac crest,43.47,2026,Procedure,CMS
20972,Bone/skin graft metatarsal,43.4,2026,Procedure,CMS
20973,Bone/skin graft great toe,46.09,2026,Procedure,CMS
20974,Estim aid bone healg n-invas,0.6,2026,Procedure,CMS
20975,Estim aid bone healg invasiv,2.54,2026,Procedure,CMS
20979,Lw ntsty us stimj bone healg,0.6,2026,Procedure,CMS
20982,Ablate bone tumor(s) perq,6.84,2026,Procedure,CMS
20983,Ablate bone tumor(s) perq,6.71,2026,Procedure,CMS
20985,Cptr-asst dir ms px,2.44,2026,Procedure,CMS
20999,Unlisted px muscskel general,0.0,2026,Procedure,CMS
21010,Incision of jaw joint,10.76,2026,Procedure,CMS
21011,Exc face les sc <2 cm,2.92,2026,Procedure,CMS
21012,Exc face les sbq 2 cm/>,4.34,2026,Procedure,CMS
21013,Exc face tum deep < 2 cm,5.28,2026,Procedure,CMS
21014,Exc face tum deep 2 cm/>,6.95,2026,Procedure,CMS
21015,Resect face/scalp tum < 2 cm,9.64,2026,Procedure,CMS
21016,Resect face/scalp tum 2 cm/>,14.88,2026,Procedure,CMS
21025,Excision of bone lower jaw,9.78,2026,Procedure,CMS
21026,Excision of facial bone(s),5.56,2026,Procedure,CMS
21029,Contour of face bone lesion,8.18,2026,Procedure,CMS
21030,Excise max/zygoma b9 tumor,4.79,2026,Procedure,CMS
21031,Remove exostosis mandible,3.22,2026,Procedure,CMS
21032,Remove exostosis maxilla,3.26,2026,Procedure,CMS
21034,Excise max/zygoma mal tumor,16.95,2026,Procedure,CMS
21040,Excise mandible lesion,4.79,2026,Procedure,CMS
21044,Removal of jaw bone lesion,12.48,2026,Procedure,CMS
21045,Extensive jaw surgery,17.91,2026,Procedure,CMS
21046,Remove mandible cyst complex,13.85,2026,Procedure,CMS
21047,Excise lwr jaw cyst w/repair,19.57,2026,Procedure,CMS
21048,Remove maxilla cyst complex,14.34,2026,Procedure,CMS
21049,Excis uppr jaw cyst w/repair,18.84,2026,Procedure,CMS
21050,Removal of jaw joint,11.47,2026,Procedure,CMS
21060,Remove jaw joint cartilage,10.79,2026,Procedure,CMS
21070,Remove coronoid process,8.4,2026,Procedure,CMS
21073,Mnpj of tmj w/anesth,3.36,2026,Procedure,CMS
21076,Impres&prep surg obt prosth,13.07,2026,Procedure,CMS
21077,Impres&prep orbital prosth,32.86,2026,Procedure,CMS
21079,Impres&prep intrm obt prosth,21.75,2026,Procedure,CMS
21080,Impres&prep def obt prosth,24.43,2026,Procedure,CMS
21081,Impres&prep mndbl res prosth,22.28,2026,Procedure,CMS
21082,Impres&prep paltl aug prosth,20.32,2026,Procedure,CMS
21083,Impres&prep paltl lft prosth,18.79,2026,Procedure,CMS
21084,Impres&prep sp aid prosth,21.92,2026,Procedure,CMS
21085,Impres&prep oral surg splint,8.77,2026,Procedure,CMS
21086,Impres&prep auricular prosth,24.26,2026,Procedure,CMS
21087,Impres&prep nasal prosth,24.26,2026,Procedure,CMS
21088,Impres&prep facial prosth,0.0,2026,Procedure,CMS
21089,Unlisted maxlfcl prosth px,0.0,2026,Procedure,CMS
21100,Maxillofacial fixation,4.61,2026,Procedure,CMS
21110,Interdental fixation,5.84,2026,Procedure,CMS
21116,Injection jaw joint x-ray,0.79,2026,Procedure,CMS
21120,Genioplasty augmentation,4.97,2026,Procedure,CMS
21121,Geniop sldg osteot 1,7.61,2026,Procedure,CMS
21122,Geniop sldg osteot 2/>,8.49,2026,Procedure,CMS
21123,Geniop sldg augmentation,11.06,2026,Procedure,CMS
21125,Augmentation mndblr prostc,10.53,2026,Procedure,CMS
21127,Augmentation mndblr b1 grf,12.13,2026,Procedure,CMS
21137,Rdctj forehead cntrg only,9.98,2026,Procedure,CMS
21138,Rdctj forehead cntrg&prostc,12.55,2026,Procedure,CMS
21139,Rdctj forehead cntrg&setback,14.64,2026,Procedure,CMS
21141,Rcnstj midface lefort i 1pc,19.08,2026,Procedure,CMS
21142,Rcnstj midface lefort i 2pcs,19.77,2026,Procedure,CMS
21143,Rcnstj mdface lefort i 3/>pc,20.52,2026,Procedure,CMS
21145,Rcnstj mdfc lefort i 1 w/grf,23.34,2026,Procedure,CMS
21146,Rcnstj mdfc lefort i 2 w/grf,24.25,2026,Procedure,CMS
21147,Rcnstj mdfc lefort i 3/>grf,25.81,2026,Procedure,CMS
21150,Rcnstj mdfc lefrtii ant ntru,25.31,2026,Procedure,CMS
21151,Rcnstj mdfc lefrtii w/b1 grf,28.29,2026,Procedure,CMS
21154,Rcnstj mdfc lefort iii w/o i,30.51,2026,Procedure,CMS
21155,Rcnstj mdfc lefort iii w/i,34.34,2026,Procedure,CMS
21159,Rcnst mdfc lfrtiii advm wo i,42.06,2026,Procedure,CMS
21160,Rcnst mdfc lfrtiii advm w/i,46.01,2026,Procedure,CMS
21172,Rcnst supr-lat orb rm&lw fhd,27.5,2026,Procedure,CMS
21175,Rcnst bfrnt sp orb rm&lw fhd,32.72,2026,Procedure,CMS
21179,Rcnstj forehead with grafts,22.08,2026,Procedure,CMS
21180,Rcnstj forehead w/autograft,24.94,2026,Procedure,CMS
21181,Rcnst cntrg b9 tum crnl xtrc,10.02,2026,Procedure,CMS
21182,Reconstruct cranial bone,31.77,2026,Procedure,CMS
21183,Reconstruct cranial bone,34.81,2026,Procedure,CMS
21184,Reconstruct cranial bone,37.65,2026,Procedure,CMS
21188,Reconstruction of midface,22.57,2026,Procedure,CMS
21193,Reconst lwr jaw w/o graft,18.43,2026,Procedure,CMS
21194,Reconst lwr jaw w/graft,21.27,2026,Procedure,CMS
21195,Reconst lwr jaw w/o fixation,18.68,2026,Procedure,CMS
21196,Reconst lwr jaw w/fixation,20.31,2026,Procedure,CMS
21198,Reconstr lwr jaw segment,15.32,2026,Procedure,CMS
21199,Reconstr lwr jaw w/advance,16.31,2026,Procedure,CMS
21206,Reconstruct upper jaw bone,15.2,2026,Procedure,CMS
21208,Augmentation of facial bones,11.13,2026,Procedure,CMS
21209,Reduction of facial bones,7.62,2026,Procedure,CMS
21210,Face bone graft,11.4,2026,Procedure,CMS
21215,Lower jaw bone graft,11.92,2026,Procedure,CMS
21230,Rib cartilage graft,10.89,2026,Procedure,CMS
21235,Ear cartilage graft,7.31,2026,Procedure,CMS
21240,Reconstruction of jaw joint,15.67,2026,Procedure,CMS
21242,Reconstruction of jaw joint,14.23,2026,Procedure,CMS
21243,Reconstruction of jaw joint,23.92,2026,Procedure,CMS
21244,Reconstruction of lower jaw,13.28,2026,Procedure,CMS
21245,Reconstruction of jaw,12.79,2026,Procedure,CMS
21246,Reconstruction of jaw,12.6,2026,Procedure,CMS
21247,Reconstruct lower jaw bone,23.76,2026,Procedure,CMS
21248,Reconstruction of jaw,12.42,2026,Procedure,CMS
21249,Reconstruction of jaw,18.3,2026,Procedure,CMS
21255,Reconstruct lower jaw bone,18.0,2026,Procedure,CMS
21256,Reconstruction of orbit,17.22,2026,Procedure,CMS
21260,Revise eye sockets,17.45,2026,Procedure,CMS
21261,Revise eye sockets,33.22,2026,Procedure,CMS
21263,Revise eye sockets,30.23,2026,Procedure,CMS
21267,Revise eye sockets,20.17,2026,Procedure,CMS
21268,Revise eye sockets,26.39,2026,Procedure,CMS
21270,Augmentation cheek bone,10.36,2026,Procedure,CMS
21275,Revision orbitofacial bones,11.47,2026,Procedure,CMS
21280,Medial canthopexy,6.95,2026,Procedure,CMS
21282,Lateral canthopexy,4.16,2026,Procedure,CMS
21295,Revision of jaw muscle/bone,1.85,2026,Procedure,CMS
21296,Revision of jaw muscle/bone,4.66,2026,Procedure,CMS
21299,Unlisted cranfcl&maxlfcl px,0.0,2026,Procedure,CMS
21315,Clsd tx nsl fx mnpj wo stblj,0.94,2026,Procedure,CMS
21320,Clsd tx nsl fx w/mnpj&stablj,1.55,2026,Procedure,CMS
21325,Open tx nose fx uncomplicatd,4.08,2026,Procedure,CMS
21330,Open tx nose fx w/skele fixj,5.65,2026,Procedure,CMS
21335,Open tx nose & septal fx,8.79,2026,Procedure,CMS
21336,Open tx septal fx w/wo stabj,6.6,2026,Procedure,CMS
21337,Closed tx septal&nose fx,3.31,2026,Procedure,CMS
21338,Open nasoethmoid fx w/o fixj,6.7,2026,Procedure,CMS
21339,Open nasoethmoid fx w/ fixj,8.29,2026,Procedure,CMS
21340,Perq tx nasoethmoid fx,11.2,2026,Procedure,CMS
21343,Open tx dprsd front sinus fx,13.96,2026,Procedure,CMS
21344,Open tx compl front sinus fx,21.03,2026,Procedure,CMS
21345,Closed tx nose/jaw fx,8.83,2026,Procedure,CMS
21346,Opn tx nasomax fx w/fixj,11.16,2026,Procedure,CMS
21347,Opn tx nasomax fx multple,13.19,2026,Procedure,CMS
21348,Opn tx nasomax fx w/graft,17.08,2026,Procedure,CMS
21355,Perq tx malar fracture,4.34,2026,Procedure,CMS
21356,Opn tx dprsd zygomatic arch,4.71,2026,Procedure,CMS
21360,Opn tx dprsd malar fracture,7.01,2026,Procedure,CMS
21365,Opn tx complx malar fx,16.35,2026,Procedure,CMS
21366,Opn tx complx malar w/grft,18.14,2026,Procedure,CMS
21385,Opn tx orbit fx transantral,9.33,2026,Procedure,CMS
21386,Opn tx orbit fx periorbital,9.33,2026,Procedure,CMS
21387,Opn tx orbit fx combined,9.86,2026,Procedure,CMS
21390,Opn tx orbit periorbtl implt,10.95,2026,Procedure,CMS
21395,Opn tx orbit periorbt w/grft,14.33,2026,Procedure,CMS
21400,Closed tx orbit w/o manipulj,1.46,2026,Procedure,CMS
21401,Closed tx orbit w/manipulj,3.59,2026,Procedure,CMS
21406,Opn tx orbit fx w/o implant,7.23,2026,Procedure,CMS
21407,Opn tx orbit fx w/implant,8.79,2026,Procedure,CMS
21408,Opn tx orbit fx w/bone grft,12.46,2026,Procedure,CMS
21421,Cltx palatal/max fx wire fix,5.87,2026,Procedure,CMS
21422,Optx palatal/max fracture,8.51,2026,Procedure,CMS
21423,Optx palatal/max fx comp,10.58,2026,Procedure,CMS
21431,Cltx craniofacial separation,7.7,2026,Procedure,CMS
21432,Optx cranfcl sep w/wiring,8.6,2026,Procedure,CMS
21433,Optx cranfcl sep comp mlt,25.63,2026,Procedure,CMS
21435,Optx crnfc sep comp int&/xtr,19.75,2026,Procedure,CMS
21436,Optx crnfcl sep comp mlt int,29.54,2026,Procedure,CMS
21440,Cltx mndblr/max alv ridge fx,3.35,2026,Procedure,CMS
21445,Optx mndblr/max alv ridge fx,6.1,2026,Procedure,CMS
21450,Cltx mndblr fx w/o mnpj,3.62,2026,Procedure,CMS
21451,Cltx mndblr fx w/mnpj,5.51,2026,Procedure,CMS
21452,Perq tx mndblr fx xtrnl fixj,2.34,2026,Procedure,CMS
21453,Cltx mndblr fx ntrdntl fixj,6.47,2026,Procedure,CMS
21454,Optx mndblr fx xtrnl fixj,7.18,2026,Procedure,CMS
21461,Optx mndblr fx wo ntrdntl,9.08,2026,Procedure,CMS
21462,Optx mndblr fx w/ntrdntl,10.73,2026,Procedure,CMS
21465,Optx mndblr cndylr fx,12.79,2026,Procedure,CMS
21470,Optx complicated mndblr fx,17.1,2026,Procedure,CMS
21480,Cltx tmprmand dislc 1st/sbsq,0.59,2026,Procedure,CMS
21485,Cltx tmprmand dislc comp,4.65,2026,Procedure,CMS
21490,Optx tmprmand dislocation,12.63,2026,Procedure,CMS
21497,Interdental wirg oth/thn fx,4.52,2026,Procedure,CMS
21499,Unlisted muscskel px head,0.0,2026,Procedure,CMS
21501,I&d dp absc/hmtma sft ts nck,3.88,2026,Procedure,CMS
21502,I&d dp abs/hmtm nck rib ostc,7.36,2026,Procedure,CMS
21510,Inc deep opng b1 crtx thorax,6.05,2026,Procedure,CMS
21550,Biopsy of neck/chest,2.06,2026,Procedure,CMS
21552,Exc neck les sc 3 cm/>,6.33,2026,Procedure,CMS
21554,Exc neck tum deep 5 cm/>,10.85,2026,Procedure,CMS
21555,Exc neck les sc < 3 cm,3.86,2026,Procedure,CMS
21556,Exc neck tum deep < 5 cm,7.47,2026,Procedure,CMS
21557,Resect neck thorax tumor<5cm,14.38,2026,Procedure,CMS
21558,Resect neck tumor 5 cm/>,21.04,2026,Procedure,CMS
21600,Partial removal of rib,7.08,2026,Procedure,CMS
21601,Exc chest wall tumor w/ribs,17.34,2026,Procedure,CMS
21602,Exc ch wal tum w/o lymphadec,21.64,2026,Procedure,CMS
21603,Exc ch wal tum w/lymphadec,24.54,2026,Procedure,CMS
21610,Costotransversectomy,15.51,2026,Procedure,CMS
21615,Excision 1st &/cervical rib,10.19,2026,Procedure,CMS
21616,Exc 1st&/crv rib w/sympth,12.37,2026,Procedure,CMS
21620,Ostectomy sternum partial,7.1,2026,Procedure,CMS
21627,Sternal debridement,7.12,2026,Procedure,CMS
21630,Radical resection sternum,18.7,2026,Procedure,CMS
21685,Hyoid myotomy & suspension,14.88,2026,Procedure,CMS
21700,Revision of neck muscle,6.15,2026,Procedure,CMS
21705,Revision of neck muscle/rib,9.67,2026,Procedure,CMS
21720,Revision of neck muscle,5.66,2026,Procedure,CMS
21725,Revision of neck muscle,7.01,2026,Procedure,CMS
21740,Reconstruction of sternum,17.13,2026,Procedure,CMS
21742,Repair stern/nuss w/o scope,0.0,2026,Procedure,CMS
21743,Repair sternum/nuss w/scope,0.0,2026,Procedure,CMS
21750,Repair of sternum separation,11.12,2026,Procedure,CMS
21811,Optx of rib fx w/fixj scope,10.52,2026,Procedure,CMS
21812,Treatment of rib fracture,12.68,2026,Procedure,CMS
21813,Treatment of rib fracture,17.17,2026,Procedure,CMS
21820,Treat sternum fracture,1.33,2026,Procedure,CMS
21825,Treat sternum fracture,7.57,2026,Procedure,CMS
21899,Unlisted px neck/thorax,0.0,2026,Procedure,CMS
21920,Biopsy soft tissue of back,2.06,2026,Procedure,CMS
21925,Biopsy soft tissue of back,4.51,2026,Procedure,CMS
21930,Exc back les sc < 3 cm,4.82,2026,Procedure,CMS
21931,Exc back les sc 3 cm/>,6.71,2026,Procedure,CMS
21932,Exc back tum deep < 5 cm,9.57,2026,Procedure,CMS
21933,Exc back tum deep 5 cm/>,10.85,2026,Procedure,CMS
21935,Resect back tum < 5 cm,15.33,2026,Procedure,CMS
21936,Resect back tum 5 cm/>,21.99,2026,Procedure,CMS
22010,I&d p-spine c/t/cerv-thor,12.43,2026,Procedure,CMS
22015,I&d abscess p-spine l/s/ls,12.32,2026,Procedure,CMS
22100,Remove part of neck vertebra,10.73,2026,Procedure,CMS
22101,Remove part thorax vertebra,10.8,2026,Procedure,CMS
22102,Remove part lumbar vertebra,10.8,2026,Procedure,CMS
22103,Remove extra spine segment,2.28,2026,Procedure,CMS
22110,Remove part of neck vertebra,13.65,2026,Procedure,CMS
22112,Remove part thorax vertebra,13.72,2026,Procedure,CMS
22114,Remove part lumbar vertebra,13.72,2026,Procedure,CMS
22116,Remove extra spine segment,2.26,2026,Procedure,CMS
22206,Incis spine 3 column thorac,36.25,2026,Procedure,CMS
22207,Incis spine 3 column lumbar,35.76,2026,Procedure,CMS
22208,Incis spine 3 column adl seg,9.42,2026,Procedure,CMS
22210,Incis 1 vertebral seg cerv,24.75,2026,Procedure,CMS
22212,Incis 1 vertebral seg thorac,20.47,2026,Procedure,CMS
22214,Incis 1 vertebral seg lumbar,20.49,2026,Procedure,CMS
22216,Incis addl spine segment,5.88,2026,Procedure,CMS
22220,Osteot dsc ant 1 vrt sgm crv,22.37,2026,Procedure,CMS
22222,Osteot dsc ant 1vrt sgm thrc,22.51,2026,Procedure,CMS
22224,Osteot dsc ant 1vrt sgm lmbr,22.51,2026,Procedure,CMS
22226,Osteot dsc ant 1vrt sgm ea,5.88,2026,Procedure,CMS
22310,Closed tx vert fx w/o manj,3.36,2026,Procedure,CMS
22315,Closed tx vert fx w/manj,9.86,2026,Procedure,CMS
22318,Treat odontoid fx w/o graft,22.15,2026,Procedure,CMS
22319,Treat odontoid fx w/graft,24.7,2026,Procedure,CMS
22325,Treat spine fracture,19.37,2026,Procedure,CMS
22326,Treat neck spine fracture,20.32,2026,Procedure,CMS
22327,Treat thorax spine fracture,20.25,2026,Procedure,CMS
22328,Treat each add spine fx,4.49,2026,Procedure,CMS
22505,Manipulation of spine,1.82,2026,Procedure,CMS
22510,Perq cervicothoracic inject,7.7,2026,Procedure,CMS
22511,Perq lumbosacral injection,7.15,2026,Procedure,CMS
22512,Vertebroplasty addl inject,3.9,2026,Procedure,CMS
22513,Perq vertebral augmentation,8.43,2026,Procedure,CMS
22514,Perq vertebral augmentation,7.79,2026,Procedure,CMS
22515,Perq vertebral augmentation,3.9,2026,Procedure,CMS
22526,Idet single level,5.7,2026,Procedure,CMS
22527,Idet 1 or more levels,2.95,2026,Procedure,CMS
22532,Arthrd lat xtrcvtry tq thrc,25.34,2026,Procedure,CMS
22533,Arthrd lat xtrcvtry tq lmbr,24.17,2026,Procedure,CMS
22534,Arthrd lat xtrcvtry tq ea ad,5.84,2026,Procedure,CMS
22548,Arthrd ant toral/xoral c1-c2,26.38,2026,Procedure,CMS
22551,Arthrd ant ntrbdy cervical,24.38,2026,Procedure,CMS
22552,Arthrd ant ntrbd cervical ea,6.34,2026,Procedure,CMS
22554,Arthrd ant ntrbd min dsc crv,17.25,2026,Procedure,CMS
22556,Arthrd ant ntrbd min dsc thc,24.08,2026,Procedure,CMS
22558,Arthrd ant ntrbd min dsc lum,22.94,2026,Procedure,CMS
22585,Arthrd ant ntrbd min dsc ea,5.38,2026,Procedure,CMS
22586,Arthrd pre-sac ntrbdy l5-s1,27.42,2026,Procedure,CMS
22590,Arthrd pst tq craniocervical,21.22,2026,Procedure,CMS
22595,Arthrd pst tq atlas-axis,20.12,2026,Procedure,CMS
22600,Arthrd pst tq 1ntrspc crv,16.97,2026,Procedure,CMS
22610,Arthrd pst tq 1ntrspc thrc,16.85,2026,Procedure,CMS
22612,Arthrd pst tq 1ntrspc lumbar,22.94,2026,Procedure,CMS
22614,Arthrd pst tq 1ntrspc ea add,6.27,2026,Procedure,CMS
22630,Arthrd pst tq 1ntrspc lum,21.54,2026,Procedure,CMS
22632,Arthrd pst tq 1ntrspc lm ea,5.09,2026,Procedure,CMS
22633,Arthrd cmbn 1ntrspc lumbar,26.13,2026,Procedure,CMS
22634,Arthrd cmbn 1ntrspc ea addl,7.76,2026,Procedure,CMS
22800,Arthrd pst dfrm<6 vrt sgm,19.01,2026,Procedure,CMS
22802,Arthrd pst dfrm 7-12 vrt sgm,31.31,2026,Procedure,CMS
22804,Arthrd pst dfrm 13+ vrt sgm,36.56,2026,Procedure,CMS
22808,Arthrd ant dfrm 2-3 vrt sgm,26.82,2026,Procedure,CMS
22810,Arthrd ant dfrm 4-7 vrt sgm,30.71,2026,Procedure,CMS
22812,Arthrd ant dfrm 8+ vrt sgm,33.39,2026,Procedure,CMS
22818,Kyphectomy 1-2 segments,33.47,2026,Procedure,CMS
22819,Kyphectomy 3 or more,38.4,2026,Procedure,CMS
22830,Exploration of spinal fusion,10.94,2026,Procedure,CMS
22836,Ant thrc vrt body tethrg <7,31.2,2026,Procedure,CMS
22837,Ant thrc vrt body tethrg 8+,34.61,2026,Procedure,CMS
22838,Rev rplc/rmv thrc vrt tethrg,35.1,2026,Procedure,CMS
22840,Insert spine fixation device,12.21,2026,Procedure,CMS
22841,Insert spine fixation device,0.0,2026,Procedure,CMS
22842,Insert spine fixation device,12.25,2026,Procedure,CMS
22843,Insert spine fixation device,13.1,2026,Procedure,CMS
22844,Insert spine fixation device,16.01,2026,Procedure,CMS
22845,Insert spine fixation device,11.64,2026,Procedure,CMS
22846,Insert spine fixation device,12.09,2026,Procedure,CMS
22847,Insert spine fixation device,13.44,2026,Procedure,CMS
22848,Insert pelv fixation device,5.84,2026,Procedure,CMS
22849,Reinsert spinal fixation,18.69,2026,Procedure,CMS
22850,Remove spine fixation device,9.57,2026,Procedure,CMS
22852,Remove spine fixation device,9.14,2026,Procedure,CMS
22853,Insj biomechanical device,4.14,2026,Procedure,CMS
22854,Insj biomechanical device,5.36,2026,Procedure,CMS
22855,Removal anterior instrmj,15.46,2026,Procedure,CMS
22856,Tot disc arthrp 1ntrspc crv,23.45,2026,Procedure,CMS
22857,Tot disc arthrp 1ntrspc lmbr,26.45,2026,Procedure,CMS
22858,Tot disc arthrp 2nd lvl crv,8.19,2026,Procedure,CMS
22859,Insj biomechanical device,5.36,2026,Procedure,CMS
22860,Tot disc arthrp 2ntrspc lmbr,6.71,2026,Procedure,CMS
22861,Rev rplcm arthrp 1ntrspc crv,32.53,2026,Procedure,CMS
22862,Rev rplcm rthrp 1ntrspc lmbr,31.81,2026,Procedure,CMS
22864,Rmvl tot arthrp 1ntrspc crv,28.67,2026,Procedure,CMS
22865,Rmvl tot arthrp 1ntrspc lmbr,30.96,2026,Procedure,CMS
22867,Insj stablj dev w/dcmprn,14.63,2026,Procedure,CMS
22868,Insj stablj dev w/dcmprn,3.9,2026,Procedure,CMS
22869,Insj stablj dev w/o dcmprn,6.85,2026,Procedure,CMS
22870,Insj stablj dev w/o dcmprn,2.28,2026,Procedure,CMS
22899,Unlisted procedure spine,0.0,2026,Procedure,CMS
22900,Exc abdl tum deep < 5 cm,8.11,2026,Procedure,CMS
22901,Exc abdl tum deep 5 cm/>,9.86,2026,Procedure,CMS
22902,Exc abd les sc < 3 cm,4.31,2026,Procedure,CMS
22903,Exc abd les sc 3 cm/>,6.23,2026,Procedure,CMS
22904,Radical resect abd tumor<5cm,16.27,2026,Procedure,CMS
22905,Rad resect abd tumor 5 cm/>,21.04,2026,Procedure,CMS
22999,Unlisted px abdomen muscskel,0.0,2026,Procedure,CMS
23000,Rmvl sbdltd clcreous dep opn,4.37,2026,Procedure,CMS
23020,Capsular contracture release,9.13,2026,Procedure,CMS
23030,I&d shoulder deep absc/hmtma,3.38,2026,Procedure,CMS
23031,I&d shoulder infected bursa,2.72,2026,Procedure,CMS
23035,Incision bone cortex sho,8.93,2026,Procedure,CMS
23040,Arthrt gh jt expl/drg/rmv fb,9.51,2026,Procedure,CMS
23044,Arthrt ac sc jt exp/rmvl fb,7.4,2026,Procedure,CMS
23065,Biopsy shoulder tissues,2.24,2026,Procedure,CMS
23066,Biopsy shoulder tissues,4.19,2026,Procedure,CMS
23071,Exc shoulder les sc 3 cm/>,5.76,2026,Procedure,CMS
23073,Exc shoulder tum deep 5 cm/>,9.88,2026,Procedure,CMS
23075,Exc shoulder les sc < 3 cm,4.1,2026,Procedure,CMS
23076,Exc shoulder tum deep < 5 cm,7.22,2026,Procedure,CMS
23077,Rad rescj tum shoulder<5 cm,17.22,2026,Procedure,CMS
23078,Rad rescj tum shoulder 5cm/>,21.99,2026,Procedure,CMS
23100,Arthrotomy glenhumrl jt w/bx,6.05,2026,Procedure,CMS
23101,Arthrt acrmclv/strnclav jt,5.58,2026,Procedure,CMS
23105,Arthrotomy glenohumeral jt,8.27,2026,Procedure,CMS
23106,Arthrotomy strnclav joint,5.98,2026,Procedure,CMS
23107,Arthrt glenhumrl jt w/expl,8.65,2026,Procedure,CMS
23120,Claviculectomy partial,7.21,2026,Procedure,CMS
23125,Claviculectomy total,9.4,2026,Procedure,CMS
23130,Acromp/acromionectomy prtl,7.58,2026,Procedure,CMS
23140,Removal of bone lesion,6.94,2026,Procedure,CMS
23145,Removal of bone lesion,9.17,2026,Procedure,CMS
23146,Removal of bone lesion,7.88,2026,Procedure,CMS
23150,Removal of humerus lesion,8.69,2026,Procedure,CMS
23155,Removal of humerus lesion,10.59,2026,Procedure,CMS
23156,Removal of humerus lesion,8.88,2026,Procedure,CMS
23170,Sequestrectomy clavicle,7.03,2026,Procedure,CMS
23172,Sequestrectomy scapula,7.13,2026,Procedure,CMS
23174,Sqstrctmy humrl head srg nck,9.8,2026,Procedure,CMS
23180,Prtl excision bone clavicle,8.77,2026,Procedure,CMS
23182,Prtl excision bone scapula,8.39,2026,Procedure,CMS
23184,Prtl excision bone prox hum,9.65,2026,Procedure,CMS
23190,Ostectomy scapula partial,7.28,2026,Procedure,CMS
23195,Resection humeral head,10.1,2026,Procedure,CMS
23200,Radical rescj tumor clavicle,22.14,2026,Procedure,CMS
23210,Radical rescj tumor scapula,26.53,2026,Procedure,CMS
23220,Radical rescj tumor prox hum,29.45,2026,Procedure,CMS
23330,Remove shoulder foreign body,1.85,2026,Procedure,CMS
23333,Remove shoulder fb deep,5.85,2026,Procedure,CMS
23334,Shoulder prosthesis removal,15.11,2026,Procedure,CMS
23335,Shoulder prosthesis removal,18.53,2026,Procedure,CMS
23350,Injection for shoulder x-ray,0.98,2026,Procedure,CMS
23395,Muscle transfer shoulder/arm,18.08,2026,Procedure,CMS
23397,Muscle transfers,16.34,2026,Procedure,CMS
23400,Fixation of shoulder blade,13.52,2026,Procedure,CMS
23405,Incision of tendon & muscle,8.33,2026,Procedure,CMS
23406,Incise tendon(s) & muscle(s),10.73,2026,Procedure,CMS
23410,Repair rotator cuff acute,11.11,2026,Procedure,CMS
23412,Repair rotator cuff chronic,11.63,2026,Procedure,CMS
23415,Release of shoulder ligament,9.0,2026,Procedure,CMS
23420,Repair of shoulder,13.2,2026,Procedure,CMS
23430,Repair biceps tendon,9.92,2026,Procedure,CMS
23440,Remove/transplant tendon,10.37,2026,Procedure,CMS
23450,Repair shoulder capsule,13.36,2026,Procedure,CMS
23455,Repair shoulder capsule,14.3,2026,Procedure,CMS
23460,Repair shoulder capsule,15.42,2026,Procedure,CMS
23462,Repair shoulder capsule,15.33,2026,Procedure,CMS
23465,Repair shoulder capsule,15.89,2026,Procedure,CMS
23466,Repair shoulder capsule,15.41,2026,Procedure,CMS
23470,Reconstruct shoulder joint,17.44,2026,Procedure,CMS
23472,Reconstruct shoulder joint,21.58,2026,Procedure,CMS
23473,Revis reconst shoulder joint,24.38,2026,Procedure,CMS
23474,Revis reconst shoulder joint,26.53,2026,Procedure,CMS
23480,Revision of collar bone,11.25,2026,Procedure,CMS
23485,Revision of collar bone,13.56,2026,Procedure,CMS
23490,Reinforce clavicle,11.86,2026,Procedure,CMS
23491,Reinforce shoulder bones,14.18,2026,Procedure,CMS
23500,Cltx clavicular fx w/o mnpj,2.15,2026,Procedure,CMS
23505,Cltx clavicular fx w/mnpj,3.73,2026,Procedure,CMS
23515,Optx clavicular fx w/int fix,9.45,2026,Procedure,CMS
23520,Cltx strnclav dislc w/o mnpj,2.23,2026,Procedure,CMS
23525,Cltx strnclav dislc w/mnpj,3.7,2026,Procedure,CMS
23530,Optx strnclav dislc aqt/chrn,7.29,2026,Procedure,CMS
23532,Optx strclv dslc aq/chrn grf,8.0,2026,Procedure,CMS
23540,Cltx acromclav dislc wo mnpj,2.3,2026,Procedure,CMS
23545,Cltx acromclav dislc w/mnpj,3.34,2026,Procedure,CMS
23550,Optx acromclv dislc aqt/chrn,7.4,2026,Procedure,CMS
23552,Optx acrclv dslc aq/chrn grf,8.6,2026,Procedure,CMS
23570,Cltx scapular fx w/o mnpj,2.3,2026,Procedure,CMS
23575,Cltx scap fx w/mnpj +-tractj,4.12,2026,Procedure,CMS
23585,Optx scapular fx w/int fixj,13.87,2026,Procedure,CMS
23600,Cltx prox humrl fx w/o mnpj,2.93,2026,Procedure,CMS
23605,Cltx prx hmrl fx mnpj+-tract,4.93,2026,Procedure,CMS
23615,Optx prox humrl fx w/int fix,11.99,2026,Procedure,CMS
23616,Optx prx hmrl fx fix rpr rpl,17.91,2026,Procedure,CMS
23620,Cltx gr hmrl tbrs fx wo mnpj,2.49,2026,Procedure,CMS
23625,Cltx gr hmrl tbrs fx w/mnpj,4.0,2026,Procedure,CMS
23630,Optx gr hmrl tbrs fx int fix,10.31,2026,Procedure,CMS
23650,Cltx sho dslc w/mnpj wo anes,3.44,2026,Procedure,CMS
23655,Cltx sho dslc w/mnpj w/anes,4.64,2026,Procedure,CMS
23660,Optx acute shoulder dislc,7.47,2026,Procedure,CMS
23665,Cltx sho dslc fx gr hmrl tbr,4.54,2026,Procedure,CMS
23670,Optx sho dislc fx,11.97,2026,Procedure,CMS
23675,Cltx sho dislc neck fx mnpj,6.11,2026,Procedure,CMS
23680,Optx sho dislc neck fx fixj,12.82,2026,Procedure,CMS
23700,Mnpj anes sho jt fixj aprats,2.51,2026,Procedure,CMS
23800,Arthrodesis glenohumeral jt,14.36,2026,Procedure,CMS
23802,Arthrd glenohumeral jt w/grf,17.96,2026,Procedure,CMS
23900,Interthoracoscplr amputation,20.2,2026,Procedure,CMS
23920,Disarticulation shoulder,15.82,2026,Procedure,CMS
23921,Disarticulation sho sec clsr,5.58,2026,Procedure,CMS
23929,Unlisted procedure shoulder,0.0,2026,Procedure,CMS
23930,I&d upr a/e dp absc/hmtma,2.92,2026,Procedure,CMS
23931,I&d upr a/e bursa,1.79,2026,Procedure,CMS
23935,Inc dp opn b1 crtx hum/elbw,6.22,2026,Procedure,CMS
24000,Arthrt elbw expl drg/rmvl fb,5.93,2026,Procedure,CMS
24006,Arthrt elbw capsl exc rls,9.5,2026,Procedure,CMS
24065,Biopsy arm/elbow soft tissue,2.08,2026,Procedure,CMS
24066,Biopsy arm/elbow soft tissue,5.22,2026,Procedure,CMS
24071,Exc arm/elbow les sc 3 cm/>,5.56,2026,Procedure,CMS
24073,Ex arm/elbow tum deep 5 cm/>,9.88,2026,Procedure,CMS
24075,Exc arm/elbow les sc < 3 cm,4.13,2026,Procedure,CMS
24076,Ex arm/elbow tum deep < 5 cm,7.22,2026,Procedure,CMS
24077,Rad rescj tum tiss a/e <5cm,15.33,2026,Procedure,CMS
24079,Rad rescj tum tiss a/e 5 cm+,20.09,2026,Procedure,CMS
24100,Arthrt elbw synovial bx only,4.94,2026,Procedure,CMS
24101,Arthrt elbw jt expl bx rmvl,6.14,2026,Procedure,CMS
24102,Arthrt elbow w/synovectomy,8.05,2026,Procedure,CMS
24105,Excision olecranon bursa,3.69,2026,Procedure,CMS
24110,Exc/curtg b1 cst/b9 tum hum,7.39,2026,Procedure,CMS
24115,Exc/crtg b1 cst/tum hum agrf,9.87,2026,Procedure,CMS
24116,Exc/crtg b1 cst/tum hum algr,11.92,2026,Procedure,CMS
24120,Exc/crtg b1 cst/b9 tum rds,6.65,2026,Procedure,CMS
24125,Exc/crtg b1 cst/tum rds agrf,7.94,2026,Procedure,CMS
24126,Exc/crtg b1 cst/tum rds algr,8.4,2026,Procedure,CMS
24130,Excision radial head,6.26,2026,Procedure,CMS
24134,Sequestrectomy shft/dstl hum,9.96,2026,Procedure,CMS
24136,Sequestrectomy radial h/n,8.19,2026,Procedure,CMS
24138,Sequestrectomy olecrn proces,8.29,2026,Procedure,CMS
24140,Partial exc bone humerus,9.31,2026,Procedure,CMS
24145,Prtl exc bone radial h/n,7.61,2026,Procedure,CMS
24147,Prtl exc bone olecrn process,7.64,2026,Procedure,CMS
24149,Radical resection of elbow,15.81,2026,Procedure,CMS
24150,Rad rescj tum dstl/shft hum,22.87,2026,Procedure,CMS
24152,Rad resection tum radial h/n,19.49,2026,Procedure,CMS
24155,Resection of elbow joint,11.79,2026,Procedure,CMS
24160,Rmvl prosthhumrl&ulnar cmpnt,18.16,2026,Procedure,CMS
24164,Removal prosth radial head,9.75,2026,Procedure,CMS
24200,Rmvl fb upper arm/elbw subq,1.76,2026,Procedure,CMS
24201,Rmvl fb upper arm/elbw deep,4.58,2026,Procedure,CMS
24220,Injection px for elbow arthg,1.28,2026,Procedure,CMS
24300,Mnpj elbow under anes,3.94,2026,Procedure,CMS
24301,Musc/tdn transfer upr a/e 1,10.12,2026,Procedure,CMS
24305,Tendon lngth upr a/e ea tdn,7.43,2026,Procedure,CMS
24310,Tnot opn elbw to sho ea tdn,5.97,2026,Procedure,CMS
24320,Tenoplasty elbow to sho 1,10.59,2026,Procedure,CMS
24330,Flexor-plasty elbow,9.55,2026,Procedure,CMS
24331,Flexor-plasty elbw w/advmnt,10.68,2026,Procedure,CMS
24332,Tenolysis triceps,7.71,2026,Procedure,CMS
24340,Tenodesis biceps tdn at elbw,7.88,2026,Procedure,CMS
24341,Rpr tdn/musc upr a/e each,9.25,2026,Procedure,CMS
24342,Repair of ruptured tendon,10.59,2026,Procedure,CMS
24343,Repr elbow lat ligmnt w/tiss,8.93,2026,Procedure,CMS
24344,Reconstruct elbow lat ligmnt,14.83,2026,Procedure,CMS
24345,Repr elbw med ligmnt w/tissu,8.93,2026,Procedure,CMS
24346,Reconstruct elbow med ligmnt,14.83,2026,Procedure,CMS
24357,Repair elbow perc,5.3,2026,Procedure,CMS
24358,Repair elbow w/deb open,6.49,2026,Procedure,CMS
24359,Repair elbow deb/attch open,8.76,2026,Procedure,CMS
24360,Reconstruct elbow joint,12.35,2026,Procedure,CMS
24361,Reconstruct elbow joint,14.05,2026,Procedure,CMS
24362,Reconstruct elbow joint,14.94,2026,Procedure,CMS
24363,Replace elbow joint,21.45,2026,Procedure,CMS
24365,Reconstruct head of radius,8.4,2026,Procedure,CMS
24366,Reconstruct head of radius,9.13,2026,Procedure,CMS
24370,Revise reconst elbow joint,22.96,2026,Procedure,CMS
24371,Revise reconst elbow joint,26.81,2026,Procedure,CMS
24400,Osteot humerus w/wo int fixj,11.05,2026,Procedure,CMS
24410,Mlt osteot rlgnm imed rd hum,14.73,2026,Procedure,CMS
24420,Osteoplasty humerus,13.39,2026,Procedure,CMS
24430,Rpr non/mal humerus wo graft,14.87,2026,Procedure,CMS
24435,Rpr non/mal hum with agrft,14.62,2026,Procedure,CMS
24470,Hemiepiphyseal arrest,8.71,2026,Procedure,CMS
24495,Decompression fasct forearm,8.2,2026,Procedure,CMS
24498,Proph tx w/wo mthylmthcrylt,11.97,2026,Procedure,CMS
24500,Cltx humrl shft fx w/o mnpj,3.32,2026,Procedure,CMS
24505,Cltx humrl shft fx w/mnpj,5.26,2026,Procedure,CMS
24515,Optx humrl shft fx plate/scr,11.82,2026,Procedure,CMS
24516,Tx humrl shaft fx imed implt,11.89,2026,Procedure,CMS
24530,Cltx sprcndylr humeral fx wo,3.6,2026,Procedure,CMS
24535,Cltx sprcndylr humeral fx w/,6.93,2026,Procedure,CMS
24538,Prq skel fix sprcndlr hum fx,9.53,2026,Procedure,CMS
24545,Optx hum fx wo ntrcndylr xtn,12.82,2026,Procedure,CMS
24546,Optx hum fx w/ntrcndylr xtn,14.54,2026,Procedure,CMS
24560,Cltx hum epcndylr fx wo mnpj,2.91,2026,Procedure,CMS
24565,Cltx hum epcndylr fx w/mnpj,5.64,2026,Procedure,CMS
24566,Prq skel fix epcndylr hum fx,8.83,2026,Procedure,CMS
24575,Optx humeral epcndylr fx,9.47,2026,Procedure,CMS
24576,Cltx humrl cndylr fx wo mnpj,2.98,2026,Procedure,CMS
24577,Cltx humrl cndylr fx w/mnpj,5.86,2026,Procedure,CMS
24579,Optx humrl cndylr fracture,11.15,2026,Procedure,CMS
24582,Prq skel fix humrl cndylr fx,9.89,2026,Procedure,CMS
24586,Optx partclr fx&/dislc elbow,15.39,2026,Procedure,CMS
24587,Optx partclr fx&/dslc elbw w,15.4,2026,Procedure,CMS
24600,Tx clsd elbow dislc w/o anes,4.26,2026,Procedure,CMS
24605,Tx clsd elbow dislc req anes,5.5,2026,Procedure,CMS
24615,Optx aqt/chrnc elbow dislc,9.58,2026,Procedure,CMS
24620,Cltx monteggia fx dislc elbw,7.04,2026,Procedure,CMS
24635,Optx monteggia fx dislc elbw,8.58,2026,Procedure,CMS
24640,Cltx rdl head sublxtj nrsemd,1.22,2026,Procedure,CMS
24650,Cltx rdl head/nck fx wo mnpj,2.25,2026,Procedure,CMS
24655,Cltx rdl head/nck fx w/mnpj,4.5,2026,Procedure,CMS
24665,Optx radial head/neck fx,8.15,2026,Procedure,CMS
24666,Optx radial head/nck fx rplc,9.61,2026,Procedure,CMS
24670,Cltx ulnar fx prox w/o mnpj,2.62,2026,Procedure,CMS
24675,Cltx ulnar fx prox w/mnpj,4.79,2026,Procedure,CMS
24685,Optx ulnar fx prox end w/fix,8.16,2026,Procedure,CMS
24800,Arthrodesis elbw joint local,11.12,2026,Procedure,CMS
24802,Arthrd elbow jt autog graft,13.96,2026,Procedure,CMS
24900,Amputation of upper arm,9.93,2026,Procedure,CMS
24920,Amputation of upper arm,9.88,2026,Procedure,CMS
24925,Amputation follow-up surgery,7.12,2026,Procedure,CMS
24930,Amputation follow-up surgery,10.56,2026,Procedure,CMS
24931,Amputate upper arm & implant,13.1,2026,Procedure,CMS
24935,Revision of amputation,16.04,2026,Procedure,CMS
24940,Revision of upper arm,0.0,2026,Procedure,CMS
24999,Unlisted px humerus/elbow,0.0,2026,Procedure,CMS
25000,Incision of tendon sheath,3.46,2026,Procedure,CMS
25001,Incise flexor carpi radialis,3.7,2026,Procedure,CMS
25020,Decompress forearm 1 space,5.91,2026,Procedure,CMS
25023,Decompress forearm 1 space,13.48,2026,Procedure,CMS
25024,Decompress forearm 2 spaces,10.52,2026,Procedure,CMS
25025,Decompress forearm 2 spaces,17.49,2026,Procedure,CMS
25028,I&d f/arm&/wrst dp absc/hmtm,5.26,2026,Procedure,CMS
25031,I&d forearm&/wrist bursa,4.15,2026,Procedure,CMS
25035,Inc dp bone crtx f/arm&/wrst,7.46,2026,Procedure,CMS
25040,Arthrt rdcrpl/midcarpl jt,7.31,2026,Procedure,CMS
25065,Biopsy forearm soft tissues,1.99,2026,Procedure,CMS
25066,Biopsy forearm soft tissues,4.16,2026,Procedure,CMS
25071,Exc forearm les sc 3 cm/>,5.76,2026,Procedure,CMS
25073,Exc forearm tum deep 3 cm/>,6.95,2026,Procedure,CMS
25075,Exc forearm les sc < 3 cm,3.86,2026,Procedure,CMS
25076,Exc forearm tum deep < 3 cm,6.57,2026,Procedure,CMS
25077,Resect forearm/wrist tum<3cm,12.61,2026,Procedure,CMS
25078,Resect forarm/wrist tum 3cm>,17.25,2026,Procedure,CMS
25085,Incision of wrist capsule,5.5,2026,Procedure,CMS
25100,Biopsy of wrist joint,3.92,2026,Procedure,CMS
25101,Explore/treat wrist joint,4.71,2026,Procedure,CMS
25105,Remove wrist joint lining,5.87,2026,Procedure,CMS
25107,Remove wrist joint cartilage,7.51,2026,Procedure,CMS
25109,Excise tendon forearm/wrist,6.77,2026,Procedure,CMS
25110,Remove wrist tendon lesion,3.94,2026,Procedure,CMS
25111,Remove wrist tendon lesion,3.44,2026,Procedure,CMS
25112,Reremove wrist tendon lesion,4.55,2026,Procedure,CMS
25115,Remove wrist/forearm lesion,9.84,2026,Procedure,CMS
25116,Remove wrist/forearm lesion,7.37,2026,Procedure,CMS
25118,Excise wrist tendon sheath,4.4,2026,Procedure,CMS
25119,Partial removal of ulna,6.05,2026,Procedure,CMS
25120,Removal of forearm lesion,6.11,2026,Procedure,CMS
25125,Remove/graft forearm lesion,7.48,2026,Procedure,CMS
25126,Remove/graft forearm lesion,7.55,2026,Procedure,CMS
25130,Removal of wrist lesion,5.29,2026,Procedure,CMS
25135,Remove & graft wrist lesion,6.9,2026,Procedure,CMS
25136,Remove & graft wrist lesion,5.99,2026,Procedure,CMS
25145,Remove forearm bone lesion,6.38,2026,Procedure,CMS
25150,Partial removal of ulna,7.2,2026,Procedure,CMS
25151,Partial removal of radius,7.49,2026,Procedure,CMS
25170,Resect radius/ulnar tumor,21.65,2026,Procedure,CMS
25210,Removal of wrist bone,5.97,2026,Procedure,CMS
25215,Removal of wrist bones,7.94,2026,Procedure,CMS
25230,Partial removal of radius,5.24,2026,Procedure,CMS
25240,Partial removal of ulna,5.18,2026,Procedure,CMS
25246,Injection for wrist x-ray,1.41,2026,Procedure,CMS
25248,Remove forearm foreign body,5.18,2026,Procedure,CMS
25250,Removal of wrist prosthesis,6.6,2026,Procedure,CMS
25251,Removal of wrist prosthesis,9.57,2026,Procedure,CMS
25259,Manipulate wrist w/anesthes,3.94,2026,Procedure,CMS
25260,Repair forearm tendon/muscle,7.84,2026,Procedure,CMS
25263,Repair forearm tendon/muscle,7.84,2026,Procedure,CMS
25265,Repair forearm tendon/muscle,9.85,2026,Procedure,CMS
25270,Repair forearm tendon/muscle,6.02,2026,Procedure,CMS
25272,Repair forearm tendon/muscle,7.03,2026,Procedure,CMS
25274,Repair forearm tendon/muscle,8.72,2026,Procedure,CMS
25275,Repair forearm tendon sheath,8.74,2026,Procedure,CMS
25280,Revise wrist/forearm tendon,7.21,2026,Procedure,CMS
25290,Incise wrist/forearm tendon,5.29,2026,Procedure,CMS
25295,Release wrist/forearm tendon,6.55,2026,Procedure,CMS
25300,Fusion of tendons at wrist,8.79,2026,Procedure,CMS
25301,Fusion of tendons at wrist,8.38,2026,Procedure,CMS
25310,Transplant forearm tendon,8.78,2026,Procedure,CMS
25312,Transplant forearm tendon,9.57,2026,Procedure,CMS
25315,Revise palsy hand tendon(s),10.41,2026,Procedure,CMS
25316,Revise palsy hand tendon(s),12.58,2026,Procedure,CMS
25320,Repair/revise wrist joint,12.43,2026,Procedure,CMS
25332,Revise wrist joint,11.45,2026,Procedure,CMS
25335,Centralization wrist on ulna,13.06,2026,Procedure,CMS
25337,Reconstruct ulna/radioulnar,11.44,2026,Procedure,CMS
25350,Revision of radius,8.86,2026,Procedure,CMS
25355,Revision of radius,10.27,2026,Procedure,CMS
25360,Revision of ulna,8.52,2026,Procedure,CMS
25365,Revise radius & ulna,12.59,2026,Procedure,CMS
25370,Revise radius or ulna,13.75,2026,Procedure,CMS
25375,Revise radius & ulna,13.21,2026,Procedure,CMS
25390,Shorten radius or ulna,10.43,2026,Procedure,CMS
25391,Lengthen radius or ulna,13.92,2026,Procedure,CMS
25392,Shorten radius & ulna,14.22,2026,Procedure,CMS
25393,Lengthen radius & ulna,16.15,2026,Procedure,CMS
25394,Repair carpal bone shorten,10.58,2026,Procedure,CMS
25400,Repair radius or ulna,11.0,2026,Procedure,CMS
25405,Repair/graft radius or ulna,14.63,2026,Procedure,CMS
25415,Repair radius & ulna,13.46,2026,Procedure,CMS
25420,Repair/graft radius & ulna,16.61,2026,Procedure,CMS
25425,Repair/graft radius or ulna,13.38,2026,Procedure,CMS
25426,Repair/graft radius & ulna,16.04,2026,Procedure,CMS
25430,Vasc graft into carpal bone,9.47,2026,Procedure,CMS
25431,Repair nonunion carpal bone,10.62,2026,Procedure,CMS
25440,Repair nonu scphd carpl b1,10.41,2026,Procedure,CMS
25441,Arthrp w/prostc dstl rds,12.96,2026,Procedure,CMS
25442,Arthrp w/prostc dstl ulna,10.84,2026,Procedure,CMS
25443,Arthrp prostc dstl scph crpl,10.39,2026,Procedure,CMS
25444,Arthrp w/prostc lunate,11.13,2026,Procedure,CMS
25445,Arthrp w/prostc trapezium,9.63,2026,Procedure,CMS
25446,Arthrp w/prostc dst rds&crps,16.87,2026,Procedure,CMS
25447,Arthrp ntrcrp/crp/mtcr ntrps,10.24,2026,Procedure,CMS
25448,Arthrp ntrcrpl/crp/mtcrp ssp,11.55,2026,Procedure,CMS
25449,Revj arthrp wrist joint,14.57,2026,Procedure,CMS
25450,Epiphysl arrst dstl rds/ulna,7.86,2026,Procedure,CMS
25455,Epiphysl arrst dstl rds&ulna,9.47,2026,Procedure,CMS
25490,Prophylactic tx radius,9.49,2026,Procedure,CMS
25491,Prophylactic tx ulna,9.9,2026,Procedure,CMS
25492,Prophylactic tx radius&ulna,12.34,2026,Procedure,CMS
25500,Cltx rdl shft fx w/o mnpj,2.54,2026,Procedure,CMS
25505,Cltx rdl shft fx w/mnpj,5.31,2026,Procedure,CMS
25515,Optx radial shaft fracture,8.58,2026,Procedure,CMS
25520,Cltx rdl shft fx&dislc,6.34,2026,Procedure,CMS
25525,Optx rdl shft fx&cltx rad/ul,10.29,2026,Procedure,CMS
25526,Optx rdl shft fx&dstl rad/ul,12.82,2026,Procedure,CMS
25530,Cltx ulnar shft fx w/o mnpj,2.18,2026,Procedure,CMS
25535,Cltx ulnar shft fx w/mnpj,5.23,2026,Procedure,CMS
25545,Optx ulnar shft fx int fixj,7.74,2026,Procedure,CMS
25560,Cltx rdl&uln shft fx wo mnpj,2.53,2026,Procedure,CMS
25565,Cltx rdl&uln shft fx w/mnpj,5.7,2026,Procedure,CMS
25574,Optx rdl&uln shft fx rds/uln,8.58,2026,Procedure,CMS
25575,Optx rdl&uln shft fx rds&uln,11.98,2026,Procedure,CMS
25600,Cltx dst rdl fx/ephys sep wo,2.71,2026,Procedure,CMS
25605,Cltx dst rdl fx/ephys sep w/,6.09,2026,Procedure,CMS
25606,Perq skel fixj dstl rdl fx,8.1,2026,Procedure,CMS
25607,Optx dst rd xartc fx/epi sep,9.32,2026,Procedure,CMS
25608,Optx dst rd xart fx/epi sep2,10.79,2026,Procedure,CMS
25609,Optx dst rd xart fx/ep sep3+,14.02,2026,Procedure,CMS
25622,Cltx carpl scphd fx w/o mnpj,2.72,2026,Procedure,CMS
25624,Cltx carpl scphd fx w/mnpj,4.65,2026,Procedure,CMS
25628,Optx carpl scphd fx int fixj,9.43,2026,Procedure,CMS
25630,Cltx carpl fx w/o mnpj ea b1,2.95,2026,Procedure,CMS
25635,Cltx carpl fx w/mnpj ea b1,4.49,2026,Procedure,CMS
25645,Optx crpl fx oth/thn scph ea,7.23,2026,Procedure,CMS
25650,Cltx ulnar styloid fracture,3.15,2026,Procedure,CMS
25651,Perq skel fix ulnar styld fx,5.67,2026,Procedure,CMS
25652,Optx ulnar styloid fracture,7.86,2026,Procedure,CMS
25660,Cltx rdcrpl/ntrcrpl dislc 1+,4.86,2026,Procedure,CMS
25670,Optx rdcrpl/ntrcrpl dislc 1+,7.89,2026,Procedure,CMS
25671,Perq skel fix rad/uln dislc,6.3,2026,Procedure,CMS
25675,Cltx dstl rad/uln dislc mnpj,4.77,2026,Procedure,CMS
25676,Optx rad/uln dislc aqt/chrnc,8.08,2026,Procedure,CMS
25680,Cltx trns-scphprlnr fx mnpj,6.07,2026,Procedure,CMS
25685,Optx trns-scphprlnr fx dislc,9.84,2026,Procedure,CMS
25690,Cltx lunate dislc w/mnpj,5.58,2026,Procedure,CMS
25695,Optx lunate dislocation,8.3,2026,Procedure,CMS
25800,Arthrd wrist complete wo grf,9.82,2026,Procedure,CMS
25805,Arthrd wrist w/sliding graft,11.44,2026,Procedure,CMS
25810,Arthrd wrst iliac/oth agrft,11.65,2026,Procedure,CMS
25820,Arthrd wrist lmtd w/o b1 grf,7.45,2026,Procedure,CMS
25825,Arthrd wrist with autograft,9.45,2026,Procedure,CMS
25830,Arthrd dst rad/ul jt sgm rsc,10.61,2026,Procedure,CMS
25900,Amputation of forearm,9.37,2026,Procedure,CMS
25905,Amputation of forearm,9.35,2026,Procedure,CMS
25907,Amputation follow-up surgery,7.89,2026,Procedure,CMS
25909,Amputation follow-up surgery,9.08,2026,Procedure,CMS
25915,Amputation of forearm,17.08,2026,Procedure,CMS
25920,Amputate hand at wrist,8.8,2026,Procedure,CMS
25922,Amputate hand at wrist,7.46,2026,Procedure,CMS
25924,Amputation follow-up surgery,8.59,2026,Procedure,CMS
25927,Amputation of hand,8.86,2026,Procedure,CMS
25929,Amputation follow-up surgery,7.62,2026,Procedure,CMS
25931,Amputation follow-up surgery,7.84,2026,Procedure,CMS
25999,Unlisted px forearm/wrist,0.0,2026,Procedure,CMS
26010,Drainage of finger abscess,1.55,2026,Procedure,CMS
26011,Drainage of finger abscess,2.18,2026,Procedure,CMS
26020,Drain hand tendon sheath,6.67,2026,Procedure,CMS
26025,Drainage of palm bursa,4.95,2026,Procedure,CMS
26030,Drainage of palm bursas,6.09,2026,Procedure,CMS
26034,Treat hand bone lesion,6.46,2026,Procedure,CMS
26035,Decompress fingers/hand,11.09,2026,Procedure,CMS
26037,Decompress fingers/hand,7.38,2026,Procedure,CMS
26040,Release palm contracture,3.37,2026,Procedure,CMS
26045,Release palm contracture,5.59,2026,Procedure,CMS
26055,Incise finger tendon sheath,3.03,2026,Procedure,CMS
26060,Incision of finger tendon,2.84,2026,Procedure,CMS
26070,Explore/treat hand joint,3.71,2026,Procedure,CMS
26075,Explore/treat finger joint,3.81,2026,Procedure,CMS
26080,Explore/treat finger joint,4.36,2026,Procedure,CMS
26100,Biopsy hand joint lining,3.7,2026,Procedure,CMS
26105,Biopsy finger joint lining,3.73,2026,Procedure,CMS
26110,Biopsy finger joint lining,3.56,2026,Procedure,CMS
26111,Exc hand les sc 1.5 cm/>,5.28,2026,Procedure,CMS
26113,Exc hand tum deep 1.5 cm/>,6.95,2026,Procedure,CMS
26115,Exc hand les sc < 1.5 cm,3.86,2026,Procedure,CMS
26116,Exc hand tum deep < 1.5 cm,6.57,2026,Procedure,CMS
26117,Rad resect hand tumor < 3 cm,9.88,2026,Procedure,CMS
26118,Rad resect hand tumor 3 cm/>,14.44,2026,Procedure,CMS
26121,Release palm contracture,7.54,2026,Procedure,CMS
26123,Release palm contracture,10.61,2026,Procedure,CMS
26125,Release palm contracture,4.49,2026,Procedure,CMS
26130,Remove wrist joint lining,5.45,2026,Procedure,CMS
26135,Revise finger joint each,6.95,2026,Procedure,CMS
26140,Revise finger joint each,6.18,2026,Procedure,CMS
26145,Tendon excision palm/finger,6.33,2026,Procedure,CMS
26160,Remove tendon sheath lesion,3.48,2026,Procedure,CMS
26170,Removal of palm tendon each,4.79,2026,Procedure,CMS
26180,Removal of finger tendon,5.22,2026,Procedure,CMS
26185,Remove finger bone,6.36,2026,Procedure,CMS
26200,Remove hand bone lesion,5.51,2026,Procedure,CMS
26205,Remove/graft bone lesion,7.73,2026,Procedure,CMS
26210,Removal of finger lesion,5.19,2026,Procedure,CMS
26215,Remove/graft finger lesion,7.09,2026,Procedure,CMS
26230,Partial removal of hand bone,6.31,2026,Procedure,CMS
26235,Partial removal finger bone,6.17,2026,Procedure,CMS
26236,Partial removal finger bone,5.32,2026,Procedure,CMS
26250,Extensive hand surgery,14.83,2026,Procedure,CMS
26260,Resect prox finger tumor,10.88,2026,Procedure,CMS
26262,Resect distal finger tumor,8.08,2026,Procedure,CMS
26320,Removal of implant from hand,4.0,2026,Procedure,CMS
26340,Manipulate finger w/anesth,2.73,2026,Procedure,CMS
26341,Manipulat palm cord post inj,0.89,2026,Procedure,CMS
26350,Repair finger/hand tendon,6.05,2026,Procedure,CMS
26352,Repair/graft hand tendon,7.67,2026,Procedure,CMS
26356,Repair finger/hand tendon,9.32,2026,Procedure,CMS
26357,Repair finger/hand tendon,10.73,2026,Procedure,CMS
26358,Repair/graft hand tendon,12.29,2026,Procedure,CMS
26370,Repair finger/hand tendon,7.1,2026,Procedure,CMS
26372,Repair/graft hand tendon,8.78,2026,Procedure,CMS
26373,Repair finger/hand tendon,8.2,2026,Procedure,CMS
26390,Revise hand/finger tendon,9.19,2026,Procedure,CMS
26392,Repair/graft hand tendon,10.24,2026,Procedure,CMS
26410,Repair hand tendon,4.65,2026,Procedure,CMS
26412,Repair/graft hand tendon,6.32,2026,Procedure,CMS
26415,Excision hand/finger tendon,8.3,2026,Procedure,CMS
26416,Graft hand or finger tendon,9.32,2026,Procedure,CMS
26418,Repair finger tendon,4.36,2026,Procedure,CMS
26420,Repair/graft finger tendon,6.77,2026,Procedure,CMS
26426,Repair finger/hand tendon,6.16,2026,Procedure,CMS
26428,Repair/graft finger tendon,7.22,2026,Procedure,CMS
26432,Repair finger tendon,4.06,2026,Procedure,CMS
26433,Repair finger tendon,4.58,2026,Procedure,CMS
26434,Repair/graft finger tendon,6.1,2026,Procedure,CMS
26437,Realignment of tendons,5.84,2026,Procedure,CMS
26440,Release palm/finger tendon,5.03,2026,Procedure,CMS
26442,Release palm & finger tendon,9.51,2026,Procedure,CMS
26445,Release hand/finger tendon,4.34,2026,Procedure,CMS
26449,Release forearm/hand tendon,8.38,2026,Procedure,CMS
26450,Incision of palm tendon,3.7,2026,Procedure,CMS
26455,Incision of finger tendon,3.67,2026,Procedure,CMS
26460,Incise hand/finger tendon,3.49,2026,Procedure,CMS
26471,Fusion of finger tendons,5.75,2026,Procedure,CMS
26474,Fusion of finger tendons,5.35,2026,Procedure,CMS
26476,Tendon lengthening,5.22,2026,Procedure,CMS
26477,Tendon shortening,5.19,2026,Procedure,CMS
26478,Lengthening of hand tendon,5.82,2026,Procedure,CMS
26479,Shortening of hand tendon,5.76,2026,Procedure,CMS
26480,Transplant hand tendon,8.78,2026,Procedure,CMS
26483,Transplant/graft hand tendon,8.27,2026,Procedure,CMS
26485,Transplant palm tendon,7.69,2026,Procedure,CMS
26489,Transplant/graft palm tendon,9.61,2026,Procedure,CMS
26490,Revise thumb tendon,8.39,2026,Procedure,CMS
26492,Tendon transfer with graft,9.59,2026,Procedure,CMS
26494,Hand tendon/muscle transfer,8.44,2026,Procedure,CMS
26496,Revise thumb tendon,9.54,2026,Procedure,CMS
26497,Finger tendon transfer,9.52,2026,Procedure,CMS
26498,Finger tendon transfer,13.85,2026,Procedure,CMS
26499,Correction claw finger other,8.94,2026,Procedure,CMS
26500,Hand tendon reconstruction,5.98,2026,Procedure,CMS
26502,Hand tendon reconstruction,7.13,2026,Procedure,CMS
26508,Release thumb contracture,6.03,2026,Procedure,CMS
26510,Thumb tendon transfer,5.46,2026,Procedure,CMS
26516,Fusion of knuckle joint,7.14,2026,Procedure,CMS
26517,Fusion of knuckle joints,8.85,2026,Procedure,CMS
26518,Fusion of knuckle joints,9.04,2026,Procedure,CMS
26520,Release knuckle contracture,5.33,2026,Procedure,CMS
26525,Release finger contracture,5.36,2026,Procedure,CMS
26530,Revise knuckle joint,6.71,2026,Procedure,CMS
26531,Revise knuckle with implant,7.93,2026,Procedure,CMS
26535,Revise finger joint,5.27,2026,Procedure,CMS
26536,Revise/implant finger joint,6.4,2026,Procedure,CMS
26540,Repair hand joint,6.44,2026,Procedure,CMS
26541,Repair hand joint with graft,8.59,2026,Procedure,CMS
26542,Repair hand joint with graft,6.78,2026,Procedure,CMS
26545,Reconstruct finger joint,6.93,2026,Procedure,CMS
26546,Repair nonunion hand,10.56,2026,Procedure,CMS
26548,Reconstruct finger joint,8.01,2026,Procedure,CMS
26550,Pollicization digit,21.14,2026,Procedure,CMS
26551,Great toe-hand transfer,47.27,2026,Procedure,CMS
26553,Single transfer toe-hand,46.97,2026,Procedure,CMS
26554,Double transfer toe-hand,55.58,2026,Procedure,CMS
26555,Positional change of finger,16.65,2026,Procedure,CMS
26556,Toe joint transfer,48.51,2026,Procedure,CMS
26560,Repair of web finger,5.38,2026,Procedure,CMS
26561,Repair of web finger,10.82,2026,Procedure,CMS
26562,Repair of web finger,16.26,2026,Procedure,CMS
26565,Correct metacarpal flaw,6.74,2026,Procedure,CMS
26567,Correct finger deformity,6.82,2026,Procedure,CMS
26568,Lengthen metacarpal/finger,9.04,2026,Procedure,CMS
26580,Repair cleft hand,19.26,2026,Procedure,CMS
26587,Reconstruct extra finger,14.14,2026,Procedure,CMS
26590,Repair finger deformity,18.2,2026,Procedure,CMS
26591,Repair muscles of hand,3.3,2026,Procedure,CMS
26593,Release muscles of hand,5.36,2026,Procedure,CMS
26596,Excision constricting tissue,8.91,2026,Procedure,CMS
26600,Treat metacarpal fracture,2.54,2026,Procedure,CMS
26605,Treat metacarpal fracture,2.95,2026,Procedure,CMS
26607,Treat metacarpal fracture,5.34,2026,Procedure,CMS
26608,Treat metacarpal fracture,5.41,2026,Procedure,CMS
26615,Treat metacarpal fracture,6.89,2026,Procedure,CMS
26641,Treat thumb dislocation,4.03,2026,Procedure,CMS
26645,Treat thumb fracture,4.47,2026,Procedure,CMS
26650,Treat thumb fracture,5.22,2026,Procedure,CMS
26665,Treat thumb fracture,7.74,2026,Procedure,CMS
26670,Treat hand dislocation,3.73,2026,Procedure,CMS
26675,Treat hand dislocation,4.71,2026,Procedure,CMS
26676,Pin hand dislocation,5.6,2026,Procedure,CMS
26685,Treat hand dislocation,6.89,2026,Procedure,CMS
26686,Treat hand dislocation,7.97,2026,Procedure,CMS
26700,Treat knuckle dislocation,3.73,2026,Procedure,CMS
26705,Treat knuckle dislocation,4.27,2026,Procedure,CMS
26706,Pin knuckle dislocation,5.18,2026,Procedure,CMS
26715,Treat knuckle dislocation,6.85,2026,Procedure,CMS
26720,Treat finger fracture each,1.72,2026,Procedure,CMS
26725,Treat finger fracture each,3.39,2026,Procedure,CMS
26727,Treat finger fracture each,5.28,2026,Procedure,CMS
26735,Treat finger fracture each,7.23,2026,Procedure,CMS
26740,Treat finger fracture each,2.02,2026,Procedure,CMS
26742,Treat finger fracture each,3.89,2026,Procedure,CMS
26746,Treat finger fracture each,9.56,2026,Procedure,CMS
26750,Treat finger fracture each,1.76,2026,Procedure,CMS
26755,Treat finger fracture each,3.15,2026,Procedure,CMS
26756,Pin finger fracture each,4.47,2026,Procedure,CMS
26765,Treat finger fracture each,5.71,2026,Procedure,CMS
26770,Treat finger dislocation,3.07,2026,Procedure,CMS
26775,Treat finger dislocation,3.8,2026,Procedure,CMS
26776,Pin finger dislocation,4.87,2026,Procedure,CMS
26785,Treat finger dislocation,6.44,2026,Procedure,CMS
26820,Thumb fusion with graft,8.24,2026,Procedure,CMS
26841,Fusion of thumb,7.17,2026,Procedure,CMS
26842,Thumb fusion with graft,8.28,2026,Procedure,CMS
26843,Fusion of hand joint,7.59,2026,Procedure,CMS
26844,Fusion/graft of hand joint,8.76,2026,Procedure,CMS
26850,Fusion of knuckle,6.96,2026,Procedure,CMS
26852,Fusion of knuckle with graft,8.49,2026,Procedure,CMS
26860,Fusion of finger joint,4.76,2026,Procedure,CMS
26861,Fusion of finger jnt add-on,1.7,2026,Procedure,CMS
26862,Fusion/graft of finger joint,7.37,2026,Procedure,CMS
26863,Fuse/graft added joint,3.79,2026,Procedure,CMS
26910,Amputate metacarpal bone,7.6,2026,Procedure,CMS
26951,Amputation of finger/thumb,5.89,2026,Procedure,CMS
26952,Amputation of finger/thumb,6.32,2026,Procedure,CMS
26989,Unlisted px hands/fingers,0.0,2026,Procedure,CMS
26990,Drainage of pelvis lesion,7.75,2026,Procedure,CMS
26991,Drainage of pelvis bursa,6.88,2026,Procedure,CMS
26992,Drainage of bone lesion,13.14,2026,Procedure,CMS
27000,Tenotomy adductor hip perq,5.6,2026,Procedure,CMS
27001,Tenotomy adductor hip open,6.96,2026,Procedure,CMS
27003,Tnot adductr subq opn neurct,7.61,2026,Procedure,CMS
27005,Tenotomy hip flexor open,9.82,2026,Procedure,CMS
27006,Tenotomy abductor&/xtnsr hip,9.86,2026,Procedure,CMS
27025,Fasciotomy hip/thigh any typ,12.57,2026,Procedure,CMS
27027,Dcmprn fasct pel compartment,12.71,2026,Procedure,CMS
27030,Arthrotomy hip w/drainage,13.31,2026,Procedure,CMS
27033,Arthrt hip expl/rmv loose/fb,13.76,2026,Procedure,CMS
27035,Denervation of hip joint,16.94,2026,Procedure,CMS
27036,Capsulectomy/capsulotomy hip,14.02,2026,Procedure,CMS
27040,Biopsy of soft tissues,2.85,2026,Procedure,CMS
27041,Biopsy of soft tissues,9.93,2026,Procedure,CMS
27043,Exc hip pelvis les sc 3 cm/>,6.71,2026,Procedure,CMS
27045,Exc hip/pelv tum deep 5 cm/>,10.85,2026,Procedure,CMS
27047,Exc hip/pelvis les sc < 3 cm,4.82,2026,Procedure,CMS
27048,Exc hip/pelv tum deep < 5 cm,8.63,2026,Procedure,CMS
27049,Resect hip/pelv tum < 5 cm,21.01,2026,Procedure,CMS
27050,Biopsy of sacroiliac joint,4.62,2026,Procedure,CMS
27052,Biopsy of hip joint,7.23,2026,Procedure,CMS
27054,Removal of hip joint lining,8.98,2026,Procedure,CMS
27057,Buttock fasciotomy w/dbrdmt,14.54,2026,Procedure,CMS
27059,Resect hip/pelv tum 5 cm/>,28.62,2026,Procedure,CMS
27060,Removal of ischial bursa,5.72,2026,Procedure,CMS
27062,Remove femur lesion/bursa,5.61,2026,Procedure,CMS
27065,Remove hip bone les super,6.39,2026,Procedure,CMS
27066,Remove hip bone les deep,10.92,2026,Procedure,CMS
27067,Remove/graft hip bone lesion,14.35,2026,Procedure,CMS
27070,Part remove hip bone super,11.27,2026,Procedure,CMS
27071,Part removal hip bone deep,12.08,2026,Procedure,CMS
27075,Resect hip tumor,31.89,2026,Procedure,CMS
27076,Resect hip tum incl acetabul,39.2,2026,Procedure,CMS
27077,Resect hip tum w/innom bone,44.08,2026,Procedure,CMS
27078,Rsect hip tum incl femur,31.4,2026,Procedure,CMS
27080,Removal of tail bone,6.72,2026,Procedure,CMS
27086,Remove hip foreign body,1.87,2026,Procedure,CMS
27087,Remove hip foreign body,8.61,2026,Procedure,CMS
27090,Removal of hip prosthesis,11.4,2026,Procedure,CMS
27091,Removal of hip prosthesis,23.74,2026,Procedure,CMS
27093,Injection for hip x-ray,1.27,2026,Procedure,CMS
27095,Injection for hip x-ray,1.46,2026,Procedure,CMS
27096,Inject sacroiliac joint,1.44,2026,Procedure,CMS
27097,Revision of hip tendon,9.04,2026,Procedure,CMS
27098,Transfer tendon to pelvis,9.09,2026,Procedure,CMS
27100,Transfer of abdominal muscle,11.07,2026,Procedure,CMS
27105,Transfer of spinal muscle,11.74,2026,Procedure,CMS
27110,Transfer of iliopsoas muscle,13.43,2026,Procedure,CMS
27111,Transfer of iliopsoas muscle,12.29,2026,Procedure,CMS
27120,Reconstruction of hip socket,18.77,2026,Procedure,CMS
27122,Reconstruction of hip socket,15.69,2026,Procedure,CMS
27125,Partial hip replacement,16.22,2026,Procedure,CMS
27130,Total hip arthroplasty,19.11,2026,Procedure,CMS
27132,Total hip arthroplasty,25.05,2026,Procedure,CMS
27134,Revise hip joint replacement,29.52,2026,Procedure,CMS
27137,Revise hip joint replacement,22.13,2026,Procedure,CMS
27138,Revise hip joint replacement,23.11,2026,Procedure,CMS
27140,Transplant femur ridge,12.46,2026,Procedure,CMS
27146,Incision of hip bone,18.45,2026,Procedure,CMS
27147,Revision of hip bone,21.52,2026,Procedure,CMS
27151,Incision of hip bones,23.52,2026,Procedure,CMS
27156,Revision of hip bones,25.57,2026,Procedure,CMS
27158,Revision of pelvis,20.51,2026,Procedure,CMS
27161,Incision of neck of femur,17.44,2026,Procedure,CMS
27165,Incision/fixation of femur,19.78,2026,Procedure,CMS
27170,Repair/graft femur head/neck,17.17,2026,Procedure,CMS
27175,Treat slipped epiphysis,9.15,2026,Procedure,CMS
27176,Treat slipped epiphysis,12.6,2026,Procedure,CMS
27177,Treat slipped epiphysis,15.69,2026,Procedure,CMS
27178,Treat slipped epiphysis,12.6,2026,Procedure,CMS
27179,Revise head/neck of femur,13.62,2026,Procedure,CMS
27181,Treat slipped epiphysis,15.78,2026,Procedure,CMS
27185,Revision of femur epiphysis,9.55,2026,Procedure,CMS
27187,Reinforce hip bones,13.87,2026,Procedure,CMS
27197,Clsd tx pelvic ring fx,1.49,2026,Procedure,CMS
27198,Clsd tx pelvic ring fx,4.63,2026,Procedure,CMS
27200,Treat tail bone fracture,1.87,2026,Procedure,CMS
27202,Treat tail bone fracture,7.13,2026,Procedure,CMS
27215,Treat pelvic fracture(s),10.19,2026,Procedure,CMS
27216,Treat pelvic ring fracture,15.34,2026,Procedure,CMS
27217,Treat pelvic ring fracture,14.28,2026,Procedure,CMS
27218,Treat pelvic ring fracture,20.41,2026,Procedure,CMS
27220,Treat hip socket fracture,5.36,2026,Procedure,CMS
27222,Treat hip socket fracture,13.76,2026,Procedure,CMS
27226,Treat hip wall fracture,15.18,2026,Procedure,CMS
27227,Treat hip fracture(s),24.77,2026,Procedure,CMS
27228,Treat hip fracture(s),28.6,2026,Procedure,CMS
27230,Treat thigh fracture,5.66,2026,Procedure,CMS
27232,Treat thigh fracture,11.43,2026,Procedure,CMS
27235,Treat thigh fracture,12.68,2026,Procedure,CMS
27236,Treat thigh fracture,17.17,2026,Procedure,CMS
27238,Treat thigh fracture,5.61,2026,Procedure,CMS
27240,Treat thigh fracture,13.46,2026,Procedure,CMS
27244,Treat thigh fracture,17.73,2026,Procedure,CMS
27245,Treat thigh fracture,17.73,2026,Procedure,CMS
27246,Treat thigh fracture,4.71,2026,Procedure,CMS
27248,Treat thigh fracture,10.51,2026,Procedure,CMS
27250,Treat hip dislocation,3.72,2026,Procedure,CMS
27252,Treat hip dislocation,10.75,2026,Procedure,CMS
27253,Treat hip dislocation,13.24,2026,Procedure,CMS
27254,Treat hip dislocation,18.47,2026,Procedure,CMS
27256,Treat hip dislocation,4.17,2026,Procedure,CMS
27257,Treat hip dislocation,5.25,2026,Procedure,CMS
27258,Treat hip dislocation,15.78,2026,Procedure,CMS
27259,Treat hip dislocation,22.68,2026,Procedure,CMS
27265,Treat hip dislocation,5.11,2026,Procedure,CMS
27266,Treat hip dislocation,7.59,2026,Procedure,CMS
27267,Cltx thigh fx,5.36,2026,Procedure,CMS
27268,Cltx thigh fx w/mnpj,6.94,2026,Procedure,CMS
27269,Optx thigh fx,18.42,2026,Procedure,CMS
27275,Manipulation of hip joint,2.26,2026,Procedure,CMS
27278,Arthrd si jt plmt iartic dev,7.66,2026,Procedure,CMS
27279,Arthrd si jt plmt tartclr dv,11.83,2026,Procedure,CMS
27280,Arthr si jt opn b1grf instrm,19.5,2026,Procedure,CMS
27282,Arthrodesis symphysis pubis,11.55,2026,Procedure,CMS
27284,Arthrodesis hip joint,24.43,2026,Procedure,CMS
27286,Arthrd hip jt sbtrchc osteot,24.54,2026,Procedure,CMS
27290,Amputation of leg at hip,23.94,2026,Procedure,CMS
27295,Amputation of leg at hip,19.17,2026,Procedure,CMS
27299,Unlisted px pelvis/hip joint,0.0,2026,Procedure,CMS
27301,Drain thigh/knee lesion,6.61,2026,Procedure,CMS
27303,Drainage of bone lesion,8.41,2026,Procedure,CMS
27305,Incise thigh tendon & fascia,6.03,2026,Procedure,CMS
27306,Incision of thigh tendon,4.62,2026,Procedure,CMS
27307,Incision of thigh tendons,5.91,2026,Procedure,CMS
27310,Exploration of knee joint,9.75,2026,Procedure,CMS
27323,Biopsy thigh soft tissues,2.27,2026,Procedure,CMS
27324,Biopsy thigh soft tissues,4.91,2026,Procedure,CMS
27325,Neurectomy hamstring,7.02,2026,Procedure,CMS
27326,Neurectomy popliteal,6.31,2026,Procedure,CMS
27327,Exc thigh/knee les sc < 3 cm,3.86,2026,Procedure,CMS
27328,Exc thigh/knee tum deep <5cm,8.63,2026,Procedure,CMS
27329,Resect thigh/knee tum < 5 cm,15.33,2026,Procedure,CMS
27330,Biopsy knee joint lining,4.98,2026,Procedure,CMS
27331,Explore/treat knee joint,5.87,2026,Procedure,CMS
27332,Removal of knee cartilage,8.25,2026,Procedure,CMS
27333,Removal of knee cartilage,7.36,2026,Procedure,CMS
27334,Remove knee joint lining,8.96,2026,Procedure,CMS
27335,Remove knee joint lining,10.29,2026,Procedure,CMS
27337,Exc thigh/knee les sc 3 cm/>,5.76,2026,Procedure,CMS
27339,Exc thigh/knee tum dep 5cm/>,10.85,2026,Procedure,CMS
27340,Removal of kneecap bursa,4.21,2026,Procedure,CMS
27345,Removal of knee cyst,5.94,2026,Procedure,CMS
27347,Remove knee cyst,6.56,2026,Procedure,CMS
27350,Removal of kneecap,8.44,2026,Procedure,CMS
27355,Remove femur lesion,7.8,2026,Procedure,CMS
27356,Remove femur lesion/graft,9.84,2026,Procedure,CMS
27357,Remove femur lesion/graft,10.88,2026,Procedure,CMS
27358,Remove femur lesion/fixation,4.61,2026,Procedure,CMS
27360,Partial removal leg bone(s),11.17,2026,Procedure,CMS
27364,Resect thigh/knee tum 5 cm/>,23.88,2026,Procedure,CMS
27365,Resect femur/knee tumor,31.4,2026,Procedure,CMS
27369,Njx cntrst kne arthg/ct/mri,0.75,2026,Procedure,CMS
27372,Removal of foreign body,5.08,2026,Procedure,CMS
27380,Repair of kneecap tendon,7.26,2026,Procedure,CMS
27381,Repair/graft kneecap tendon,10.49,2026,Procedure,CMS
27385,Repair of thigh muscle,6.76,2026,Procedure,CMS
27386,Repair/graft of thigh muscle,10.85,2026,Procedure,CMS
27390,Incision of thigh tendon,5.39,2026,Procedure,CMS
27391,Incision of thigh tendons,7.3,2026,Procedure,CMS
27392,Incision of thigh tendons,9.39,2026,Procedure,CMS
27393,Lengthening of thigh tendon,6.43,2026,Procedure,CMS
27394,Lengthening of thigh tendons,8.57,2026,Procedure,CMS
27395,Lengthening of thigh tendons,11.93,2026,Procedure,CMS
27396,Transplant of thigh tendon,7.95,2026,Procedure,CMS
27397,Transplants of thigh tendons,12.34,2026,Procedure,CMS
27400,Revise thigh muscles/tendons,9.1,2026,Procedure,CMS
27403,Repair of knee cartilage,8.4,2026,Procedure,CMS
27405,Repair of knee ligament,8.85,2026,Procedure,CMS
27407,Repair of knee ligament,10.58,2026,Procedure,CMS
27409,Repair of knee ligaments,13.37,2026,Procedure,CMS
27412,Autochondrocyte implant knee,24.12,2026,Procedure,CMS
27415,Osteochondral knee allograft,19.5,2026,Procedure,CMS
27416,Osteochondral knee autograft,13.81,2026,Procedure,CMS
27418,Repair degenerated kneecap,11.31,2026,Procedure,CMS
27420,Revision of unstable kneecap,10.0,2026,Procedure,CMS
27422,Revision of unstable kneecap,9.95,2026,Procedure,CMS
27424,Revision/removal of kneecap,9.98,2026,Procedure,CMS
27425,Lat retinacular release open,5.26,2026,Procedure,CMS
27427,Reconstruction knee,9.55,2026,Procedure,CMS
27428,Reconstruction knee,15.19,2026,Procedure,CMS
27429,Reconstruction knee,17.1,2026,Procedure,CMS
27430,Revision of thigh muscles,9.91,2026,Procedure,CMS
27435,Incision of knee joint,10.61,2026,Procedure,CMS
27437,Revise kneecap,8.71,2026,Procedure,CMS
27438,Revise kneecap with implant,11.59,2026,Procedure,CMS
27440,Revision of knee joint,10.81,2026,Procedure,CMS
27441,Revision of knee joint,11.25,2026,Procedure,CMS
27442,Revision of knee joint,12.06,2026,Procedure,CMS
27443,Revision of knee joint,11.12,2026,Procedure,CMS
27446,Revision of knee joint,16.7,2026,Procedure,CMS
27447,Total knee arthroplasty,19.11,2026,Procedure,CMS
27448,Incision of thigh,11.31,2026,Procedure,CMS
27450,Incision of thigh,14.24,2026,Procedure,CMS
27454,Realignment of thigh bone,18.69,2026,Procedure,CMS
27455,Realignment of knee,13.03,2026,Procedure,CMS
27457,Realignment of knee,13.68,2026,Procedure,CMS
27458,Osteot femur imed lngth dev,26.65,2026,Procedure,CMS
27465,Shortening of thigh bone,20.6,2026,Procedure,CMS
27466,Lengthening of thigh bone,22.08,2026,Procedure,CMS
27470,Repair of thigh,16.71,2026,Procedure,CMS
27472,Repair/graft of thigh,18.25,2026,Procedure,CMS
27475,Surgery to stop leg growth,8.71,2026,Procedure,CMS
27477,Surgery to stop leg growth,9.89,2026,Procedure,CMS
27479,Surgery to stop leg growth,12.83,2026,Procedure,CMS
27485,Surgery to stop leg growth,8.9,2026,Procedure,CMS
27486,Revise/replace knee joint,20.59,2026,Procedure,CMS
27487,Revise/replace knee joint,26.43,2026,Procedure,CMS
27488,Removal of knee prosthesis,17.16,2026,Procedure,CMS
27495,Reinforce thigh,16.13,2026,Procedure,CMS
27496,Decompression of thigh/knee,6.61,2026,Procedure,CMS
27497,Decompression of thigh/knee,7.6,2026,Procedure,CMS
27498,Decompression of thigh/knee,8.44,2026,Procedure,CMS
27499,Decompression of thigh/knee,9.19,2026,Procedure,CMS
27500,Treatment of thigh fracture,6.14,2026,Procedure,CMS
27501,Treatment of thigh fracture,6.29,2026,Procedure,CMS
27502,Treatment of thigh fracture,11.08,2026,Procedure,CMS
27503,Treatment of thigh fracture,10.99,2026,Procedure,CMS
27506,Treatment of thigh fracture,19.16,2026,Procedure,CMS
27507,Treatment of thigh fracture,14.12,2026,Procedure,CMS
27508,Treatment of thigh fracture,6.05,2026,Procedure,CMS
27509,Treatment of thigh fracture,7.94,2026,Procedure,CMS
27510,Treatment of thigh fracture,9.56,2026,Procedure,CMS
27511,Treatment of thigh fracture,14.73,2026,Procedure,CMS
27513,Treatment of thigh fracture,18.77,2026,Procedure,CMS
27514,Treatment of thigh fracture,14.24,2026,Procedure,CMS
27516,Treat thigh fx growth plate,5.45,2026,Procedure,CMS
27517,Treat thigh fx growth plate,8.89,2026,Procedure,CMS
27519,Treat thigh fx growth plate,12.92,2026,Procedure,CMS
27520,Treat kneecap fracture,2.96,2026,Procedure,CMS
27524,Treat kneecap fracture,10.11,2026,Procedure,CMS
27530,Treat knee fracture,2.58,2026,Procedure,CMS
27532,Treat knee fracture,7.36,2026,Procedure,CMS
27535,Treat knee fracture,13.07,2026,Procedure,CMS
27536,Treat knee fracture,16.96,2026,Procedure,CMS
27538,Treat knee fracture(s),4.96,2026,Procedure,CMS
27540,Treat knee fracture,11.02,2026,Procedure,CMS
27550,Treat knee dislocation,5.83,2026,Procedure,CMS
27552,Treat knee dislocation,7.98,2026,Procedure,CMS
27556,Treat knee dislocation,12.68,2026,Procedure,CMS
27557,Treat knee dislocation,15.5,2026,Procedure,CMS
27558,Treat knee dislocation,17.93,2026,Procedure,CMS
27560,Treat kneecap dislocation,3.89,2026,Procedure,CMS
27562,Treat kneecap dislocation,5.83,2026,Procedure,CMS
27566,Treat kneecap dislocation,12.39,2026,Procedure,CMS
27570,Fixation of knee joint,1.75,2026,Procedure,CMS
27580,Fusion of knee,20.57,2026,Procedure,CMS
27590,Amputate leg at thigh,13.13,2026,Procedure,CMS
27591,Amputate leg at thigh,13.59,2026,Procedure,CMS
27592,Amputate leg at thigh,10.71,2026,Procedure,CMS
27594,Amputation follow-up surgery,7.11,2026,Procedure,CMS
27596,Amputation follow-up surgery,11.01,2026,Procedure,CMS
27598,Amputate lower leg at knee,10.94,2026,Procedure,CMS
27599,Unlisted px femur/knee,0.0,2026,Procedure,CMS
27600,Decompression of lower leg,5.88,2026,Procedure,CMS
27601,Decompression of lower leg,5.9,2026,Procedure,CMS
27602,Decompression of lower leg,7.62,2026,Procedure,CMS
27603,Drain lower leg lesion,5.1,2026,Procedure,CMS
27604,Drain lower leg bursa,4.48,2026,Procedure,CMS
27605,Incision of achilles tendon,2.85,2026,Procedure,CMS
27606,Incision of achilles tendon,4.08,2026,Procedure,CMS
27607,Treat lower leg bone lesion,8.4,2026,Procedure,CMS
27610,Explore/treat ankle joint,8.9,2026,Procedure,CMS
27612,Exploration of ankle joint,7.95,2026,Procedure,CMS
27613,Biopsy lower leg soft tissue,2.16,2026,Procedure,CMS
27614,Biopsy lower leg soft tissue,5.66,2026,Procedure,CMS
27615,Resect leg/ankle tum < 5 cm,15.33,2026,Procedure,CMS
27616,Resect leg/ankle tum 5 cm/>,19.14,2026,Procedure,CMS
27618,Exc leg/ankle tum < 3 cm,3.86,2026,Procedure,CMS
27619,Exc leg/ankle tum deep <5 cm,6.74,2026,Procedure,CMS
27620,Explore/treat ankle joint,6.0,2026,Procedure,CMS
27625,Remove ankle joint lining,8.28,2026,Procedure,CMS
27626,Remove ankle joint lining,8.87,2026,Procedure,CMS
27630,Removal of tendon lesion,4.82,2026,Procedure,CMS
27632,Exc leg/ankle les sc 3 cm/>,5.76,2026,Procedure,CMS
27634,Exc leg/ankle tum dep 5 cm/>,9.88,2026,Procedure,CMS
27635,Remove lower leg bone lesion,7.83,2026,Procedure,CMS
27637,Remove/graft leg bone lesion,10.05,2026,Procedure,CMS
27638,Remove/graft leg bone lesion,10.72,2026,Procedure,CMS
27640,Partial removal of tibia,11.93,2026,Procedure,CMS
27641,Partial removal of fibula,9.59,2026,Procedure,CMS
27645,Resect tibia tumor,26.53,2026,Procedure,CMS
27646,Resect fibula tumor,22.63,2026,Procedure,CMS
27647,Resect talus/calcaneus tum,19.75,2026,Procedure,CMS
27648,Injection for ankle x-ray,0.94,2026,Procedure,CMS
27650,Repair achilles tendon,8.98,2026,Procedure,CMS
27652,Repair/graft achilles tendon,10.51,2026,Procedure,CMS
27654,Repair of achilles tendon,10.27,2026,Procedure,CMS
27656,Repair leg fascia defect,4.59,2026,Procedure,CMS
27658,Repair of leg tendon each,4.99,2026,Procedure,CMS
27659,Repair of leg tendon each,6.92,2026,Procedure,CMS
27664,Repair of leg tendon each,4.61,2026,Procedure,CMS
27665,Repair of leg tendon each,5.43,2026,Procedure,CMS
27675,Repair lower leg tendons,7.17,2026,Procedure,CMS
27676,Repair lower leg tendons,8.51,2026,Procedure,CMS
27680,Release of lower leg tendon,5.73,2026,Procedure,CMS
27681,Release of lower leg tendons,6.87,2026,Procedure,CMS
27685,Revision of lower leg tendon,6.52,2026,Procedure,CMS
27686,Revise lower leg tendons,7.56,2026,Procedure,CMS
27687,Revision of calf tendon,6.25,2026,Procedure,CMS
27690,Revise lower leg tendon,8.94,2026,Procedure,CMS
27691,Revise lower leg tendon,10.23,2026,Procedure,CMS
27692,Revise additional leg tendon,1.82,2026,Procedure,CMS
27695,Repair of ankle ligament,6.53,2026,Procedure,CMS
27696,Repair of ankle ligaments,8.37,2026,Procedure,CMS
27698,Repair of ankle ligament,9.37,2026,Procedure,CMS
27700,Revision of ankle joint,9.42,2026,Procedure,CMS
27702,Reconstruct ankle joint,14.06,2026,Procedure,CMS
27703,Reconstruction ankle joint,16.52,2026,Procedure,CMS
27704,Removal of ankle implant,7.61,2026,Procedure,CMS
27705,Osteotomy tibia,10.59,2026,Procedure,CMS
27707,Osteotomy fibula,4.66,2026,Procedure,CMS
27709,Osteotomy tibia & fibula,17.04,2026,Procedure,CMS
27712,Osteot mlt relignmt imed rod,15.47,2026,Procedure,CMS
27713,Osteot tibia imed lngth dev,28.0,2026,Procedure,CMS
27715,Ostpl tibfib lngth/shrt,21.94,2026,Procedure,CMS
27720,Repair of tibia,12.05,2026,Procedure,CMS
27722,Repair/graft of tibia,12.14,2026,Procedure,CMS
27724,Repair/graft of tibia,18.83,2026,Procedure,CMS
27725,Repair of lower leg,16.97,2026,Procedure,CMS
27726,Repair fibula nonunion,13.98,2026,Procedure,CMS
27727,Repair of lower leg,14.47,2026,Procedure,CMS
27730,Repair of tibia epiphysis,7.51,2026,Procedure,CMS
27732,Repair of fibula epiphysis,5.32,2026,Procedure,CMS
27734,Repair lower leg epiphyses,8.61,2026,Procedure,CMS
27740,Repair of leg epiphyses,9.37,2026,Procedure,CMS
27742,Repair of leg epiphyses,10.36,2026,Procedure,CMS
27745,Reinforce tibia,10.23,2026,Procedure,CMS
27750,Treatment of tibia fracture,3.29,2026,Procedure,CMS
27752,Treatment of tibia fracture,6.11,2026,Procedure,CMS
27756,Treatment of tibia fracture,7.26,2026,Procedure,CMS
27758,Treatment of tibia fracture,12.23,2026,Procedure,CMS
27759,Treatment of tibia fracture,14.09,2026,Procedure,CMS
27760,Cltx medial ankle fx,3.13,2026,Procedure,CMS
27762,Cltx med ankle fx w/mnpj,5.33,2026,Procedure,CMS
27766,Optx medial ankle fx,7.69,2026,Procedure,CMS
27767,Cltx post ankle fx,2.57,2026,Procedure,CMS
27768,Cltx post ankle fx w/mnpj,5.01,2026,Procedure,CMS
27769,Optx post ankle fx,9.89,2026,Procedure,CMS
27780,Treatment of fibula fracture,2.76,2026,Procedure,CMS
27781,Treatment of fibula fracture,4.48,2026,Procedure,CMS
27784,Treatment of fibula fracture,9.43,2026,Procedure,CMS
27786,Treatment of ankle fracture,2.94,2026,Procedure,CMS
27788,Treatment of ankle fracture,4.52,2026,Procedure,CMS
27792,Treatment of ankle fracture,8.53,2026,Procedure,CMS
27808,Treatment of ankle fracture,2.95,2026,Procedure,CMS
27810,Treatment of ankle fracture,5.19,2026,Procedure,CMS
27814,Treatment of ankle fracture,10.35,2026,Procedure,CMS
27816,Treatment of ankle fracture,2.99,2026,Procedure,CMS
27818,Treatment of ankle fracture,5.55,2026,Procedure,CMS
27822,Treatment of ankle fracture,10.93,2026,Procedure,CMS
27823,Treatment of ankle fracture,12.83,2026,Procedure,CMS
27824,Treat lower leg fracture,3.23,2026,Procedure,CMS
27825,Treat lower leg fracture,6.52,2026,Procedure,CMS
27826,Treat lower leg fracture,10.82,2026,Procedure,CMS
27827,Treat lower leg fracture,14.42,2026,Procedure,CMS
27828,Treat lower leg fracture,17.97,2026,Procedure,CMS
27829,Treat lower leg joint,8.58,2026,Procedure,CMS
27830,Treat lower leg dislocation,3.86,2026,Procedure,CMS
27831,Treat lower leg dislocation,4.61,2026,Procedure,CMS
27832,Treat lower leg dislocation,9.92,2026,Procedure,CMS
27840,Treat ankle dislocation,4.65,2026,Procedure,CMS
27842,Treat ankle dislocation,6.3,2026,Procedure,CMS
27846,Treat ankle dislocation,10.02,2026,Procedure,CMS
27848,Treat ankle dislocation,11.39,2026,Procedure,CMS
27860,Fixation of ankle joint,2.33,2026,Procedure,CMS
27870,Fusion of ankle joint open,15.02,2026,Procedure,CMS
27871,Fusion of tibiofibular joint,9.3,2026,Procedure,CMS
27880,Amputation of lower leg,14.99,2026,Procedure,CMS
27881,Amputation of lower leg,13.13,2026,Procedure,CMS
27882,Amputation of lower leg,9.55,2026,Procedure,CMS
27884,Amputation follow-up surgery,8.54,2026,Procedure,CMS
27886,Amputation follow-up surgery,9.77,2026,Procedure,CMS
27888,Amputation of foot at ankle,10.11,2026,Procedure,CMS
27889,Ankle disarticulation,10.59,2026,Procedure,CMS
27892,Decompression of leg,7.74,2026,Procedure,CMS
27893,Decompression of leg,7.7,2026,Procedure,CMS
27894,Decompression of leg,12.35,2026,Procedure,CMS
27899,Unlisted px leg/ankle,0.0,2026,Procedure,CMS
28001,Drainage of bursa of foot,1.95,2026,Procedure,CMS
28002,Treatment of foot infection,2.72,2026,Procedure,CMS
28003,Treatment of foot infection,5.15,2026,Procedure,CMS
28005,Treat foot bone lesion,9.2,2026,Procedure,CMS
28008,Incision of foot fascia,4.48,2026,Procedure,CMS
28010,Incision of toe tendon,2.9,2026,Procedure,CMS
28011,Incision of toe tendons,4.17,2026,Procedure,CMS
28020,Exploration of foot joint,5.02,2026,Procedure,CMS
28022,Exploration of foot joint,4.69,2026,Procedure,CMS
28024,Exploration of toe joint,4.41,2026,Procedure,CMS
28035,Decompression of tibia nerve,5.1,2026,Procedure,CMS
28039,Exc foot/toe tum sc 1.5 cm/>,5.28,2026,Procedure,CMS
28041,Exc foot/toe tum dep 1.5cm/>,6.95,2026,Procedure,CMS
28043,Exc foot/toe tum sc < 1.5 cm,3.86,2026,Procedure,CMS
28045,Exc foot/toe tum deep <1.5cm,5.31,2026,Procedure,CMS
28046,Resect foot/toe tumor < 3 cm,12.07,2026,Procedure,CMS
28047,Resect foot/toe tumor 3 cm/>,17.01,2026,Procedure,CMS
28050,Biopsy of foot joint lining,4.28,2026,Procedure,CMS
28052,Biopsy of foot joint lining,3.96,2026,Procedure,CMS
28054,Biopsy of toe joint lining,3.48,2026,Procedure,CMS
28055,Neurectomy foot,6.13,2026,Procedure,CMS
28060,Partial removal foot fascia,5.27,2026,Procedure,CMS
28062,Removal of foot fascia,6.52,2026,Procedure,CMS
28070,Removal of foot joint lining,5.11,2026,Procedure,CMS
28072,Removal of foot joint lining,4.6,2026,Procedure,CMS
28080,Removal of foot lesion,4.74,2026,Procedure,CMS
28086,Excise foot tendon sheath,4.8,2026,Procedure,CMS
28088,Excise foot tendon sheath,3.88,2026,Procedure,CMS
28090,Removal of foot lesion,4.44,2026,Procedure,CMS
28092,Removal of toe lesions,3.69,2026,Procedure,CMS
28100,Removal of ankle/heel lesion,5.68,2026,Procedure,CMS
28102,Remove/graft foot lesion,7.72,2026,Procedure,CMS
28103,Remove/graft foot lesion,6.5,2026,Procedure,CMS
28104,Removal of foot lesion,5.13,2026,Procedure,CMS
28106,Remove/graft foot lesion,7.17,2026,Procedure,CMS
28107,Remove/graft foot lesion,5.59,2026,Procedure,CMS
28108,Removal of toe lesions,4.19,2026,Procedure,CMS
28110,Part removal of metatarsal,4.11,2026,Procedure,CMS
28111,Part removal of metatarsal,5.02,2026,Procedure,CMS
28112,Part removal of metatarsal,4.51,2026,Procedure,CMS
28113,Part removal of metatarsal,5.96,2026,Procedure,CMS
28114,Removal of metatarsal heads,11.7,2026,Procedure,CMS
28116,Revision of foot,8.91,2026,Procedure,CMS
28118,Removal of heel bone,5.98,2026,Procedure,CMS
28119,Removal of heel spur,5.42,2026,Procedure,CMS
28120,Part removal of ankle/heel,7.13,2026,Procedure,CMS
28122,Partial removal of foot bone,6.59,2026,Procedure,CMS
28124,Partial removal of toe,4.88,2026,Procedure,CMS
28126,Partial removal of toe,3.55,2026,Procedure,CMS
28130,Removal of ankle bone,9.26,2026,Procedure,CMS
28140,Removal of metatarsal,6.96,2026,Procedure,CMS
28150,Removal of toe,4.12,2026,Procedure,CMS
28153,Partial removal of toe,3.71,2026,Procedure,CMS
28160,Partial removal of toe,3.78,2026,Procedure,CMS
28171,Resect tarsal tumor,16.0,2026,Procedure,CMS
28173,Resect metatarsal tumor,13.81,2026,Procedure,CMS
28175,Resect phalanx of toe tumor,8.08,2026,Procedure,CMS
28190,Removal of foot foreign body,1.96,2026,Procedure,CMS
28192,Removal of foot foreign body,4.66,2026,Procedure,CMS
28193,Removal of foot foreign body,5.75,2026,Procedure,CMS
28200,Repair of foot tendon,4.62,2026,Procedure,CMS
28202,Repair/graft of foot tendon,6.89,2026,Procedure,CMS
28208,Repair of foot tendon,4.4,2026,Procedure,CMS
28210,Repair/graft of foot tendon,6.36,2026,Procedure,CMS
28220,Release of foot tendon,4.55,2026,Procedure,CMS
28222,Release of foot tendons,5.62,2026,Procedure,CMS
28225,Release of foot tendon,3.69,2026,Procedure,CMS
28226,Release of foot tendons,4.55,2026,Procedure,CMS
28230,Incision of foot tendon(s),4.25,2026,Procedure,CMS
28232,Incision of toe tendon,3.42,2026,Procedure,CMS
28234,Incision of foot tendon,3.45,2026,Procedure,CMS
28238,Revision of foot tendon,7.76,2026,Procedure,CMS
28240,Release of big toe,4.37,2026,Procedure,CMS
28250,Revision of foot fascia,5.91,2026,Procedure,CMS
28260,Release of midfoot joint,7.99,2026,Procedure,CMS
28261,Revision of foot tendon,12.78,2026,Procedure,CMS
28262,Revision of foot and ankle,16.78,2026,Procedure,CMS
28264,Release of midfoot joint,10.38,2026,Procedure,CMS
28270,Release of foot contracture,4.81,2026,Procedure,CMS
28272,Release of toe joint each,3.82,2026,Procedure,CMS
28280,Fusion of toes,5.2,2026,Procedure,CMS
28285,Repair of hammertoe,5.48,2026,Procedure,CMS
28286,Repair of hammertoe,4.58,2026,Procedure,CMS
28288,Partial removal of foot bone,5.87,2026,Procedure,CMS
28289,Corrj halux rigdus w/o implt,6.73,2026,Procedure,CMS
28291,Corrj halux rigdus w/implt,7.81,2026,Procedure,CMS
28292,Cor hlx vlgs rsc prx phlx bs,7.25,2026,Procedure,CMS
28295,Cor hlx vlgs prx mtar osteot,8.36,2026,Procedure,CMS
28296,Cor hlx vlgs dstl mtar osteo,8.04,2026,Procedure,CMS
28297,Cor hlx vlgs jt arthrd,9.06,2026,Procedure,CMS
28298,Cor hlx vlgs prx phlx osteot,7.56,2026,Procedure,CMS
28299,Cor hlx vlgs double osteot,9.06,2026,Procedure,CMS
28300,Incision of heel bone,9.49,2026,Procedure,CMS
28302,Incision of ankle bone,9.5,2026,Procedure,CMS
28304,Incision of midfoot bones,9.17,2026,Procedure,CMS
28305,Incise/graft midfoot bones,10.5,2026,Procedure,CMS
28306,Incision of metatarsal,5.85,2026,Procedure,CMS
28307,Incision of metatarsal,6.34,2026,Procedure,CMS
28308,Incision of metatarsal,5.34,2026,Procedure,CMS
28309,Incision of metatarsals,13.81,2026,Procedure,CMS
28310,Revision of big toe,5.43,2026,Procedure,CMS
28312,Revision of toe,4.57,2026,Procedure,CMS
28313,Repair deformity of toe,5.02,2026,Procedure,CMS
28315,Removal of sesamoid bone,4.88,2026,Procedure,CMS
28320,Repair of foot bones,9.14,2026,Procedure,CMS
28322,Repair of metatarsals,8.32,2026,Procedure,CMS
28340,Resect enlarged toe tissue,6.97,2026,Procedure,CMS
28341,Resect enlarged toe,8.5,2026,Procedure,CMS
28344,Repair extra toe(s),4.29,2026,Procedure,CMS
28345,Repair webbed toe(s),5.94,2026,Procedure,CMS
28360,Reconstruct cleft foot,14.55,2026,Procedure,CMS
28400,Cltx calcaneal fx w/o mnpj,2.25,2026,Procedure,CMS
28405,Cltx calcaneal fx w/mnpj,4.62,2026,Procedure,CMS
28406,Prq skel fix clcnl fx w/mnpj,6.4,2026,Procedure,CMS
28415,Optx calcaneal fracture,15.79,2026,Procedure,CMS
28420,Optx calcaneal fx w/bone grf,17.08,2026,Procedure,CMS
28430,Cltx talus fracture w/o mnpj,2.16,2026,Procedure,CMS
28435,Cltx talus fracture w/mnpj,3.45,2026,Procedure,CMS
28436,Prq skel fix talus fx w/mnpj,4.78,2026,Procedure,CMS
28445,Optx talus fracture,15.37,2026,Procedure,CMS
28446,Opn osteochondrl agrft talus,17.27,2026,Procedure,CMS
28450,Tx tarsal b1 fx w/o mnpj ea,1.98,2026,Procedure,CMS
28455,Tx tarsal b1 fx w/mnpj each,3.16,2026,Procedure,CMS
28456,Prq skel fix tarsl fx w/mnpj,2.79,2026,Procedure,CMS
28465,Optx tarsal bone fx each,8.58,2026,Procedure,CMS
28470,Cltx metatarsal fx wo mnp ea,1.98,2026,Procedure,CMS
28475,Cltx metatarsal fx w/mnpj ea,2.93,2026,Procedure,CMS
28476,Prq skel fix metar fx w/mnpj,3.51,2026,Procedure,CMS
28485,Optx metatarsal fx each,7.25,2026,Procedure,CMS
28490,Treat big toe fracture,1.14,2026,Procedure,CMS
28495,Treat big toe fracture,1.64,2026,Procedure,CMS
28496,Treat big toe fracture,2.42,2026,Procedure,CMS
28505,Treat big toe fracture,7.25,2026,Procedure,CMS
28510,Treatment of toe fracture,1.14,2026,Procedure,CMS
28515,Treatment of toe fracture,1.52,2026,Procedure,CMS
28525,Treat toe fracture,5.48,2026,Procedure,CMS
28530,Treat sesamoid bone fracture,1.08,2026,Procedure,CMS
28531,Treat sesamoid bone fracture,2.51,2026,Procedure,CMS
28540,Treat foot dislocation,2.14,2026,Procedure,CMS
28545,Treat foot dislocation,2.54,2026,Procedure,CMS
28546,Treat foot dislocation,3.32,2026,Procedure,CMS
28555,Repair foot dislocation,9.41,2026,Procedure,CMS
28570,Treat foot dislocation,1.72,2026,Procedure,CMS
28575,Treat foot dislocation,3.4,2026,Procedure,CMS
28576,Treat foot dislocation,4.49,2026,Procedure,CMS
28585,Repair foot dislocation,10.85,2026,Procedure,CMS
28600,Treat foot dislocation,1.97,2026,Procedure,CMS
28605,Treat foot dislocation,2.82,2026,Procedure,CMS
28606,Treat foot dislocation,4.96,2026,Procedure,CMS
28615,Repair foot dislocation,10.43,2026,Procedure,CMS
28630,Treat toe dislocation,1.71,2026,Procedure,CMS
28635,Treat toe dislocation,1.91,2026,Procedure,CMS
28636,Treat toe dislocation,2.7,2026,Procedure,CMS
28645,Repair toe dislocation,7.25,2026,Procedure,CMS
28660,Treat toe dislocation,1.25,2026,Procedure,CMS
28665,Treat toe dislocation,1.92,2026,Procedure,CMS
28666,Treat toe dislocation,2.59,2026,Procedure,CMS
28675,Repair of toe dislocation,5.48,2026,Procedure,CMS
28705,Arthrodesis pantalar,19.82,2026,Procedure,CMS
28715,Arthrodesis triple,13.08,2026,Procedure,CMS
28725,Arthrodesis subtalar,10.94,2026,Procedure,CMS
28730,Fusion of foot bones,10.43,2026,Procedure,CMS
28735,Fusion of foot bones,11.92,2026,Procedure,CMS
28737,Revision of foot bones,10.75,2026,Procedure,CMS
28740,Fusion of foot bones,9.06,2026,Procedure,CMS
28750,Fusion of big toe joint,8.53,2026,Procedure,CMS
28755,Fusion of big toe joint,7.31,2026,Procedure,CMS
28760,Fusion of big toe joint,8.91,2026,Procedure,CMS
28800,Amputation of midfoot,8.57,2026,Procedure,CMS
28805,Amputation thru metatarsal,12.39,2026,Procedure,CMS
28810,Amputation toe & metatarsal,6.47,2026,Procedure,CMS
28820,Amputation of toe,3.42,2026,Procedure,CMS
28825,Partial amputation of toe,3.32,2026,Procedure,CMS
28890,Hi enrgy eswt plantar fascia,3.36,2026,Procedure,CMS
28899,Unlisted px foot/toes,0.0,2026,Procedure,CMS
29000,Appl halo type body cast,2.19,2026,Procedure,CMS
29010,Appl risser jacket body only,2.01,2026,Procedure,CMS
29015,Appl rissr jacket bdy w/head,2.35,2026,Procedure,CMS
29035,Appl body cast sho to hips,1.73,2026,Procedure,CMS
29040,Appl bdy cst sho to hip head,2.16,2026,Procedure,CMS
29044,Appl bdy cst sho to hip 1thi,2.07,2026,Procedure,CMS
29046,Appl bdy cst sho to hip b th,2.35,2026,Procedure,CMS
29049,Appl cast figure-of-eight,0.87,2026,Procedure,CMS
29055,Appl cast shoulder spica,1.74,2026,Procedure,CMS
29058,Appl cast plaster velpeau,1.28,2026,Procedure,CMS
29065,Appl cst sho to hand lng arm,0.85,2026,Procedure,CMS
29075,Appl cst elbw fngr short arm,0.75,2026,Procedure,CMS
29085,Appl cast hand&lwr forearm,0.85,2026,Procedure,CMS
29086,Application cast finger,0.6,2026,Procedure,CMS
29105,Application long arm splint,0.78,2026,Procedure,CMS
29125,Appl short arm splint static,0.49,2026,Procedure,CMS
29126,Appl short arm splint dyn,0.66,2026,Procedure,CMS
29130,Appl finger splint static,0.49,2026,Procedure,CMS
29131,Appl finger splint dynamic,0.54,2026,Procedure,CMS
29200,Strapping thorax,0.38,2026,Procedure,CMS
29240,Strapping of shoulder,0.38,2026,Procedure,CMS
29260,Strapping of elbow or wrist,0.38,2026,Procedure,CMS
29280,Strapping of hand or finger,0.38,2026,Procedure,CMS
29305,Appl hip spica cast 1 leg,1.98,2026,Procedure,CMS
29325,Appl hip spica cast1&1/2,2.26,2026,Procedure,CMS
29345,Application of long leg cast,1.37,2026,Procedure,CMS
29355,Appl long leg cast walker,1.49,2026,Procedure,CMS
29358,Appl long leg cast brace,1.39,2026,Procedure,CMS
29365,Appl cylinder cast,1.15,2026,Procedure,CMS
29405,Appl short leg cast,0.78,2026,Procedure,CMS
29425,Appl short leg cast walking,0.78,2026,Procedure,CMS
29435,Appl patllr tdn bearing cast,1.15,2026,Procedure,CMS
29440,Adding walker to prev cast,0.56,2026,Procedure,CMS
29445,Appl rigid tot cntc leg cast,1.74,2026,Procedure,CMS
29450,Application clubfoot cast,2.03,2026,Procedure,CMS
29505,Application long leg splint,0.67,2026,Procedure,CMS
29515,Application short leg splint,0.71,2026,Procedure,CMS
29520,Strapping of hip,0.38,2026,Procedure,CMS
29530,Strapping of knee,0.38,2026,Procedure,CMS
29540,Strapping ankle &/foot,0.38,2026,Procedure,CMS
29550,Strapping of toes,0.24,2026,Procedure,CMS
29580,Strapping unna boot,0.54,2026,Procedure,CMS
29581,Appl multlayer cmprn sys leg,0.59,2026,Procedure,CMS
29584,Appl mltlay cmprn sys up arm,0.34,2026,Procedure,CMS
29700,Rmvl/bivlv gauntlet boot/cst,0.56,2026,Procedure,CMS
29705,Rmvl/bivlv full arm/leg cast,0.74,2026,Procedure,CMS
29710,Rmvl/bivlv sho/hip spica,1.31,2026,Procedure,CMS
29720,Repair spica body cst/jacket,0.66,2026,Procedure,CMS
29730,Windowing of cast,0.73,2026,Procedure,CMS
29740,Wedging of cast,1.09,2026,Procedure,CMS
29750,Wedging of clubfoot cast,1.23,2026,Procedure,CMS
29799,Unlisted px casting/strpg,0.0,2026,Procedure,CMS
29800,Jaw arthroscopy/surgery,6.67,2026,Procedure,CMS
29804,Jaw arthroscopy/surgery,8.65,2026,Procedure,CMS
29805,Sho arthrs dx +- synovial bx,5.88,2026,Procedure,CMS
29806,Sho arthrs srg capsulorraphy,14.76,2026,Procedure,CMS
29807,Sho arthrs srg rpr slap les,14.3,2026,Procedure,CMS
29819,Sho arthrs srg rmvl loose/fb,7.6,2026,Procedure,CMS
29820,Sho arthrs srg prtl synvct,7.03,2026,Procedure,CMS
29821,Sho arthrs srg compl synvct,7.69,2026,Procedure,CMS
29822,Sho arthrs srg lmtd dbrdmt,6.85,2026,Procedure,CMS
29823,Sho arthrs srg xtnsv dbrdmt,7.78,2026,Procedure,CMS
29824,Sho arthrs srg dstl claviclc,8.76,2026,Procedure,CMS
29825,Sho arthrs srg lss&rescj ads,7.6,2026,Procedure,CMS
29826,Sho arthrs srg decompression,2.93,2026,Procedure,CMS
29827,Sho arthrs srg rt8tr cuf rpr,15.2,2026,Procedure,CMS
29828,Sho arthrs srg bicp tenodsis,12.83,2026,Procedure,CMS
29830,Elbow arthroscopy,5.73,2026,Procedure,CMS
29834,Elbow arthroscopy/surgery,6.26,2026,Procedure,CMS
29835,Elbow arthroscopy/surgery,6.45,2026,Procedure,CMS
29836,Elbow arthroscopy/surgery,7.53,2026,Procedure,CMS
29837,Elbow arthroscopy/surgery,6.83,2026,Procedure,CMS
29838,Elbow arthroscopy/surgery,7.68,2026,Procedure,CMS
29840,Wrist arthroscopy,5.54,2026,Procedure,CMS
29843,Wrist arthroscopy/surgery,6.0,2026,Procedure,CMS
29844,Wrist arthroscopy/surgery,6.35,2026,Procedure,CMS
29845,Wrist arthroscopy/surgery,7.5,2026,Procedure,CMS
29846,Wrist arthroscopy/surgery,6.72,2026,Procedure,CMS
29847,Wrist arthroscopy/surgery,7.04,2026,Procedure,CMS
29848,Wrist endoscopy/surgery,6.23,2026,Procedure,CMS
29850,Knee arthroscopy/surgery,8.06,2026,Procedure,CMS
29851,Knee arthroscopy/surgery,12.93,2026,Procedure,CMS
29855,Tibial arthroscopy/surgery,10.49,2026,Procedure,CMS
29856,Tibial arthroscopy/surgery,13.92,2026,Procedure,CMS
29860,Hip arthroscopy dx,8.78,2026,Procedure,CMS
29861,Hip arthro w/fb removal,9.85,2026,Procedure,CMS
29862,Hip arthr0 w/debridement,10.89,2026,Procedure,CMS
29863,Hip arthr0 w/synovectomy,10.89,2026,Procedure,CMS
29866,Autgrft implnt knee w/scope,14.3,2026,Procedure,CMS
29867,Allgrft implnt knee w/scope,17.93,2026,Procedure,CMS
29868,Meniscal trnspl knee w/scpe,24.47,2026,Procedure,CMS
29870,Arthrs knee dx w/wo syn bx,5.06,2026,Procedure,CMS
29871,Arthrs knee surg for infctj,6.52,2026,Procedure,CMS
29873,Arthrs knee surg w/lat rls,6.08,2026,Procedure,CMS
29874,Arthrs knee surg rmv loos/fb,7.01,2026,Procedure,CMS
29875,Arthrs knee surg synvct lmtd,6.29,2026,Procedure,CMS
29876,Arthrs knee surg synvct maj,8.65,2026,Procedure,CMS
29877,Arthrs knee surg dbrdmt/shvg,8.09,2026,Procedure,CMS
29879,Arthrs kne srg abrasj arthrp,8.77,2026,Procedure,CMS
29880,Arthrs kne srg mnisectmy m&l,7.21,2026,Procedure,CMS
29881,Arthrs kne srg mnisectmy m/l,6.85,2026,Procedure,CMS
29882,Arthrs kne srg mnisc rpr m/l,9.36,2026,Procedure,CMS
29883,Arthrs kne srg mnisc rpr m&l,11.48,2026,Procedure,CMS
29884,Arthrs knee surg lysis ads,8.07,2026,Procedure,CMS
29885,Arthrs kne srg drlg ost diss,9.95,2026,Procedure,CMS
29886,Arthrs knee surg drlg od les,8.28,2026,Procedure,CMS
29887,Arthrs knee srg drlg od fixj,9.91,2026,Procedure,CMS
29888,Arthrs aid acl rpr/agmntj,13.94,2026,Procedure,CMS
29889,Arthrs aid pcl rpr/agmntj,16.97,2026,Procedure,CMS
29891,Arthr ank ostchn df tal&/tib,9.43,2026,Procedure,CMS
29892,Arthrs aid rpr od les/tib fx,10.01,2026,Procedure,CMS
29893,Endoscopic plantr fasciotomy,6.16,2026,Procedure,CMS
29894,Ankle arthroscopy/surgery,7.17,2026,Procedure,CMS
29895,Ankle arthroscopy/surgery,6.95,2026,Procedure,CMS
29897,Ankle arthroscopy/surgery,7.14,2026,Procedure,CMS
29898,Ankle arthroscopy/surgery,8.28,2026,Procedure,CMS
29899,Ankle arthroscopy/surgery,15.02,2026,Procedure,CMS
29900,Mcp joint arthroscopy dx,5.73,2026,Procedure,CMS
29901,Mcp joint arthroscopy surg,6.43,2026,Procedure,CMS
29902,Mcp joint arthroscopy surg,6.98,2026,Procedure,CMS
29904,Subtalar arthro w/fb rmvl,8.43,2026,Procedure,CMS
29905,Subtalar arthro w/exc,8.95,2026,Procedure,CMS
29906,Subtalar arthro w/deb,9.41,2026,Procedure,CMS
29907,Subtalar arthro w/fusion,11.88,2026,Procedure,CMS
29914,Hip arthro w/femoroplasty,14.3,2026,Procedure,CMS
29915,Hip arthro acetabuloplasty,14.63,2026,Procedure,CMS
29916,Hip arthro w/labral repair,14.63,2026,Procedure,CMS
29999,Unlisted px arthroscopy,0.0,2026,Procedure,CMS
30000,Drainage of nose lesion,1.44,2026,Procedure,CMS
30020,Drainage of nose lesion,1.44,2026,Procedure,CMS
3006F,Cxr doc rev,0.0,2026,Procedure,CMS
3008F,Body mass index docd,0.0,2026,Procedure,CMS
30100,Intranasal biopsy,0.92,2026,Procedure,CMS
30110,Removal of nose polyp(s),1.64,2026,Procedure,CMS
30115,Removal of nose polyp(s),4.33,2026,Procedure,CMS
30117,Removal of intranasal lesion,3.81,2026,Procedure,CMS
30118,Removal of intranasal lesion,7.56,2026,Procedure,CMS
3011F,Lipid panel doc rev,0.0,2026,Procedure,CMS
30120,Revision of nose,5.26,2026,Procedure,CMS
30124,Removal of nose lesion,3.12,2026,Procedure,CMS
30125,Removal of nose lesion,7.12,2026,Procedure,CMS
30130,Excise inferior turbinate,3.38,2026,Procedure,CMS
30140,Resect inferior turbinate,2.93,2026,Procedure,CMS
3014F,Screen mammo doc rev,0.0,2026,Procedure,CMS
30150,Rhinectomy partial,9.31,2026,Procedure,CMS
3015F,Cerv cancer screen docd,0.0,2026,Procedure,CMS
30160,Rhinectomy total,9.74,2026,Procedure,CMS
3016F,Pt scrnd unhlthy oh use,0.0,2026,Procedure,CMS
3017F,Colorectal ca screen doc rev,0.0,2026,Procedure,CMS
3018F,Pre-prxd rsk et al docd,0.0,2026,Procedure,CMS
3019F,Lvef assess planpost dschrge,0.0,2026,Procedure,CMS
30200,Injection treatment of nose,0.76,2026,Procedure,CMS
3020F,Lvf assess,0.0,2026,Procedure,CMS
30210,Nasal sinus therapy,1.1,2026,Procedure,CMS
3021F,Lvef mod/sever deprs syst,0.0,2026,Procedure,CMS
30220,Insert nasal septal button,1.55,2026,Procedure,CMS
3022F,Lvef >=40% systolic,0.0,2026,Procedure,CMS
3023F,Spirom doc rev,0.0,2026,Procedure,CMS
3025F,Spirom fev/fvc <70% w/copd,0.0,2026,Procedure,CMS
3027F,Spirom fev/fvc>=70%/w/ocopd,0.0,2026,Procedure,CMS
3028F,O2 saturation doc rev,0.0,2026,Procedure,CMS
30300,Remove nasal foreign body,1.06,2026,Procedure,CMS
30310,Remove nasal foreign body,1.96,2026,Procedure,CMS
30320,Remove nasal foreign body,4.52,2026,Procedure,CMS
3035F,O2 saturation<=88%/pao<=55,0.0,2026,Procedure,CMS
3037F,O2 saturation >88%/pao>55 hg,0.0,2026,Procedure,CMS
3038F,Pulm fx w/in 12 mon b/4 surg,0.0,2026,Procedure,CMS
30400,Reconstruction of nose,10.59,2026,Procedure,CMS
3040F,Fev <40% predicted value,0.0,2026,Procedure,CMS
30410,Reconstruction of nose,13.65,2026,Procedure,CMS
30420,Reconstruction of nose,16.48,2026,Procedure,CMS
3042F,Fev >=40% predicted value,0.0,2026,Procedure,CMS
30430,Revision of nose,8.03,2026,Procedure,CMS
30435,Revision of nose,12.41,2026,Procedure,CMS
3044F,Hg a1c level lt 7.0%,0.0,2026,Procedure,CMS
30450,Revision of nose,19.17,2026,Procedure,CMS
30460,Revision of nose,10.06,2026,Procedure,CMS
30462,Revision of nose,19.77,2026,Procedure,CMS
30465,Repair nasal stenosis,12.05,2026,Procedure,CMS
30468,Rpr nsl vlv collapse w/implt,2.73,2026,Procedure,CMS
30469,Rpr nsl vlv collapse w/rmdlg,2.38,2026,Procedure,CMS
3046F,Hemoglobin a1c level >9.0%,0.0,2026,Procedure,CMS
3048F,Ldl-c <100 mg/dl,0.0,2026,Procedure,CMS
3049F,Ldl-c 100-129 mg/dl,0.0,2026,Procedure,CMS
3050F,Ldl-c >= 130 mg/dl,0.0,2026,Procedure,CMS
3051F,Hg a1c>equal 7.0%<8.0%,0.0,2026,Procedure,CMS
30520,Repair of nasal septum,6.83,2026,Procedure,CMS
3052F,Hg a1c>equal 8.0%<equal 9.0%,0.0,2026,Procedure,CMS
30540,Rpr choanal atresia ntranasl,7.72,2026,Procedure,CMS
30545,Rpr choanal atresia trsnpltn,11.33,2026,Procedure,CMS
3055F,Lvef less than/equal to 35%,0.0,2026,Procedure,CMS
30560,Lysis intranasal synechia,1.28,2026,Procedure,CMS
3056F,Lvef greater than 35%,0.0,2026,Procedure,CMS
30580,Repair upper jaw fistula,6.71,2026,Procedure,CMS
30600,Repair mouth/nose fistula,6.01,2026,Procedure,CMS
3060F,Pos microalbuminuria rev,0.0,2026,Procedure,CMS
3061F,Neg microalbuminuria rev,0.0,2026,Procedure,CMS
30620,Intranasal reconstruction,6.01,2026,Procedure,CMS
3062F,Pos macroalbuminuria rev,0.0,2026,Procedure,CMS
30630,Repair nasal septum defect,7.11,2026,Procedure,CMS
3066F,Nephropathy doc tx,0.0,2026,Procedure,CMS
3072F,Low risk for retinopathy,0.0,2026,Procedure,CMS
3073F,Pre-surg eye measures docd,0.0,2026,Procedure,CMS
3074F,Syst bp lt 130 mm hg,0.0,2026,Procedure,CMS
3075F,Syst bp ge 130 - 139mm hg,0.0,2026,Procedure,CMS
3077F,Syst bp >= 140 mm hg,0.0,2026,Procedure,CMS
3078F,Diast bp <80 mm hg,0.0,2026,Procedure,CMS
3079F,Diast bp 80-89 mm hg,0.0,2026,Procedure,CMS
30801,Ablate inf turbinate superf,1.11,2026,Procedure,CMS
30802,Ablate inf turbinate submuc,2.03,2026,Procedure,CMS
3080F,Diast bp >= 90 mm hg,0.0,2026,Procedure,CMS
3082F,Kt/v <1.2,0.0,2026,Procedure,CMS
3083F,Kt/v =/> 1.2 & <1.7,0.0,2026,Procedure,CMS
3084F,Kt/v >= 1.7,0.0,2026,Procedure,CMS
3085F,Suicide risk assessed,0.0,2026,Procedure,CMS
3088F,Mdd mild,0.0,2026,Procedure,CMS
3089F,Mdd moderate,0.0,2026,Procedure,CMS
30901,Control of nosebleed,1.07,2026,Procedure,CMS
30903,Control of nosebleed,1.5,2026,Procedure,CMS
30905,Control of nosebleed,1.92,2026,Procedure,CMS
30906,Repeat control of nosebleed,2.39,2026,Procedure,CMS
3090F,Mdd severe w/o psych,0.0,2026,Procedure,CMS
30915,Ligation nasal sinus artery,7.25,2026,Procedure,CMS
3091F,Mdd severe w/psych,0.0,2026,Procedure,CMS
30920,Ligation upper jaw artery,10.86,2026,Procedure,CMS
3092F,Mdd in remission,0.0,2026,Procedure,CMS
30930,Ther fx nasal inf turbinate,1.28,2026,Procedure,CMS
3093F,Doc new diag 1st/addl mdd,0.0,2026,Procedure,CMS
3095F,Central dexa results docd,0.0,2026,Procedure,CMS
3096F,Central dexa ordered,0.0,2026,Procedure,CMS
30999,Unlisted procedure nose,0.0,2026,Procedure,CMS
31000,Irrigation maxillary sinus,1.17,2026,Procedure,CMS
31002,Irrigation sphenoid sinus,1.91,2026,Procedure,CMS
3100F,Image test ref carot diam,0.0,2026,Procedure,CMS
31020,Exploration maxillary sinus,2.99,2026,Procedure,CMS
31030,Exploration maxillary sinus,5.86,2026,Procedure,CMS
31032,Explore sinus remove polyps,6.52,2026,Procedure,CMS
31040,Exploration behind upper jaw,9.53,2026,Procedure,CMS
31050,Exploration sphenoid sinus,5.24,2026,Procedure,CMS
31051,Sphenoid sinus surgery,7.07,2026,Procedure,CMS
31070,Exploration of frontal sinus,4.29,2026,Procedure,CMS
31075,Exploration of frontal sinus,9.27,2026,Procedure,CMS
31080,Removal of frontal sinus,12.42,2026,Procedure,CMS
31081,Removal of frontal sinus,13.84,2026,Procedure,CMS
31084,Removal of frontal sinus,14.58,2026,Procedure,CMS
31085,Removal of frontal sinus,15.25,2026,Procedure,CMS
31086,Removal of frontal sinus,14.0,2026,Procedure,CMS
31087,Removal of frontal sinus,14.21,2026,Procedure,CMS
31090,Exploration of sinuses,10.89,2026,Procedure,CMS
3110F,Pres/absn hmrhg/lesion docd,0.0,2026,Procedure,CMS
3111F,Ct/mri brain done w/in 24hrs,0.0,2026,Procedure,CMS
3112F,Ct/mri brain done 24 hrs,0.0,2026,Procedure,CMS
3115F,Quant results activity &symp,0.0,2026,Procedure,CMS
3117F,Hf assessment tool completed,0.0,2026,Procedure,CMS
3118F,Ny heart assoc class docd,0.0,2026,Procedure,CMS
3119F,No eval activity clin symp,0.0,2026,Procedure,CMS
31200,Removal of ethmoid sinus,5.01,2026,Procedure,CMS
31201,Removal of ethmoid sinus,8.39,2026,Procedure,CMS
31205,Removal of ethmoid sinus,10.32,2026,Procedure,CMS
3120F,12-lead ecg performed,0.0,2026,Procedure,CMS
31225,Removal of upper jaw,26.03,2026,Procedure,CMS
31230,Removal of upper jaw,30.05,2026,Procedure,CMS
31231,Nasal endoscopy dx,1.07,2026,Procedure,CMS
31233,Nsl/sins ndsc dx max sinusc,2.13,2026,Procedure,CMS
31235,Nsl/sins ndsc dx sphn sinusc,2.57,2026,Procedure,CMS
31237,Nsl/sins ndsc surg bx polypc,2.54,2026,Procedure,CMS
31238,Nsl/sins ndsc srg nsl hemrrg,2.67,2026,Procedure,CMS
31239,Nsl/sinus endoscopy surg dcr,8.81,2026,Procedure,CMS
31240,Nsl/sns ndsc cnch bull rescj,2.54,2026,Procedure,CMS
31241,Nsl/sns ndsc lig sphnptn art,7.8,2026,Procedure,CMS
31242,Nsl/sinus ndsc rf abltj pnn,2.63,2026,Procedure,CMS
31243,Nsl/sinus ndsc cryoabltj pnn,2.63,2026,Procedure,CMS
31253,Nsl/sins ndsc total,8.78,2026,Procedure,CMS
31254,Nsl/sins ndsc w/prtl ethmdct,4.16,2026,Procedure,CMS
31255,Nsl/sins ndsc w/tot ethmdct,5.61,2026,Procedure,CMS
31256,Exploration maxillary sinus,3.03,2026,Procedure,CMS
31257,Nsl/sins ndsc tot w/sphendt,7.8,2026,Procedure,CMS
31259,Nsl/sins ndsc sphn tiss rmvl,8.27,2026,Procedure,CMS
31267,Endoscopy maxillary sinus,4.56,2026,Procedure,CMS
3126F,Esoph bx rprt w/dyspl info,0.0,2026,Procedure,CMS
31276,Nsl/sins ndsc frnt tiss rmvl,6.58,2026,Procedure,CMS
31287,Nasal/sinus endoscopy surg,3.41,2026,Procedure,CMS
31288,Nasal/sinus endoscopy surg,4.0,2026,Procedure,CMS
31290,Nasal/sinus endoscopy surg,18.14,2026,Procedure,CMS
31291,Nasal/sinus endoscopy surg,19.07,2026,Procedure,CMS
31292,Nsl/sins ndsc med/inf dcmprn,15.5,2026,Procedure,CMS
31293,Nsl/sins ndsc med&inf dcmprn,17.03,2026,Procedure,CMS
31294,Nsl/sins ndsc surg on dcmprn,19.8,2026,Procedure,CMS
31295,Nsl/sins ndsc surg max sins,2.63,2026,Procedure,CMS
31296,Nsl/sins ndsc surg frnt sins,3.02,2026,Procedure,CMS
31297,Nsl/sins ndsc surg sphn sins,2.38,2026,Procedure,CMS
31298,Nsl/sins ndsc surg frnt&sphn,4.39,2026,Procedure,CMS
31299,Unlisted px accessory sinus,0.0,2026,Procedure,CMS
31300,Removal of larynx lesion,15.51,2026,Procedure,CMS
3130F,Upper gi endoscopy performed,0.0,2026,Procedure,CMS
3132F,Doc ref upper gi endoscopy,0.0,2026,Procedure,CMS
31360,Removal of larynx,29.16,2026,Procedure,CMS
31365,Removal of larynx,37.84,2026,Procedure,CMS
31367,Partial removal of larynx,29.81,2026,Procedure,CMS
31368,Partial removal of larynx,33.34,2026,Procedure,CMS
31370,Partial removal of larynx,26.88,2026,Procedure,CMS
31375,Partial removal of larynx,25.42,2026,Procedure,CMS
31380,Partial removal of larynx,24.93,2026,Procedure,CMS
31382,Partial removal of larynx,27.86,2026,Procedure,CMS
31390,Removal of larynx & pharynx,41.45,2026,Procedure,CMS
31395,Reconstruct larynx & pharynx,42.71,2026,Procedure,CMS
31400,Revision of larynx,11.31,2026,Procedure,CMS
3140F,Upper gi endo shows barrtts,0.0,2026,Procedure,CMS
3141F,Upper gi endo not barrtts,0.0,2026,Procedure,CMS
31420,Epiglottidectomy,11.14,2026,Procedure,CMS
3142F,Barium swallow test ordered,0.0,2026,Procedure,CMS
31500,Insert emergency airway,2.93,2026,Procedure,CMS
31502,Change of windpipe airway,0.63,2026,Procedure,CMS
31505,Diagnostic laryngoscopy,0.59,2026,Procedure,CMS
3150F,Forceps esoph biopsy done,0.0,2026,Procedure,CMS
31510,Laryngoscopy with biopsy,1.87,2026,Procedure,CMS
31511,Remove foreign body larynx,2.11,2026,Procedure,CMS
31512,Removal of larynx lesion,2.02,2026,Procedure,CMS
31513,Injection into vocal cord,2.05,2026,Procedure,CMS
31515,Laryngoscopy for aspiration,1.76,2026,Procedure,CMS
31520,Dx laryngoscopy newborn,2.5,2026,Procedure,CMS
31525,Dx laryngoscopy excl nb,2.56,2026,Procedure,CMS
31526,Dx laryngoscopy w/oper scope,2.51,2026,Procedure,CMS
31527,Laryngoscopy for treatment,3.19,2026,Procedure,CMS
31528,Laryngoscopy and dilation,2.31,2026,Procedure,CMS
31529,Laryngoscopy and dilation,2.61,2026,Procedure,CMS
31530,Laryngoscopy w/fb removal,3.3,2026,Procedure,CMS
31531,Laryngoscopy w/fb & op scope,3.49,2026,Procedure,CMS
31535,Laryngoscopy w/biopsy,3.08,2026,Procedure,CMS
31536,Laryngoscopy w/bx & op scope,3.46,2026,Procedure,CMS
31540,Laryngoscopy w/exc of tumor,4.02,2026,Procedure,CMS
31541,Larynscop w/tumr exc + scope,4.41,2026,Procedure,CMS
31545,Remove vc lesion w/scope,6.14,2026,Procedure,CMS
31546,Remove vc lesion scope/graft,9.49,2026,Procedure,CMS
31551,Laryngoplasty laryngeal sten,20.96,2026,Procedure,CMS
31552,Laryngoplasty laryngeal sten,19.99,2026,Procedure,CMS
31553,Laryngoplasty laryngeal sten,21.45,2026,Procedure,CMS
31554,Laryngoplasty laryngeal sten,21.45,2026,Procedure,CMS
3155F,Cytogen test marrow b/4 tx,0.0,2026,Procedure,CMS
31560,Laryngoscop w/arytenoidectom,5.31,2026,Procedure,CMS
31561,Larynscop remve cart + scop,5.84,2026,Procedure,CMS
31570,Laryngoscope w/vc inj,3.76,2026,Procedure,CMS
31571,Laryngoscop w/vc inj + scope,4.15,2026,Procedure,CMS
31572,Largsc w/laser dstrj les,2.93,2026,Procedure,CMS
31573,Largsc w/ther injection,2.37,2026,Procedure,CMS
31574,Largsc w/njx augmentation,2.37,2026,Procedure,CMS
31575,Diagnostic laryngoscopy,0.92,2026,Procedure,CMS
31576,Laryngoscopy with biopsy,1.84,2026,Procedure,CMS
31577,Largsc w/rmvl foreign bdy(s),2.14,2026,Procedure,CMS
31578,Largsc w/removal lesion,2.37,2026,Procedure,CMS
31579,Laryngoscopy telescopic,1.83,2026,Procedure,CMS
31580,Laryngoplasty laryngeal web,14.24,2026,Procedure,CMS
31584,Laryngoplasty fx rdctj fixj,17.14,2026,Procedure,CMS
31587,Laryngoplasty cricoid split,14.89,2026,Procedure,CMS
31590,Reinnervate larynx,7.65,2026,Procedure,CMS
31591,Laryngoplasty medialization,13.22,2026,Procedure,CMS
31592,Cricotracheal resection,24.38,2026,Procedure,CMS
31599,Unlisted procedure larynx,0.0,2026,Procedure,CMS
31600,Planned tracheostomy,5.42,2026,Procedure,CMS
31601,Planned tracheostomy<2 yrs,7.8,2026,Procedure,CMS
31603,Emer tracheostomy ttrach,5.85,2026,Procedure,CMS
31605,Emer tracheostomy cthyr mem,6.29,2026,Procedure,CMS
3160F,Doc fe+ stores b/4 epo thx,0.0,2026,Procedure,CMS
31610,Tracheostomy fenest skin flp,11.7,2026,Procedure,CMS
31611,Constj trachesophgl fstl,5.85,2026,Procedure,CMS
31612,Perq trchl pnxr ttrach aspir,0.89,2026,Procedure,CMS
31613,Tracheostoma revj simple,4.59,2026,Procedure,CMS
31614,Tracheostoma revj complex,8.41,2026,Procedure,CMS
31615,Trcheobrnchsc est trachs inc,1.79,2026,Procedure,CMS
31622,Dx bronchoscope/wash,2.47,2026,Procedure,CMS
31623,Dx bronchoscope/brush,2.56,2026,Procedure,CMS
31624,Dx bronchoscope/lavage,2.56,2026,Procedure,CMS
31625,Bronchoscopy w/biopsy(s),3.03,2026,Procedure,CMS
31626,Bronchoscopy w/markers,3.81,2026,Procedure,CMS
31627,Navigational bronchoscopy,1.95,2026,Procedure,CMS
31628,Bronchoscopy/lung bx each,3.46,2026,Procedure,CMS
31629,Bronchoscopy/needle bx each,3.66,2026,Procedure,CMS
31630,Bronchoscopy dilate/fx repr,3.71,2026,Procedure,CMS
31631,Bronchoscopy dilate w/stent,4.25,2026,Procedure,CMS
31632,Bronchoscopy/lung bx addl,1.0,2026,Procedure,CMS
31633,Bronchoscopy/needle bx addl,1.29,2026,Procedure,CMS
31634,Bronch w/balloon occlusion,3.66,2026,Procedure,CMS
31635,Bronchoscopy w/fb removal,3.33,2026,Procedure,CMS
31636,Bronchoscopy bronch stents,4.19,2026,Procedure,CMS
31637,Bronchoscopy stent add-on,1.54,2026,Procedure,CMS
31638,Bronchoscopy revise stent,4.76,2026,Procedure,CMS
31640,Bronchoscopy w/tumor excise,4.81,2026,Procedure,CMS
31641,Bronchoscopy treat blockage,4.89,2026,Procedure,CMS
31643,Diag bronchoscope/catheter,3.4,2026,Procedure,CMS
31645,Brnchsc w/ther aspir 1st,2.81,2026,Procedure,CMS
31646,Brnchsc w/ther aspir sbsq,2.71,2026,Procedure,CMS
31647,Bronchial valve init insert,4.05,2026,Procedure,CMS
31648,Bronchial valve remov init,3.85,2026,Procedure,CMS
31649,Bronchial valve remov addl,1.4,2026,Procedure,CMS
31651,Bronchial valve addl insert,1.54,2026,Procedure,CMS
31652,Bronch ebus samplng 1/2 node,4.35,2026,Procedure,CMS
31653,Bronch ebus samplng 3/> node,4.84,2026,Procedure,CMS
31654,Bronch ebus ivntj perph les,1.37,2026,Procedure,CMS
31660,Bronch thermoplsty 1 lobe,3.9,2026,Procedure,CMS
31661,Bronch thermoplsty 2/> lobes,4.14,2026,Procedure,CMS
3170F,Baselin flo cytometry b/4 tx,0.0,2026,Procedure,CMS
31717,Bronchial brush biopsy,2.07,2026,Procedure,CMS
31720,Clearance of airways,1.03,2026,Procedure,CMS
31725,Clearance of airways,1.67,2026,Procedure,CMS
31730,Intro windpipe wire/tube,2.78,2026,Procedure,CMS
31750,Tracheoplasty cervical,15.01,2026,Procedure,CMS
31755,Trachplsty trchphryngl fstlj,17.1,2026,Procedure,CMS
31760,Tracheoplasty intrathoracic,22.89,2026,Procedure,CMS
31766,Carinal reconstruction,30.88,2026,Procedure,CMS
31770,Repair/graft of bronchus,22.95,2026,Procedure,CMS
31775,Reconstruct bronchus,23.98,2026,Procedure,CMS
31780,Reconstruct windpipe,19.34,2026,Procedure,CMS
31781,Reconstruct windpipe,24.23,2026,Procedure,CMS
31785,Remove windpipe lesion,17.89,2026,Procedure,CMS
31786,Remove windpipe lesion,24.78,2026,Procedure,CMS
31800,Repair of windpipe injury,7.98,2026,Procedure,CMS
31805,Repair of windpipe injury,13.08,2026,Procedure,CMS
31820,Closure of windpipe lesion,4.52,2026,Procedure,CMS
31825,Repair of windpipe defect,6.89,2026,Procedure,CMS
31830,Revise windpipe scar,4.5,2026,Procedure,CMS
31899,Unlisted px trachea bronchi,0.0,2026,Procedure,CMS
3200F,Barium swallow test not req,0.0,2026,Procedure,CMS
32035,Thoracostomy w/rib resection,11.01,2026,Procedure,CMS
32036,Thoracostomy w/flap drainage,11.99,2026,Procedure,CMS
32096,Open wedge/bx lung infiltr,13.41,2026,Procedure,CMS
32097,Open wedge/bx lung nodule,13.41,2026,Procedure,CMS
32098,Open biopsy of lung pleura,12.59,2026,Procedure,CMS
32100,Exploration of chest,13.41,2026,Procedure,CMS
3210F,Grp a strep test performed,0.0,2026,Procedure,CMS
32110,Explore/repair chest,24.65,2026,Procedure,CMS
32120,Re-exploration of chest,14.03,2026,Procedure,CMS
32124,Explore chest free adhesions,15.06,2026,Procedure,CMS
32140,Removal of lung lesion(s),16.24,2026,Procedure,CMS
32141,Remove/treat lung lesions,26.5,2026,Procedure,CMS
32150,Removal of lung lesion(s),16.4,2026,Procedure,CMS
32151,Remove lung foreign body,16.52,2026,Procedure,CMS
3215F,Pt immunity to hep a docd,0.0,2026,Procedure,CMS
32160,Open chest heart massage,12.77,2026,Procedure,CMS
3216F,Pt immunity to hep b docd,0.0,2026,Procedure,CMS
3218F,Rna tstng hep c docd done,0.0,2026,Procedure,CMS
32200,Drain open lung lesion,18.21,2026,Procedure,CMS
3220F,Hep c quant rna tstng docd,0.0,2026,Procedure,CMS
32215,Treat chest lining,12.72,2026,Procedure,CMS
32220,Release of lung,25.98,2026,Procedure,CMS
32225,Partial release of lung,16.33,2026,Procedure,CMS
3230F,Note hring tst w/in 6 mon,0.0,2026,Procedure,CMS
32310,Removal of chest lining,14.9,2026,Procedure,CMS
32320,Free/remove chest lining,26.57,2026,Procedure,CMS
32400,Needle biopsy chest lining,1.72,2026,Procedure,CMS
32408,Core ndl bx lng/med perq,3.1,2026,Procedure,CMS
32440,Remove lung pneumonectomy,26.6,2026,Procedure,CMS
32442,Sleeve pneumonectomy,55.06,2026,Procedure,CMS
32445,Removal of lung extrapleural,62.24,2026,Procedure,CMS
32480,Partial removal of lung,25.17,2026,Procedure,CMS
32482,Bilobectomy,26.75,2026,Procedure,CMS
32484,Segmentectomy,24.75,2026,Procedure,CMS
32486,Sleeve lobectomy,41.81,2026,Procedure,CMS
32488,Completion pneumonectomy,41.92,2026,Procedure,CMS
32491,Lung volume reduction,24.61,2026,Procedure,CMS
32501,Repair bronchus add-on,4.56,2026,Procedure,CMS
32503,Resect apical lung tumor,30.95,2026,Procedure,CMS
32504,Resect apical lung tum/chest,35.63,2026,Procedure,CMS
32505,Wedge resect of lung initial,15.36,2026,Procedure,CMS
32506,Wedge resect of lung add-on,2.93,2026,Procedure,CMS
32507,Wedge resect of lung diag,2.93,2026,Procedure,CMS
3250F,Nonprim loc anat bx site tum,0.0,2026,Procedure,CMS
32540,Removal of lung lesion,29.59,2026,Procedure,CMS
32550,Insert pleural cath,3.82,2026,Procedure,CMS
32551,Insertion of chest tube,2.96,2026,Procedure,CMS
32552,Remove lung catheter,2.47,2026,Procedure,CMS
32553,Ins mark thor for rt perq,3.46,2026,Procedure,CMS
32554,Aspirate pleura w/o imaging,1.77,2026,Procedure,CMS
32555,Aspirate pleura w/ imaging,2.21,2026,Procedure,CMS
32556,Insert cath pleura w/o image,2.44,2026,Procedure,CMS
32557,Insert cath pleura w/ image,3.04,2026,Procedure,CMS
32560,Treat pleurodesis w/agent,1.5,2026,Procedure,CMS
32561,Lyse chest fibrin init day,1.36,2026,Procedure,CMS
32562,Lyse chest fibrin subq day,1.21,2026,Procedure,CMS
32601,Thoracoscopy diagnostic,5.36,2026,Procedure,CMS
32604,Thoracoscopy wbx sac,8.55,2026,Procedure,CMS
32606,Thoracoscopy w/bx med space,8.18,2026,Procedure,CMS
32607,Thoracoscopy w/bx infiltrate,5.36,2026,Procedure,CMS
32608,Thoracoscopy w/bx nodule,6.67,2026,Procedure,CMS
32609,Thoracoscopy w/bx pleura,4.47,2026,Procedure,CMS
3260F,Pt cat/pn cat/hist grd docd,0.0,2026,Procedure,CMS
32650,Thoracoscopy w/pleurodesis,10.56,2026,Procedure,CMS
32651,Thoracoscopy remove cortex,18.31,2026,Procedure,CMS
32652,Thoracoscopy rem totl cortex,28.4,2026,Procedure,CMS
32653,Thoracoscopy remov fb/fibrin,17.72,2026,Procedure,CMS
32654,Thoracoscopy contrl bleeding,20.01,2026,Procedure,CMS
32655,Thoracoscopy resect bullae,15.77,2026,Procedure,CMS
32656,Thoracoscopy w/pleurectomy,12.93,2026,Procedure,CMS
32658,Thoracoscopy w/sac fb remove,11.42,2026,Procedure,CMS
32659,Thoracoscopy w/sac drainage,11.64,2026,Procedure,CMS
3265F,Rna tstng hepc vir ord/docd,0.0,2026,Procedure,CMS
32661,Thoracoscopy w/pericard exc,13.0,2026,Procedure,CMS
32662,Thoracoscopy w/mediast exc,14.62,2026,Procedure,CMS
32663,Thoracoscopy w/lobectomy,24.02,2026,Procedure,CMS
32664,Thoracoscopy w/ th nrv exc,13.92,2026,Procedure,CMS
32665,Thoracoscop w/esoph musc exc,20.99,2026,Procedure,CMS
32666,Thoracoscopy w/wedge resect,14.14,2026,Procedure,CMS
32667,Thoracoscopy w/w resect addl,2.93,2026,Procedure,CMS
32668,Thoracoscopy w/w resect diag,2.93,2026,Procedure,CMS
32669,Thoracoscopy remove segment,22.94,2026,Procedure,CMS
3266F,Hepc gn tstng docd b/4txmnt,0.0,2026,Procedure,CMS
32670,Thoracoscopy bilobectomy,27.81,2026,Procedure,CMS
32671,Thoracoscopy pneumonectomy,31.12,2026,Procedure,CMS
32672,Thoracoscopy for lvrs,26.33,2026,Procedure,CMS
32673,Thoracoscopy w/thymus resect,20.6,2026,Procedure,CMS
32674,Thoracoscopy lymph node exc,4.02,2026,Procedure,CMS
3267F,Path rprt w/ pt pn cat et al,0.0,2026,Procedure,CMS
3268F,Psa/t/glsc docd b/4 txmnt,0.0,2026,Procedure,CMS
3269F,Bone scn b/4 txmnt/aftr dx,0.0,2026,Procedure,CMS
32701,Thorax stereo rad targetw/tx,4.08,2026,Procedure,CMS
3270F,No bone scn b/4 txmnt/aftrdx,0.0,2026,Procedure,CMS
3271F,Low risk prostate cancer,0.0,2026,Procedure,CMS
3272F,Med risk prostate cancer,0.0,2026,Procedure,CMS
3273F,High risk prostate cancer,0.0,2026,Procedure,CMS
3274F,Prost cncr rsk not lw/md/hgh,0.0,2026,Procedure,CMS
3278F,Serum lvls ca/ipth/lpd ord,0.0,2026,Procedure,CMS
3279F,Hgb lvl >= 13 g/dl,0.0,2026,Procedure,CMS
32800,Repair lung hernia,15.32,2026,Procedure,CMS
3280F,Hgb lvl 11-12.9 g/dl,0.0,2026,Procedure,CMS
32810,Close chest after drainage,14.58,2026,Procedure,CMS
32815,Close bronchial fistula,48.78,2026,Procedure,CMS
3281F,Hgb lvl <11 g/dl,0.0,2026,Procedure,CMS
32820,Reconstruct injured chest,21.95,2026,Procedure,CMS
3284F,Iop red >=15% pre-ntrv lvl,0.0,2026,Procedure,CMS
32850,Donor pneumonectomy,0.0,2026,Procedure,CMS
32851,Lung transplant single,58.15,2026,Procedure,CMS
32852,Lung transplant with bypass,63.86,2026,Procedure,CMS
32853,Lung transplant double,82.37,2026,Procedure,CMS
32854,Lung transplant with bypass,87.75,2026,Procedure,CMS
32855,Prepare donor lung single,0.0,2026,Procedure,CMS
32856,Prepare donor lung double,0.0,2026,Procedure,CMS
3285F,Iop down <15% of pre-svc lvl,0.0,2026,Procedure,CMS
3288F,Fall risk assessment docd,0.0,2026,Procedure,CMS
32900,Removal of rib(s),23.21,2026,Procedure,CMS
32905,Revise & repair chest wall,22.71,2026,Procedure,CMS
32906,Revise & repair chest wall,28.57,2026,Procedure,CMS
3290F,Pt=d(rh)- and unsensitized,0.0,2026,Procedure,CMS
3291F,Pt=d(rh)+ or sensitized,0.0,2026,Procedure,CMS
3292F,Hiv tstng asked/docd/revwd,0.0,2026,Procedure,CMS
3293F,Abo rh blood typing docd,0.0,2026,Procedure,CMS
32940,Revision of lung,20.81,2026,Procedure,CMS
3294F,Grp b strep screening docd,0.0,2026,Procedure,CMS
32960,Therapeutic pneumothorax,1.79,2026,Procedure,CMS
32994,Ablate pulm tumor perq crybl,8.8,2026,Procedure,CMS
32997,Total lung lavage,7.13,2026,Procedure,CMS
32998,Ablate pulm tumor perq rf,8.8,2026,Procedure,CMS
32999,Unlisted px lungs & pleura,0.0,2026,Procedure,CMS
3300F,Ajcc stage docd b/4 thxpy,0.0,2026,Procedure,CMS
33016,Pericardiocentesis w/imaging,4.29,2026,Procedure,CMS
33017,Prcrd drg 6yr+ w/o cgen car,4.5,2026,Procedure,CMS
33018,Prcrd drg 0-5yr or w/anomly,5.27,2026,Procedure,CMS
33019,Perq prcrd drg insj cath ct,4.18,2026,Procedure,CMS
3301F,Cancer stage docd metast,0.0,2026,Procedure,CMS
33020,Incision of heart sac,13.95,2026,Procedure,CMS
33025,Incision of heart sac,12.87,2026,Procedure,CMS
33030,Partial removal of heart sac,35.1,2026,Procedure,CMS
33031,Partial removal of heart sac,43.88,2026,Procedure,CMS
33050,Resect heart sac lesion,16.55,2026,Procedure,CMS
33120,Exc icar tum resc w/card byp,37.49,2026,Procedure,CMS
33130,Rescj external cardiac tumor,23.57,2026,Procedure,CMS
33140,Heart revascularize (tmr),27.63,2026,Procedure,CMS
33141,Heart tmr w/other procedure,2.48,2026,Procedure,CMS
3315F,Er+ or pr+ breast cancer,0.0,2026,Procedure,CMS
3316F,Er- or pr- breast cancer,0.0,2026,Procedure,CMS
3317F,Path rpt malig cancer docd,0.0,2026,Procedure,CMS
3318F,Path rpt malig cancer docd,0.0,2026,Procedure,CMS
3319F,X-ray/ct/ultrsnd et al ord,0.0,2026,Procedure,CMS
33202,Insert epicard eltrd open,12.87,2026,Procedure,CMS
33203,Insert epicard eltrd endo,13.62,2026,Procedure,CMS
33206,Insert heart pm atrial,6.96,2026,Procedure,CMS
33207,Insert heart pm ventricular,7.61,2026,Procedure,CMS
33208,Insrt heart pm atrial & vent,8.31,2026,Procedure,CMS
3320F,No xray/ct/ et al ordd,0.0,2026,Procedure,CMS
33210,Insert electrd/pm cath sngl,2.97,2026,Procedure,CMS
33211,Insert card electrodes dual,3.06,2026,Procedure,CMS
33212,Insert pulse gen sngl lead,4.88,2026,Procedure,CMS
33213,Insert pulse gen dual leads,5.15,2026,Procedure,CMS
33214,Upgrade of pacemaker system,7.4,2026,Procedure,CMS
33215,Reposition pacing-defib lead,4.8,2026,Procedure,CMS
33216,Insert 1 electrode pm-defib,5.48,2026,Procedure,CMS
33217,Insert 2 electrode pm-defib,5.45,2026,Procedure,CMS
33218,Repair lead pace-defib one,5.67,2026,Procedure,CMS
3321F,Ajcc cncr 0/ia melan docd,0.0,2026,Procedure,CMS
33220,Repair lead pace-defib dual,5.75,2026,Procedure,CMS
33221,Insert pulse gen mult leads,5.41,2026,Procedure,CMS
33222,Relocation pocket pacemaker,4.73,2026,Procedure,CMS
33223,Relocate pocket for defib,6.14,2026,Procedure,CMS
33224,Insert pacing lead & connect,8.81,2026,Procedure,CMS
33225,L ventric pacing lead add-on,8.12,2026,Procedure,CMS
33226,Reposition l ventric lead,8.46,2026,Procedure,CMS
33227,Remove&replace pm gen singl,5.12,2026,Procedure,CMS
33228,Remv&replc pm gen dual lead,5.38,2026,Procedure,CMS
33229,Remv&replc pm gen mult leads,5.65,2026,Procedure,CMS
3322F,Melanomaajcc stage 0 or ia,0.0,2026,Procedure,CMS
33230,Insrt pulse gen w/dual leads,5.92,2026,Procedure,CMS
33231,Insrt pulse gen w/mult leads,6.18,2026,Procedure,CMS
33233,Removal of pm generator,3.06,2026,Procedure,CMS
33234,Removal of pacemaker system,7.47,2026,Procedure,CMS
33235,Removal pacemaker electrode,9.65,2026,Procedure,CMS
33236,Remove electrode/thoracotomy,12.41,2026,Procedure,CMS
33237,Remove electrode/thoracotomy,13.49,2026,Procedure,CMS
33238,Remove electrode/thoracotomy,15.02,2026,Procedure,CMS
3323F,Clin node stgng docdb/4 surg,0.0,2026,Procedure,CMS
33240,Insrt pulse gen w/singl lead,5.66,2026,Procedure,CMS
33241,Remove pulse generator,2.96,2026,Procedure,CMS
33243,Remove eltrd/thoracotomy,22.98,2026,Procedure,CMS
33244,Remove elctrd transvenously,13.4,2026,Procedure,CMS
33249,Insj/rplcmt defib w/lead(s),14.55,2026,Procedure,CMS
3324F,Mri ct scan ord rvwd rqstd,0.0,2026,Procedure,CMS
33250,Ablate heart dysrhythm focus,25.25,2026,Procedure,CMS
33251,Ablate heart dysrhythm focus,28.2,2026,Procedure,CMS
33254,Ablate atria lmtd,23.12,2026,Procedure,CMS
33255,Ablate atria w/o bypass ext,28.31,2026,Procedure,CMS
33256,Ablate atria w/bypass exten,34.03,2026,Procedure,CMS
33257,Ablate atria lmtd add-on,9.39,2026,Procedure,CMS
33258,Ablate atria x10sv add-on,10.73,2026,Procedure,CMS
33259,Ablate atria w/bypass add-on,13.79,2026,Procedure,CMS
3325F,Preop asses 4 cataract surg,0.0,2026,Procedure,CMS
33261,Ablate heart dysrhythm focus,28.2,2026,Procedure,CMS
33262,Rmvl& replc pulse gen 1 lead,5.66,2026,Procedure,CMS
33263,Rmvl & rplcmt dfb gen 2 lead,5.93,2026,Procedure,CMS
33264,Rmvl & rplcmt dfb gen mlt ld,6.19,2026,Procedure,CMS
33265,Ablate atria lmtd endo,23.12,2026,Procedure,CMS
33266,Ablate atria x10sv endo,32.21,2026,Procedure,CMS
33267,Excl laa open any method,18.04,2026,Procedure,CMS
33268,Excl laa opn oth px any meth,2.44,2026,Procedure,CMS
33269,Excl laa thrscp any method,13.95,2026,Procedure,CMS
33270,Ins/rep subq defibrillator,8.87,2026,Procedure,CMS
33271,Insj subq impltbl dfb elctrd,7.31,2026,Procedure,CMS
33272,Rmvl of subq defibrillator,5.28,2026,Procedure,CMS
33273,Repos prev impltbl subq dfb,6.34,2026,Procedure,CMS
33274,Tcat insj/rpl perm ldls pm,7.61,2026,Procedure,CMS
33275,Tcat rmvl perm ldls pm w/img,8.38,2026,Procedure,CMS
33276,Insj phrnc nrv stim sys,9.26,2026,Procedure,CMS
33277,Insj phrnc nrv stim transvns,5.29,2026,Procedure,CMS
33278,Rmvl phrnc nrv stim sys,9.31,2026,Procedure,CMS
33279,Rmvl phrnc nrv stim transvns,5.28,2026,Procedure,CMS
33280,Rmvl phrnc nrv stim pg only,2.96,2026,Procedure,CMS
33281,Reposg phrnc nrv stim trnsvn,5.85,2026,Procedure,CMS
33285,Insj subq car rhythm mntr,1.49,2026,Procedure,CMS
33286,Rmvl subq car rhythm mntr,1.46,2026,Procedure,CMS
33287,Rmv&rplcmt phrnc nrv stim pg,5.9,2026,Procedure,CMS
33288,Rmv&rplcmt phrnc nrv stim ld,8.3,2026,Procedure,CMS
33289,Tcat impl wrls p-art prs snr,5.85,2026,Procedure,CMS
3328F,Prfrmnc docd 2 wks b/4 surg,0.0,2026,Procedure,CMS
33300,Repair of heart wound,43.85,2026,Procedure,CMS
33305,Repair of heart wound,75.01,2026,Procedure,CMS
3330F,Imaging study ordered (bkp),0.0,2026,Procedure,CMS
33310,Exploratory heart surgery,19.83,2026,Procedure,CMS
33315,Exploratory heart surgery,34.13,2026,Procedure,CMS
3331F,Bk imaging tst not ordered,0.0,2026,Procedure,CMS
33320,Repair major blood vessel(s),18.08,2026,Procedure,CMS
33321,Repair major vessel,20.29,2026,Procedure,CMS
33322,Repair major blood vessel(s),23.81,2026,Procedure,CMS
33330,Insert major vessel graft,24.66,2026,Procedure,CMS
33335,Insert major vessel graft,33.06,2026,Procedure,CMS
33340,Perq clsr tcat l atr apndge,9.99,2026,Procedure,CMS
33361,Replace aortic valve perq,21.91,2026,Procedure,CMS
33362,Replace aortic valve open,23.93,2026,Procedure,CMS
33363,Replace aortic valve open,24.83,2026,Procedure,CMS
33364,Replace aortic valve open,25.32,2026,Procedure,CMS
33365,Replace aortic valve open,25.93,2026,Procedure,CMS
33366,Trcath replace aortic valve,28.62,2026,Procedure,CMS
33367,Replace aortic valve w/byp,11.58,2026,Procedure,CMS
33368,Replace aortic valve w/byp,14.03,2026,Procedure,CMS
33369,Replace aortic valve w/byp,18.53,2026,Procedure,CMS
33370,Tcat plmt&rmvl cepd perq,2.44,2026,Procedure,CMS
33390,Valvuloplasty aortic valve,34.13,2026,Procedure,CMS
33391,Valvuloplasty aortic valve,40.46,2026,Procedure,CMS
33404,Prepare heart-aorta conduit,30.59,2026,Procedure,CMS
33405,Replacement aortic valve opn,40.29,2026,Procedure,CMS
33406,Replacement aortic valve opn,51.36,2026,Procedure,CMS
3340F,Mammo assess inc xray docd,0.0,2026,Procedure,CMS
33410,Replacement aortic valve opn,45.25,2026,Procedure,CMS
33411,Replacement of aortic valve,60.52,2026,Procedure,CMS
33412,Replacement of aortic valve,57.53,2026,Procedure,CMS
33413,Replacement of aortic valve,58.37,2026,Procedure,CMS
33414,Repair of aortic valve,38.39,2026,Procedure,CMS
33415,Revision subvalvular tissue,36.34,2026,Procedure,CMS
33416,Revise ventricle muscle,35.65,2026,Procedure,CMS
33417,Repair of aortic valve,28.6,2026,Procedure,CMS
33418,Repair tcat mitral valve,31.44,2026,Procedure,CMS
33419,Repair tcat mitral valve,7.73,2026,Procedure,CMS
3341F,Mammo assess negative docd,0.0,2026,Procedure,CMS
33420,Revision of mitral valve,25.15,2026,Procedure,CMS
33422,Revision of mitral valve,28.99,2026,Procedure,CMS
33425,Repair of mitral valve,48.71,2026,Procedure,CMS
33426,Repair of mitral valve,42.2,2026,Procedure,CMS
33427,Repair of mitral valve,43.71,2026,Procedure,CMS
3342F,Mammo assess bengn docd,0.0,2026,Procedure,CMS
33430,Replacement of mitral valve,49.66,2026,Procedure,CMS
3343F,Mammo probably bengn docd,0.0,2026,Procedure,CMS
33440,Rplcmt a-valve tlcj autol pv,62.4,2026,Procedure,CMS
3344F,Mammo assess susp docd,0.0,2026,Procedure,CMS
3345F,Mammo assess hghlymalig doc,0.0,2026,Procedure,CMS
33460,Revision of tricuspid valve,43.58,2026,Procedure,CMS
33463,Valvuloplasty tricuspid,55.65,2026,Procedure,CMS
33464,Valvuloplasty tricuspid,43.5,2026,Procedure,CMS
33465,Replace tricuspid valve,49.45,2026,Procedure,CMS
33468,Revision of tricuspid valve,44.0,2026,Procedure,CMS
33474,Revision of pulmonary valve,38.42,2026,Procedure,CMS
33475,Replacement pulmonary valve,41.34,2026,Procedure,CMS
33476,Revision of heart chamber,25.91,2026,Procedure,CMS
33477,Implant tcat pulm vlv perq,24.38,2026,Procedure,CMS
33478,Revision of heart chamber,26.85,2026,Procedure,CMS
33496,Repair prosth valve clot,29.09,2026,Procedure,CMS
33500,Repair heart vessel fistula,27.24,2026,Procedure,CMS
33501,Repair heart vessel fistula,19.02,2026,Procedure,CMS
33502,Coronary artery correction,21.3,2026,Procedure,CMS
33503,Coronary artery graft,21.95,2026,Procedure,CMS
33504,Coronary artery graft,24.82,2026,Procedure,CMS
33505,Repair artery w/tunnel,37.44,2026,Procedure,CMS
33506,Repair artery translocation,36.9,2026,Procedure,CMS
33507,Repair art intramural,30.62,2026,Procedure,CMS
33508,Endoscopic vein harvest,0.3,2026,Procedure,CMS
33509,Ndsc hrv uxtr art 1 sgm cab,3.26,2026,Procedure,CMS
3350F,Mammo bx proven malig docd,0.0,2026,Procedure,CMS
33510,Cabg vein single,34.11,2026,Procedure,CMS
33511,Cabg vein two,37.49,2026,Procedure,CMS
33512,Cabg vein three,42.88,2026,Procedure,CMS
33513,Cabg vein four,44.24,2026,Procedure,CMS
33514,Cabg vein five,46.88,2026,Procedure,CMS
33516,Cabg vein six or more,48.52,2026,Procedure,CMS
33517,Cabg artery-vein single,3.52,2026,Procedure,CMS
33518,Cabg artery-vein two,7.73,2026,Procedure,CMS
33519,Cabg artery-vein three,10.23,2026,Procedure,CMS
3351F,Neg scrn dep symp by deptool,0.0,2026,Procedure,CMS
33521,Cabg artery-vein four,12.28,2026,Procedure,CMS
33522,Cabg artery-vein five,13.79,2026,Procedure,CMS
33523,Cabg art-vein six or more,15.68,2026,Procedure,CMS
3352F,No sig dep symp by dep tool,0.0,2026,Procedure,CMS
33530,Coronary artery bypass/reop,9.88,2026,Procedure,CMS
33533,Cabg arterial single,32.91,2026,Procedure,CMS
33534,Cabg arterial two,38.88,2026,Procedure,CMS
33535,Cabg arterial three,43.63,2026,Procedure,CMS
33536,Cabg arterial four or more,47.22,2026,Procedure,CMS
3353F,Mild-mod dep symp by deptool,0.0,2026,Procedure,CMS
33542,Removal of heart lesion,47.0,2026,Procedure,CMS
33545,Repair of heart damage,55.63,2026,Procedure,CMS
33548,Restore/remodel ventricle,52.79,2026,Procedure,CMS
3354F,Clin sig dep sym by dep tool,0.0,2026,Procedure,CMS
33572,Open coronary endarterectomy,4.33,2026,Procedure,CMS
33600,Closure of valve,29.55,2026,Procedure,CMS
33602,Closure of valve,28.61,2026,Procedure,CMS
33606,Anastomosis/artery-aorta,30.74,2026,Procedure,CMS
33608,Repair anomaly w/conduit,31.08,2026,Procedure,CMS
33610,Repair by enlargement,30.62,2026,Procedure,CMS
33611,Repair double ventricle,34.68,2026,Procedure,CMS
33612,Repair double ventricle,35.66,2026,Procedure,CMS
33615,Repair modified fontan,34.99,2026,Procedure,CMS
33617,Repair single ventricle,38.11,2026,Procedure,CMS
33619,Repair single ventricle,47.54,2026,Procedure,CMS
33620,Apply r&l pulm art bands,29.25,2026,Procedure,CMS
33621,Transthor cath for stent,15.78,2026,Procedure,CMS
33622,Redo compl cardiac anomaly,62.4,2026,Procedure,CMS
33641,Repair heart septum defect,28.84,2026,Procedure,CMS
33645,Revision of heart veins,30.52,2026,Procedure,CMS
33647,Repair heart septum defects,32.18,2026,Procedure,CMS
33660,Repair of heart defects,31.03,2026,Procedure,CMS
33665,Repair of heart defects,33.98,2026,Procedure,CMS
33670,Repair of heart chambers,35.71,2026,Procedure,CMS
33675,Close mult vsd,35.05,2026,Procedure,CMS
33676,Close mult vsd w/resection,36.03,2026,Procedure,CMS
33677,Cl mult vsd w/rem pul band,37.49,2026,Procedure,CMS
33681,Closure 1 vsd w/wo patch,31.53,2026,Procedure,CMS
33684,Clsr 1 vsd w/wo patch w/vlvt,33.51,2026,Procedure,CMS
33688,Clsr 1vsd w/wo ptch rmvl bnd,33.88,2026,Procedure,CMS
33690,Banding pulmonary artery,19.85,2026,Procedure,CMS
33692,Comp rpr tof wo pulm atresia,35.25,2026,Procedure,CMS
33694,Cmp rpr tof wo plm atrs ptch,34.68,2026,Procedure,CMS
33697,Compl rpr tof w/pulm atresia,36.63,2026,Procedure,CMS
33702,Repair of heart defects,26.56,2026,Procedure,CMS
3370F,Ajcc brst cncr stage 0 docd,0.0,2026,Procedure,CMS
33710,Repair of heart defects,36.56,2026,Procedure,CMS
33720,Repair of heart defect,26.58,2026,Procedure,CMS
33724,Repair venous anomaly,26.94,2026,Procedure,CMS
33726,Repair pul venous stenosis,36.19,2026,Procedure,CMS
3372F,Ajcc brst cncr stage 1 docd,0.0,2026,Procedure,CMS
33730,Repair heart-vein defect(s),35.24,2026,Procedure,CMS
33732,Repair heart-vein defect,28.24,2026,Procedure,CMS
33735,Revision of heart chamber,21.65,2026,Procedure,CMS
33736,Revision of heart chamber,23.71,2026,Procedure,CMS
33741,Tas congenital car anomal,13.65,2026,Procedure,CMS
33745,Tis cgen car anomal 1st shnt,19.5,2026,Procedure,CMS
33746,Tis cgen car anomal ea addl,7.8,2026,Procedure,CMS
3374F,Ajcc brst cncr stage 1 docd,0.0,2026,Procedure,CMS
33750,Shunt subclavian to pulm art,21.66,2026,Procedure,CMS
33755,Shunt as-aort to pulm art,22.04,2026,Procedure,CMS
33762,Shunt desc aorta to pulm art,22.04,2026,Procedure,CMS
33764,Shunt central w/prostc graft,22.04,2026,Procedure,CMS
33766,Shunt supr v/c p-art 1 lung,22.98,2026,Procedure,CMS
33767,Shunt supr v/c p-art bth lng,24.67,2026,Procedure,CMS
33768,Anast cavopulm sec sup v/c,7.8,2026,Procedure,CMS
3376F,Ajcc brstcncr stage 2 docd,0.0,2026,Procedure,CMS
33770,Rpr tga w/o surg enlgmnt vsd,38.09,2026,Procedure,CMS
33771,Rpr tga w/surg enlgmnt vsd,39.61,2026,Procedure,CMS
33774,Rpr tga atrial baffle px,30.94,2026,Procedure,CMS
33775,Rpr tga atr bfl rmvl plm bnd,32.17,2026,Procedure,CMS
33776,Rpr tga atr bfl clsr vsd,33.88,2026,Procedure,CMS
33777,Rpr tga bfl rpr sbpulm obstr,33.32,2026,Procedure,CMS
33778,Rpr tga aortic pulm art rcns,41.68,2026,Procedure,CMS
33779,Rpr tga rcnstj rmvl plm bnd,42.15,2026,Procedure,CMS
33780,Rpr tga rcnstj clsr vsd,42.8,2026,Procedure,CMS
33781,Rpr tga rcnstj rpr sbpl obst,42.13,2026,Procedure,CMS
33782,Nikaidoh proc,58.58,2026,Procedure,CMS
33783,Nikaidoh proc w/ostia implt,63.45,2026,Procedure,CMS
33786,Repair arterial trunk,40.82,2026,Procedure,CMS
33788,Revision of pulmonary artery,26.73,2026,Procedure,CMS
3378F,Ajcc brstcncr stage 3 docd,0.0,2026,Procedure,CMS
33800,Aortic suspension,16.85,2026,Procedure,CMS
33802,Division aberrant vessel,17.91,2026,Procedure,CMS
33803,Div aberrant vsl w/reanast,19.8,2026,Procedure,CMS
3380F,Ajcc brstcncr stage 4 docd,0.0,2026,Procedure,CMS
33814,Obltrj a-pulm sep def w/byp,25.91,2026,Procedure,CMS
33820,Repair pda by ligation,16.27,2026,Procedure,CMS
33822,Repair pda div<18 years,17.27,2026,Procedure,CMS
33824,Repair pda div 18 yrs&older,19.72,2026,Procedure,CMS
3382F,Ajcc cln cncr stage 0 docd,0.0,2026,Procedure,CMS
33840,Exc coa w/direct anastomosis,20.81,2026,Procedure,CMS
33845,Excision coa w/graft,22.36,2026,Procedure,CMS
3384F,Ajcc cln cncr stage 1 docd,0.0,2026,Procedure,CMS
33851,Exc coa rpr l subcl art/prst,21.43,2026,Procedure,CMS
33852,Rpr hypopl a-arch wo byp,23.8,2026,Procedure,CMS
33853,Rpr hypopl a-arch w/byp,31.7,2026,Procedure,CMS
33858,As-aort grf f/aortic dsj,61.82,2026,Procedure,CMS
33859,As-aort grf f/ds oth/thn dsj,44.0,2026,Procedure,CMS
33863,Ascending aortic graft,57.32,2026,Procedure,CMS
33864,Ascending aortic graft,58.58,2026,Procedure,CMS
33866,Aortic hemiarch graft,17.31,2026,Procedure,CMS
3386F,Ajcc cln cncr stage 2 docd,0.0,2026,Procedure,CMS
33871,Transvrs a-arch grf hypthrm,59.36,2026,Procedure,CMS
33875,Thoracic aortic graft,49.45,2026,Procedure,CMS
33877,Thoracoabdominal graft,67.3,2026,Procedure,CMS
33880,Evasc rpr ta ndgft cov lsa,26.33,2026,Procedure,CMS
33881,Evasc rpr ta ndgft xcov lsa,21.97,2026,Procedure,CMS
33882,Evasc rpr ta dplmt mltpc sys,35.0,2026,Procedure,CMS
33883,Delayed plmt prox xtn prosth,19.41,2026,Procedure,CMS
33886,Delayed plmt dstl xtn prosth,19.41,2026,Procedure,CMS
3388F,Ajcc cln cncr stage 3 docd,0.0,2026,Procedure,CMS
33894,Evasc st rpr thrc/aa acrs br,17.81,2026,Procedure,CMS
33895,Evasc st rpr thrc/aa x crsg,14.18,2026,Procedure,CMS
33897,Perq trluml angp nt/recr coa,10.54,2026,Procedure,CMS
33900,Perq p-art revsc 1 nm nt uni,10.75,2026,Procedure,CMS
33901,Perq p-art revsc 1 nm nt bi,14.14,2026,Procedure,CMS
33902,Perq p-art revsc 1 abnor uni,13.65,2026,Procedure,CMS
33903,Perq p-art revsc 1 abnor bi,16.09,2026,Procedure,CMS
33904,Perq p-art revsc each addl,5.39,2026,Procedure,CMS
3390F,Ajcc cln cncr stage 4 docd,0.0,2026,Procedure,CMS
33910,Remove lung artery emboli,47.0,2026,Procedure,CMS
33915,Remove lung artery emboli,24.33,2026,Procedure,CMS
33916,Surgery of great vessel,76.05,2026,Procedure,CMS
33917,Repair pulmonary artery,24.67,2026,Procedure,CMS
33920,Repair pulmonary atresia,31.92,2026,Procedure,CMS
33922,Transect pulmonary artery,23.61,2026,Procedure,CMS
33924,Remove pulmonary shunt,5.35,2026,Procedure,CMS
33925,Rpr pul art unifocal w/o cpb,30.52,2026,Procedure,CMS
33926,Repr pul art unifocal w/cpb,43.61,2026,Procedure,CMS
33927,Impltj tot rplcmt hrt sys,47.78,2026,Procedure,CMS
33928,Rmvl & rplcmt tot hrt sys,0.0,2026,Procedure,CMS
33929,Rmvl rplcmt hrt sys f/trnspl,0.0,2026,Procedure,CMS
33930,Removal of donor heart/lung,0.0,2026,Procedure,CMS
33933,Prepare donor heart/lung,0.0,2026,Procedure,CMS
33935,Transplantation heart/lung,89.49,2026,Procedure,CMS
33940,Removal of donor heart,0.0,2026,Procedure,CMS
33944,Prepare donor heart,0.0,2026,Procedure,CMS
33945,Transplantation of heart,87.26,2026,Procedure,CMS
33946,Ecmo/ecls initiation venous,5.85,2026,Procedure,CMS
33947,Ecmo/ecls initiation artery,6.46,2026,Procedure,CMS
33948,Ecmo/ecls daily mgmt-venous,4.61,2026,Procedure,CMS
33949,Ecmo/ecls daily mgmt artery,4.49,2026,Procedure,CMS
3394F,Quant her2 ihc eval brst cx,0.0,2026,Procedure,CMS
33951,Ecmo/ecls insj prph cannula,7.95,2026,Procedure,CMS
33952,Ecmo/ecls insj prph cannula,7.95,2026,Procedure,CMS
33953,Ecmo/ecls insj prph cannula,8.88,2026,Procedure,CMS
33954,Ecmo/ecls insj prph cannula,8.88,2026,Procedure,CMS
33955,Ecmo/ecls insj ctr cannula,15.6,2026,Procedure,CMS
33956,Ecmo/ecls insj ctr cannula,15.6,2026,Procedure,CMS
33957,Ecmo/ecls repos perph cnula,3.42,2026,Procedure,CMS
33958,Ecmo/ecls repos perph cnula,3.42,2026,Procedure,CMS
33959,Ecmo/ecls repos perph cnula,4.36,2026,Procedure,CMS
3395F,Quant nonher2 ihc brst cx,0.0,2026,Procedure,CMS
33962,Ecmo/ecls repos perph cnula,4.36,2026,Procedure,CMS
33963,Ecmo/ecls repos perph cnula,8.78,2026,Procedure,CMS
33964,Ecmo/ecls repos perph cnula,9.26,2026,Procedure,CMS
33965,Ecmo/ecls rmvl perph cannula,3.42,2026,Procedure,CMS
33966,Ecmo/ecls rmvl prph cannula,4.39,2026,Procedure,CMS
33967,Insert i-aort percut device,4.72,2026,Procedure,CMS
33968,Remove aortic assist device,0.62,2026,Procedure,CMS
33969,Ecmo/ecls rmvl perph cannula,5.09,2026,Procedure,CMS
33970,Aortic circulation assist,6.57,2026,Procedure,CMS
33971,Aortic circulation assist,11.69,2026,Procedure,CMS
33973,Insert balloon device,9.51,2026,Procedure,CMS
33974,Remove intra-aortic balloon,14.65,2026,Procedure,CMS
33975,Implant ventricular device,24.38,2026,Procedure,CMS
33976,Implant ventricular device,29.98,2026,Procedure,CMS
33977,Remove ventricular device,20.34,2026,Procedure,CMS
33978,Remove ventricular device,24.38,2026,Procedure,CMS
33979,Insert intracorporeal device,36.56,2026,Procedure,CMS
33980,Remove intracorporeal device,32.66,2026,Procedure,CMS
33981,Replace vad pump ext,15.71,2026,Procedure,CMS
33982,Replace vad intra w/o bp,36.91,2026,Procedure,CMS
33983,Replace vad intra w/bp,43.43,2026,Procedure,CMS
33984,Ecmo/ecls rmvl prph cannula,5.32,2026,Procedure,CMS
33985,Ecmo/ecls rmvl ctr cannula,9.64,2026,Procedure,CMS
33986,Ecmo/ecls rmvl ctr cannula,9.75,2026,Procedure,CMS
33987,Artery expos/graft artery,3.94,2026,Procedure,CMS
33988,Insertion of left heart vent,14.63,2026,Procedure,CMS
33989,Removal of left heart vent,9.26,2026,Procedure,CMS
33990,Insj perq vad l hrt arterial,6.58,2026,Procedure,CMS
33991,Insj perq vad l hrt artl&ven,8.62,2026,Procedure,CMS
33992,Rmvl perq left heart vad,3.46,2026,Procedure,CMS
33993,Reposg perq r/l hrt vad,3.02,2026,Procedure,CMS
33995,Insj perq vad r hrt venous,6.58,2026,Procedure,CMS
33997,Rmvl perq right heart vad,2.93,2026,Procedure,CMS
33999,Unlisted px cardiac surgery,0.0,2026,Procedure,CMS
34001,Removal of artery clot,17.43,2026,Procedure,CMS
34051,Removal of artery clot,16.57,2026,Procedure,CMS
34101,Removal of artery clot,10.66,2026,Procedure,CMS
34111,Removal of arm artery clot,10.66,2026,Procedure,CMS
34151,Removal of artery clot,25.86,2026,Procedure,CMS
34201,Removal of artery clot,18.99,2026,Procedure,CMS
34203,Removal of leg artery clot,17.41,2026,Procedure,CMS
34401,Removal of vein clot,25.86,2026,Procedure,CMS
34421,Removal of vein clot,13.04,2026,Procedure,CMS
34451,Removal of vein clot,27.81,2026,Procedure,CMS
34471,Removal of vein clot,20.58,2026,Procedure,CMS
34490,Removal of vein clot,10.64,2026,Procedure,CMS
34501,Repair valve femoral vein,16.43,2026,Procedure,CMS
34502,Reconstruct vena cava,27.37,2026,Procedure,CMS
3450F,Dyspnea scrnd no-mild dysp,0.0,2026,Procedure,CMS
34510,Transposition of vein valve,19.41,2026,Procedure,CMS
3451F,Dyspnea scrnd mod-high dysp,0.0,2026,Procedure,CMS
34520,Cross-over vein graft,18.7,2026,Procedure,CMS
3452F,Dyspnea not screened,0.0,2026,Procedure,CMS
34530,Leg vein fusion,17.48,2026,Procedure,CMS
3455F,Tb scr pfrmd&interpd 6 mo,0.0,2026,Procedure,CMS
34701,Evasc rpr a-ao ndgft,23.12,2026,Procedure,CMS
34702,Evasc rpr a-ao ndgft rpt,35.1,2026,Procedure,CMS
34703,Evasc rpr a-unilac ndgft,25.86,2026,Procedure,CMS
34704,Evasc rpr a-unilac ndgft rpt,43.88,2026,Procedure,CMS
34705,Evac rpr a-biiliac ndgft,28.84,2026,Procedure,CMS
34706,Evasc rpr a-biiliac rpt,43.88,2026,Procedure,CMS
34707,Evasc rpr ilio-iliac ndgft,21.72,2026,Procedure,CMS
34708,Evasc rpr ilio-iliac rpt,35.59,2026,Procedure,CMS
34709,Plmt xtn prosth evasc rpr,6.34,2026,Procedure,CMS
3470F,Ra disease activity low,0.0,2026,Procedure,CMS
34710,Dlyd plmt xtn prosth 1st vsl,14.63,2026,Procedure,CMS
34711,Dlyd plmt xtn prosth ea addl,5.85,2026,Procedure,CMS
34712,Tcat dlvr enhncd fixj dev,11.7,2026,Procedure,CMS
34713,Perq access & clsr fem art,2.44,2026,Procedure,CMS
34714,Opn fem art expos cndt crtj,5.12,2026,Procedure,CMS
34715,Opn ax/subcla art expos,5.85,2026,Procedure,CMS
34716,Opn ax/subcla art expos cndt,7.01,2026,Procedure,CMS
34717,Evasc rpr a-iliac ndgft,8.78,2026,Procedure,CMS
34718,Evasc rpr n/a a-iliac ndgft,23.4,2026,Procedure,CMS
3471F,Ra disease activity mod,0.0,2026,Procedure,CMS
3472F,Ra disease activity high,0.0,2026,Procedure,CMS
3475F,Disease progn ra poor docd,0.0,2026,Procedure,CMS
3476F,Disease progn ra good docd,0.0,2026,Procedure,CMS
34808,Endovas iliac a device addon,4.02,2026,Procedure,CMS
34812,Opn fem art expos,4.03,2026,Procedure,CMS
34813,Femoral endovas graft add-on,4.67,2026,Procedure,CMS
34820,Opn iliac art expos,6.83,2026,Procedure,CMS
34830,Open aortic tube prosth repr,34.35,2026,Procedure,CMS
34831,Open aortoiliac prosth repr,37.03,2026,Procedure,CMS
34832,Open aortofemor prosth repr,37.03,2026,Procedure,CMS
34833,Opn ilac art expos cndt crtj,7.96,2026,Procedure,CMS
34834,Opn brach art expos,2.58,2026,Procedure,CMS
34839,Plnning pt spec fenest graft,0.0,2026,Procedure,CMS
34841,Endovasc visc aorta 1 graft,0.0,2026,Procedure,CMS
34842,Endovasc visc aorta 2 graft,0.0,2026,Procedure,CMS
34843,Endovasc visc aorta 3 graft,0.0,2026,Procedure,CMS
34844,Endovasc visc aorta 4 graft,0.0,2026,Procedure,CMS
34845,Visc & infraren abd 1 prosth,0.0,2026,Procedure,CMS
34846,Visc & infraren abd 2 prosth,0.0,2026,Procedure,CMS
34847,Visc & infraren abd 3 prosth,0.0,2026,Procedure,CMS
34848,Visc & infraren abd 4+ prost,0.0,2026,Procedure,CMS
3490F,History aids-defining cond,0.0,2026,Procedure,CMS
3491F,Hiv unsure baby of hiv+moms,0.0,2026,Procedure,CMS
3492F,History cd4+ cell count <350,0.0,2026,Procedure,CMS
3493F,No hist cd4+ cell count <350,0.0,2026,Procedure,CMS
3494F,Cd4+cell count <200cells/mm3,0.0,2026,Procedure,CMS
3495F,Cd4+cell cnt 200-499 cells,0.0,2026,Procedure,CMS
3496F,Cd4+ cell count >= 500 cells,0.0,2026,Procedure,CMS
3497F,Cd4+ cell percentage <15%,0.0,2026,Procedure,CMS
3498F,Cd4+ cell >=15% (hiv),0.0,2026,Procedure,CMS
35001,Repair defect of artery,20.29,2026,Procedure,CMS
35002,Repair artery rupture neck,21.67,2026,Procedure,CMS
35005,Repair defect of artery,18.81,2026,Procedure,CMS
3500F,Cd4+cell cnt/% docd as done,0.0,2026,Procedure,CMS
35011,Repair defect of artery,18.12,2026,Procedure,CMS
35013,Repair artery rupture arm,22.65,2026,Procedure,CMS
35021,Repair defect of artery,21.62,2026,Procedure,CMS
35022,Repair artery rupture chest,25.06,2026,Procedure,CMS
3502F,Hiv rna vrl ld <lmts quantif,0.0,2026,Procedure,CMS
3503F,Hiv rna vrl ldnot<lmts quntf,0.0,2026,Procedure,CMS
35045,Repair defect of arm artery,17.56,2026,Procedure,CMS
35081,Repair defect of artery,32.69,2026,Procedure,CMS
35082,Repair artery rupture aorta,41.04,2026,Procedure,CMS
35091,Repair defect of artery,34.47,2026,Procedure,CMS
35092,Repair artery rupture aorta,49.7,2026,Procedure,CMS
35102,Repair defect of artery,35.62,2026,Procedure,CMS
35103,Repair artery rupture aorta,42.53,2026,Procedure,CMS
3510F,Doc tb scrng-rslts interpd,0.0,2026,Procedure,CMS
35111,Repair defect of artery,25.62,2026,Procedure,CMS
35112,Repair artery rupture spleen,31.76,2026,Procedure,CMS
3511F,Chlmyd/gonrh tsts docd done,0.0,2026,Procedure,CMS
35121,Repair defect of artery,30.73,2026,Procedure,CMS
35122,Repair artery rupture belly,36.94,2026,Procedure,CMS
3512F,Syph scrng docd as done,0.0,2026,Procedure,CMS
35131,Repair defect of artery,25.74,2026,Procedure,CMS
35132,Repair artery rupture groin,31.76,2026,Procedure,CMS
3513F,Hep b scrng docd as done,0.0,2026,Procedure,CMS
35141,Repair defect of artery,20.39,2026,Procedure,CMS
35142,Repair artery rupture thigh,24.53,2026,Procedure,CMS
3514F,Hep c scrng docd as done,0.0,2026,Procedure,CMS
35151,Repair defect of artery,23.13,2026,Procedure,CMS
35152,Repair ruptd popliteal art,26.97,2026,Procedure,CMS
3515F,Pt has docd immun to hep c,0.0,2026,Procedure,CMS
3517F,Hbv assess&results intrp 1yr,0.0,2026,Procedure,CMS
35180,Rpr cgen av fistula head&nck,14.72,2026,Procedure,CMS
35182,Rpr cgen av fistula thrx&abd,30.92,2026,Procedure,CMS
35184,Rpr cgen av fistula xtr,18.35,2026,Procedure,CMS
35188,Rpr acq av fistula head&neck,17.55,2026,Procedure,CMS
35189,Rpr acq av fistula thrx&abd,29.23,2026,Procedure,CMS
35190,Repair acq av fistula xtr,13.08,2026,Procedure,CMS
35201,Repair blood vessel dir neck,16.51,2026,Procedure,CMS
35206,Repair blood vessel dir uxtr,13.49,2026,Procedure,CMS
35207,Rpr bld vsl dir hand finger,10.67,2026,Procedure,CMS
3520F,Cdifficile testing performed,0.0,2026,Procedure,CMS
35211,Rpr blvsl dir ntrathrc w/byp,23.97,2026,Procedure,CMS
35216,Rpr blvsl dir ntrthrc wo byp,35.69,2026,Procedure,CMS
35221,Rpr bld vsl dir intra-abdl,25.95,2026,Procedure,CMS
35226,Repair blood vessel dir lxtr,14.92,2026,Procedure,CMS
35231,Repair blvsl vn grf neck,20.63,2026,Procedure,CMS
35236,Repair blvsl vn grf uxtr,17.57,2026,Procedure,CMS
35241,Rpr blvsl vn grf ntrthrc w/b,24.94,2026,Procedure,CMS
35246,Rpr blvsl vn grf ntrthrc w/o,27.52,2026,Procedure,CMS
35251,Rpr blvsl vn grf intra-abdl,31.11,2026,Procedure,CMS
35256,Repair blvsl vn grf lxtr,18.58,2026,Procedure,CMS
35261,Rpr blvsl grf oth/thn vn nck,18.49,2026,Procedure,CMS
35266,Rpr blvsl grf oth/th vn uxtr,15.43,2026,Procedure,CMS
35271,Rpr blvs gr ot/th vn ntrth w,23.97,2026,Procedure,CMS
35276,Rpr blvs gr ot/t vn ntrth wo,25.18,2026,Procedure,CMS
35281,Rpr blvsl gr ot/th vn ntr-ab,29.31,2026,Procedure,CMS
35286,Rpr blvsl grf oth/th vn lxtr,16.76,2026,Procedure,CMS
35301,Rechanneling of artery,20.63,2026,Procedure,CMS
35302,Rechanneling of artery,20.82,2026,Procedure,CMS
35303,Rechanneling of artery,23.01,2026,Procedure,CMS
35304,Rechanneling of artery,23.99,2026,Procedure,CMS
35305,Rechanneling of artery,23.01,2026,Procedure,CMS
35306,Rechanneling of artery,9.02,2026,Procedure,CMS
35311,Rechanneling of artery,27.89,2026,Procedure,CMS
35321,Rechanneling of artery,16.18,2026,Procedure,CMS
35331,Rechanneling of artery,27.03,2026,Procedure,CMS
35341,Rechanneling of artery,25.55,2026,Procedure,CMS
35351,Rechanneling of artery,23.99,2026,Procedure,CMS
35355,Rechanneling of artery,19.36,2026,Procedure,CMS
35361,Rechanneling of artery,29.48,2026,Procedure,CMS
35363,Rechanneling of artery,31.54,2026,Procedure,CMS
35371,Rechanneling of artery,14.93,2026,Procedure,CMS
35372,Rechanneling of artery,18.12,2026,Procedure,CMS
35390,Reoperation carotid add-on,3.11,2026,Procedure,CMS
35400,Angioscopy,2.93,2026,Procedure,CMS
35500,Harvest vein for bypass,6.28,2026,Procedure,CMS
35501,Art byp grft ipsilat carotid,28.36,2026,Procedure,CMS
35506,Art byp grft subclav-carotid,24.7,2026,Procedure,CMS
35508,Art byp grft carotid-vertbrl,25.44,2026,Procedure,CMS
35509,Art byp grft contral carotid,27.39,2026,Procedure,CMS
3550F,Low rsk thromboembolism,0.0,2026,Procedure,CMS
35510,Art byp grft carotid-brchial,23.78,2026,Procedure,CMS
35511,Art byp grft subclav-subclav,21.65,2026,Procedure,CMS
35512,Art byp grft subclav-brchial,23.29,2026,Procedure,CMS
35515,Art byp grft subclav-vertbrl,25.44,2026,Procedure,CMS
35516,Art byp grft subclav-axilary,23.6,2026,Procedure,CMS
35518,Art byp grft axillary-axilry,22.08,2026,Procedure,CMS
3551F,Intrmed rsk thromboembolism,0.0,2026,Procedure,CMS
35521,Art byp grft axill-femoral,23.53,2026,Procedure,CMS
35522,Art byp grft axill-brachial,22.57,2026,Procedure,CMS
35523,Art byp grft brchl-ulnr-rdl,23.53,2026,Procedure,CMS
35525,Art byp grft brachial-brchl,21.15,2026,Procedure,CMS
35526,Art byp grft aor/carot/innom,30.76,2026,Procedure,CMS
3552F,Hgh risk for thromboembolism,0.0,2026,Procedure,CMS
35531,Art byp grft aorcel/aormesen,38.13,2026,Procedure,CMS
35533,Art byp grft axill/fem/fem,29.17,2026,Procedure,CMS
35535,Art byp grft hepatorenal,37.18,2026,Procedure,CMS
35536,Art byp grft splenorenal,32.89,2026,Procedure,CMS
35537,Art byp grft aortoiliac,40.83,2026,Procedure,CMS
35538,Art byp grft aortobi-iliac,45.85,2026,Procedure,CMS
35539,Art byp grft aortofemoral,43.01,2026,Procedure,CMS
35540,Art byp grft aortbifemoral,48.1,2026,Procedure,CMS
35556,Art byp grft fem-popliteal,26.08,2026,Procedure,CMS
35558,Art byp grft fem-femoral,22.55,2026,Procedure,CMS
3555F,Pt inr measurement performed,0.0,2026,Procedure,CMS
35560,Art byp grft aortorenal,33.18,2026,Procedure,CMS
35563,Art byp grft ilioiliac,25.47,2026,Procedure,CMS
35565,Art byp grft iliofemoral,24.5,2026,Procedure,CMS
35566,Art byp fem-ant-post tib/prl,31.54,2026,Procedure,CMS
35570,Art byp tibial-tib/peroneal,28.42,2026,Procedure,CMS
35571,Art byp pop-tibl-prl-other,24.88,2026,Procedure,CMS
35572,Harvest femoropopliteal vein,6.64,2026,Procedure,CMS
35583,Vein byp grft fem-popliteal,27.06,2026,Procedure,CMS
35585,Vein byp fem-tibial peroneal,31.54,2026,Procedure,CMS
35587,Vein byp pop-tibl peroneal,25.55,2026,Procedure,CMS
35600,Open hrv uxtr art 1 sgm cab,3.5,2026,Procedure,CMS
35601,Bpg com crtd-ipsi int crtd,26.41,2026,Procedure,CMS
35602,Bpg crtd-clat crtd,23.53,2026,Procedure,CMS
35606,Bpg carotid-subclavian,21.9,2026,Procedure,CMS
35612,Bpg subclavian-subclavian,19.84,2026,Procedure,CMS
35616,Bpg subclavian-axillary,21.27,2026,Procedure,CMS
35621,Bpg axillary-femoral,20.5,2026,Procedure,CMS
35623,Bpg axillary-pop/-tibial,25.27,2026,Procedure,CMS
35626,Bpg aor-subcla/innom/carotid,28.41,2026,Procedure,CMS
35631,Bpg aor-celiac-msn-renal,35.13,2026,Procedure,CMS
35632,Bpg ilio-celiac,35.23,2026,Procedure,CMS
35633,Bpg ilio-mesenteric,38.13,2026,Procedure,CMS
35634,Bpg iliorenal,34.45,2026,Procedure,CMS
35636,Bpg splenorenal,30.96,2026,Procedure,CMS
35637,Bpg aortoiliac,32.22,2026,Procedure,CMS
35638,Bpg aortobi-iliac,32.76,2026,Procedure,CMS
35642,Bpg carotid-vertebral,18.47,2026,Procedure,CMS
35645,Bpg subclavian-vertebral,17.97,2026,Procedure,CMS
35646,Bpg aortobifemoral,32.16,2026,Procedure,CMS
35647,Bpg aortofemoral,28.99,2026,Procedure,CMS
35650,Bpg axillary-axillary,19.66,2026,Procedure,CMS
35654,Bpg axillary-femoral-femoral,25.62,2026,Procedure,CMS
35656,Bpg femoral-popliteal,19.96,2026,Procedure,CMS
35661,Bpg femoral-femoral,19.84,2026,Procedure,CMS
35663,Bpg ilioiliac,23.33,2026,Procedure,CMS
35665,Bpg iliofemoral,21.79,2026,Procedure,CMS
35666,Bpg fem-ant tib pst tib/prnl,23.07,2026,Procedure,CMS
35671,Bpg pop-tibl/-prnl artery,20.25,2026,Procedure,CMS
35681,Composite byp grft pros&vein,1.56,2026,Procedure,CMS
35682,Composite byp grft 2 veins,7.01,2026,Procedure,CMS
35683,Composite byp grft 3/> segmt,8.28,2026,Procedure,CMS
35685,Bypass graft patency/patch,3.94,2026,Procedure,CMS
35686,Bypass graft/av fist patency,3.26,2026,Procedure,CMS
35691,Art trnsposj vertbrl carotid,17.95,2026,Procedure,CMS
35693,Art trnsposj subclavian,15.34,2026,Procedure,CMS
35694,Art trnsposj subclav carotid,18.8,2026,Procedure,CMS
35695,Art trnsposj carotid subclav,19.56,2026,Procedure,CMS
35697,Reimplant artery each,2.93,2026,Procedure,CMS
35700,Reoperation bypass graft,3.0,2026,Procedure,CMS
35701,Expl n/flwd surg neck art,7.31,2026,Procedure,CMS
35702,Expl n/flwd surg uxtr art,6.94,2026,Procedure,CMS
35703,Expl n/flwd surg lxtr art,7.31,2026,Procedure,CMS
3570F,Rprt bone scint xref w xray,0.0,2026,Procedure,CMS
3572F,Pt consid poss risk fx,0.0,2026,Procedure,CMS
3573F,Pt not consid poss risk fx,0.0,2026,Procedure,CMS
35800,Explore neck vessels,11.7,2026,Procedure,CMS
35820,Explore chest vessels,35.97,2026,Procedure,CMS
35840,Explore abdominal vessels,20.23,2026,Procedure,CMS
35860,Explore limb vessels,14.87,2026,Procedure,CMS
35870,Repair vessel graft defect,23.89,2026,Procedure,CMS
35875,Removal of clot in graft,10.45,2026,Procedure,CMS
35876,Removal of clot in graft,17.37,2026,Procedure,CMS
35879,Revise graft w/vein,16.97,2026,Procedure,CMS
35881,Revise graft w/vein,18.87,2026,Procedure,CMS
35883,Revj fem anast nonautog grf,22.57,2026,Procedure,CMS
35884,Revj fem anast autog vn grf,24.03,2026,Procedure,CMS
35901,Excision graft neck,8.17,2026,Procedure,CMS
35903,Excision graft extremity,9.29,2026,Procedure,CMS
35905,Excision graft thorax,32.68,2026,Procedure,CMS
35907,Excision graft abdomen,36.34,2026,Procedure,CMS
36000,Place needle in vein,0.18,2026,Procedure,CMS
36002,Pseudoaneurysm injection trt,1.91,2026,Procedure,CMS
36005,Injection ext venography,0.93,2026,Procedure,CMS
36010,Place catheter in vein,2.13,2026,Procedure,CMS
36011,Place catheter in vein,3.06,2026,Procedure,CMS
36012,Place catheter in vein,3.42,2026,Procedure,CMS
36013,Place catheter in artery,2.46,2026,Procedure,CMS
36014,Place catheter in artery,2.94,2026,Procedure,CMS
36015,Place catheter in artery,3.42,2026,Procedure,CMS
36100,Establish access to artery,2.94,2026,Procedure,CMS
36140,Intro ndl icath upr/lxtr art,1.72,2026,Procedure,CMS
36160,Establish access to aorta,2.46,2026,Procedure,CMS
36200,Place catheter in aorta,2.7,2026,Procedure,CMS
36215,Place catheter in artery,4.07,2026,Procedure,CMS
36216,Place catheter in artery,5.14,2026,Procedure,CMS
36217,Place catheter in artery,6.13,2026,Procedure,CMS
36218,Place catheter in artery,0.98,2026,Procedure,CMS
36221,Place cath thoracic aorta,3.82,2026,Procedure,CMS
36222,Place cath carotid/inom art,5.15,2026,Procedure,CMS
36223,Place cath carotid/inom art,5.61,2026,Procedure,CMS
36224,Place cath carotd art,6.09,2026,Procedure,CMS
36225,Place cath subclavian art,5.61,2026,Procedure,CMS
36226,Place cath vertebral art,6.09,2026,Procedure,CMS
36227,Place cath xtrnl carotid,2.04,2026,Procedure,CMS
36228,Place cath intracranial art,4.14,2026,Procedure,CMS
36245,Ins cath abd/l-ext art 1st,4.53,2026,Procedure,CMS
36246,Ins cath abd/l-ext art 2nd,4.89,2026,Procedure,CMS
36247,Ins cath abd/l-ext art 3rd,5.89,2026,Procedure,CMS
36248,Ins cath abd/l-ext art addl,0.98,2026,Procedure,CMS
36251,Ins cath ren art 1st unilat,4.97,2026,Procedure,CMS
36252,Ins cath ren art 1st bilat,6.57,2026,Procedure,CMS
36253,Ins cath ren art 2nd+ unilat,7.12,2026,Procedure,CMS
36254,Ins cath ren art 2nd+ bilat,7.7,2026,Procedure,CMS
36260,Insertion of infusion pump,9.66,2026,Procedure,CMS
36261,Revision of infusion pump,5.49,2026,Procedure,CMS
36262,Removal of infusion pump,4.01,2026,Procedure,CMS
36299,Unlisted px vascular njx,0.0,2026,Procedure,CMS
36400,Vnpnxr<3yrs phy/qhp fem/jug,0.37,2026,Procedure,CMS
36405,Vnpnxr<3yrs phy/qhp scalp vn,0.3,2026,Procedure,CMS
36406,Vnpnxr<3yrs phy/qhp other vn,0.18,2026,Procedure,CMS
36410,Vnpnxr 3yr/> phy/qhp dx/ther,0.18,2026,Procedure,CMS
36415,Coll venous bld venipuncture,0.0,2026,Procedure,CMS
36416,Collj capillary blood spec,0.0,2026,Procedure,CMS
36420,Venipuncture cutdown < 1 yr,0.98,2026,Procedure,CMS
36425,Venipuncture cutdown 1 yr/>,0.74,2026,Procedure,CMS
36430,Transfusion bld/bld compnt,0.0,2026,Procedure,CMS
36440,Bld push tfuj 2 yr/<,1.0,2026,Procedure,CMS
36450,Bld exchange truj newborn,3.41,2026,Procedure,CMS
36455,Bld exchange truj oth thn nb,2.37,2026,Procedure,CMS
36456,Prtl exchange transfuse nb,1.95,2026,Procedure,CMS
36460,Intrauterine transfusion ftl,6.42,2026,Procedure,CMS
36465,Njx noncmpnd sclrsnt 1 vein,2.29,2026,Procedure,CMS
36466,Njx noncmpnd sclrsnt mlt vn,2.93,2026,Procedure,CMS
36468,Njx sclrsnt spider veins,0.0,2026,Procedure,CMS
36470,Njx sclrsnt 1 incmptnt vein,0.73,2026,Procedure,CMS
36471,Njx sclrsnt mlt incmptnt vn,1.46,2026,Procedure,CMS
36473,Endovenous mchnchem 1st vein,3.41,2026,Procedure,CMS
36474,Endovenous mchnchem add-on,1.71,2026,Procedure,CMS
36475,Endovenous rf 1st vein,5.17,2026,Procedure,CMS
36476,Endovenous rf vein add-on,2.58,2026,Procedure,CMS
36478,Endovenous laser 1st vein,5.17,2026,Procedure,CMS
36479,Endovenous laser vein addon,2.58,2026,Procedure,CMS
36481,Insertion of catheter vein,6.56,2026,Procedure,CMS
36482,Endoven ther chem adhes 1st,3.41,2026,Procedure,CMS
36483,Endoven ther chem adhes sbsq,1.71,2026,Procedure,CMS
36500,Insertion of catheter vein,3.42,2026,Procedure,CMS
3650F,Eeg ordered rvwd reqstd,0.0,2026,Procedure,CMS
36510,Insertion of catheter vein,1.06,2026,Procedure,CMS
36511,Apheresis wbc,1.95,2026,Procedure,CMS
36512,Apheresis rbc,1.95,2026,Procedure,CMS
36513,Apheresis platelets,1.95,2026,Procedure,CMS
36514,Apheresis plasma,1.76,2026,Procedure,CMS
36516,Apheresis immunoads slctv,1.52,2026,Procedure,CMS
36522,Photopheresis,1.71,2026,Procedure,CMS
36555,Insert non-tunnel cv cath,1.88,2026,Procedure,CMS
36556,Insert non-tunnel cv cath,1.71,2026,Procedure,CMS
36557,Insert tunneled cv cath,4.77,2026,Procedure,CMS
36558,Insert tunneled cv cath,4.48,2026,Procedure,CMS
36560,Insert tunneled cv cath,5.89,2026,Procedure,CMS
36561,Insert tunneled cv cath,5.65,2026,Procedure,CMS
36563,Insert tunneled cv cath,5.84,2026,Procedure,CMS
36565,Insert tunneled cv cath,5.65,2026,Procedure,CMS
36566,Insert tunneled cv cath,6.13,2026,Procedure,CMS
36568,Insj picc <5 yr w/o imaging,2.06,2026,Procedure,CMS
36569,Insj picc 5 yr+ w/o imaging,1.85,2026,Procedure,CMS
36570,Insert picvad cath,4.98,2026,Procedure,CMS
36571,Insert picvad cath,4.96,2026,Procedure,CMS
36572,Insj picc rs&i <5 yr,1.77,2026,Procedure,CMS
36573,Insj picc rs&i 5 yr+,1.66,2026,Procedure,CMS
36575,Repair tunneled cv cath,0.65,2026,Procedure,CMS
36576,Repair tunneled cv cath,2.92,2026,Procedure,CMS
36578,Replace tunneled cv cath,3.21,2026,Procedure,CMS
36580,Replace cvad cath,1.28,2026,Procedure,CMS
36581,Replace tunneled cv cath,3.15,2026,Procedure,CMS
36582,Replace tunneled cv cath,4.87,2026,Procedure,CMS
36583,Replace tunneled cv cath,4.91,2026,Procedure,CMS
36584,Compl rplcmt picc rs&i,1.17,2026,Procedure,CMS
36585,Replace picvad cath,4.48,2026,Procedure,CMS
36589,Removal tunneled cv cath,2.22,2026,Procedure,CMS
36590,Removal tunneled cv cath,3.02,2026,Procedure,CMS
36591,Draw blood off venous device,0.0,2026,Procedure,CMS
36592,Collect blood from picc,0.0,2026,Procedure,CMS
36593,Declot vascular device,0.0,2026,Procedure,CMS
36595,Mech remov tunneled cv cath,3.5,2026,Procedure,CMS
36596,Mech remov tunneled cv cath,0.73,2026,Procedure,CMS
36597,Reposition venous catheter,1.18,2026,Procedure,CMS
36598,Inj w/fluor eval cv device,0.72,2026,Procedure,CMS
36600,Withdrawal of arterial blood,0.31,2026,Procedure,CMS
36620,Insertion catheter artery,0.98,2026,Procedure,CMS
36625,Insertion catheter artery,2.06,2026,Procedure,CMS
36640,Insertion catheter artery,2.05,2026,Procedure,CMS
36660,Insertion catheter artery,1.37,2026,Procedure,CMS
36680,Insert needle bone cavity,1.17,2026,Procedure,CMS
36800,Insertion of cannula,2.37,2026,Procedure,CMS
36810,Insertion of cannula,3.86,2026,Procedure,CMS
36815,Insertion of cannula,2.55,2026,Procedure,CMS
36818,Av fuse uppr arm cephalic,12.08,2026,Procedure,CMS
36819,Av fuse uppr arm basilic,12.96,2026,Procedure,CMS
36820,Av fusion/forearm vein,12.74,2026,Procedure,CMS
36821,Av fusion direct any site,11.6,2026,Procedure,CMS
36823,Insertion of cannula(s),22.41,2026,Procedure,CMS
36825,Artery-vein autograft,13.82,2026,Procedure,CMS
36830,Artery-vein nonautograft,11.73,2026,Procedure,CMS
36831,Open thrombect av fistula,10.73,2026,Procedure,CMS
36832,Av fistula revision open,13.16,2026,Procedure,CMS
36833,Av fistula revision,14.14,2026,Procedure,CMS
36835,Insertion thomas shunt,7.32,2026,Procedure,CMS
36836,Prq av fstl crtj uxtr 1 acs,7.02,2026,Procedure,CMS
36837,Prq av fstl crt uxtr sep acs,9.07,2026,Procedure,CMS
36838,Dist revas ligation hemo,21.15,2026,Procedure,CMS
36860,External cannula declotting,1.96,2026,Procedure,CMS
36861,Cannula declotting,2.46,2026,Procedure,CMS
36901,Intro cath dialysis circuit,3.28,2026,Procedure,CMS
36902,Intro cath dialysis circuit,4.71,2026,Procedure,CMS
36903,Intro cath dialysis circuit,6.23,2026,Procedure,CMS
36904,Thrmbc/nfs dialysis circuit,7.31,2026,Procedure,CMS
36905,Thrmbc/nfs dialysis circuit,8.78,2026,Procedure,CMS
36906,Thrmbc/nfs dialysis circuit,10.16,2026,Procedure,CMS
36907,Balo angiop ctr dialysis seg,2.93,2026,Procedure,CMS
36908,Stent plmt ctr dialysis seg,4.14,2026,Procedure,CMS
36909,Dialysis circuit embolj,4.02,2026,Procedure,CMS
3700F,Psych disorders assessed,0.0,2026,Procedure,CMS
37140,Revision of circulation,39.0,2026,Procedure,CMS
37145,Revision of circulation,36.08,2026,Procedure,CMS
37160,Revision of circulation,37.05,2026,Procedure,CMS
37180,Revision of circulation,35.59,2026,Procedure,CMS
37181,Splice spleen/kidney veins,39.0,2026,Procedure,CMS
37182,Insert hepatic shunt (tips),16.55,2026,Procedure,CMS
37183,Revision tips,7.55,2026,Procedure,CMS
37184,Prim art m-thrmbc 1st vsl,8.2,2026,Procedure,CMS
37185,Prim art m-thrmbc sbsq vsl,3.2,2026,Procedure,CMS
37186,Sec art thrombectomy add-on,4.8,2026,Procedure,CMS
37187,Venous mech thrombectomy,7.59,2026,Procedure,CMS
37188,Ven mechnl thrmbc repeat tx,5.32,2026,Procedure,CMS
37191,Ins endovas vena cava filtr,4.35,2026,Procedure,CMS
37192,Redo endovas vena cava filtr,6.92,2026,Procedure,CMS
37193,Rem endovas vena cava filter,6.92,2026,Procedure,CMS
37195,Thrombolytic therapy stroke,0.0,2026,Procedure,CMS
37197,Remove intrvas foreign body,5.89,2026,Procedure,CMS
37200,Transcatheter biopsy,4.44,2026,Procedure,CMS
3720F,Cognit impairment assessed,0.0,2026,Procedure,CMS
37211,Thrombolytic art therapy,7.56,2026,Procedure,CMS
37212,Thrombolytic venous therapy,6.64,2026,Procedure,CMS
37213,Thromblytic art/ven therapy,4.63,2026,Procedure,CMS
37214,Cessj therapy cath removal,2.43,2026,Procedure,CMS
37215,Transcath stent cca w/eps,17.31,2026,Procedure,CMS
37216,Transcath stent cca w/o eps,17.53,2026,Procedure,CMS
37217,Stent placemt retro carotid,19.87,2026,Procedure,CMS
37218,Stent placemt ante carotid,14.38,2026,Procedure,CMS
37236,Open/perq place stent 1st,8.53,2026,Procedure,CMS
37237,Open/perq place stent ea add,4.14,2026,Procedure,CMS
37238,Open/perq place stent same,5.89,2026,Procedure,CMS
37239,Open/perq place stent ea add,2.9,2026,Procedure,CMS
37241,Vasc embolize/occlude venous,8.53,2026,Procedure,CMS
37242,Vasc embolize/occlude artery,9.56,2026,Procedure,CMS
37243,Vasc embolize/occlude organ,11.45,2026,Procedure,CMS
37244,Vasc embolize/occlude bleed,13.41,2026,Procedure,CMS
37246,Trluml balo angiop 1st art,6.83,2026,Procedure,CMS
37247,Trluml balo angiop addl art,3.41,2026,Procedure,CMS
37248,Trluml balo angiop 1st vein,5.85,2026,Procedure,CMS
37249,Trluml balo angiop addl vein,2.9,2026,Procedure,CMS
37252,Intrvasc us noncoronary 1st,1.76,2026,Procedure,CMS
37253,Intrvasc us noncoronary addl,1.4,2026,Procedure,CMS
37254,Revsc evasc ivt angio sf 1st,7.3,2026,Procedure,CMS
37255,Revsc evasc ivt angio sf ea,3.0,2026,Procedure,CMS
37256,Revsc evasc ivt angio cplx 1,10.75,2026,Procedure,CMS
37257,Revsc evsc ivt angio cplx ea,3.89,2026,Procedure,CMS
37258,Revsc evasc ivt stent sf 1st,8.75,2026,Procedure,CMS
37259,Revsc evasc ivt stent sf ea,4.0,2026,Procedure,CMS
3725F,Screen depression performed,0.0,2026,Procedure,CMS
37260,Revsc evasc ivt st cplx 1st,12.69,2026,Procedure,CMS
37261,Revsc evasc ivt st cplx ea,4.25,2026,Procedure,CMS
37262,Iv lithotrp ivt w/in sm art,3.0,2026,Procedure,CMS
37263,Revsc evasc fpvt angio sf 1,7.75,2026,Procedure,CMS
37264,Revsc evasc fpvt angio sf ea,3.0,2026,Procedure,CMS
37265,Revsc evsc fpvt angio cplx 1,10.5,2026,Procedure,CMS
37266,Rvsc evsc fpvt angio cplx ea,4.0,2026,Procedure,CMS
37267,Revsc evsc fpvt stent sf 1st,8.75,2026,Procedure,CMS
37268,Revsc evasc fpvt stent sf ea,3.73,2026,Procedure,CMS
37269,Revsc evasc fpvt st cplx 1st,14.75,2026,Procedure,CMS
37270,Revsc evasc fpvt st cplx ea,5.0,2026,Procedure,CMS
37271,Revsc evsc fpvt athrc sf 1st,9.0,2026,Procedure,CMS
37272,Revsc evsc fpvt athrc sf ea,4.0,2026,Procedure,CMS
37273,Revsc evsc fpvt athrc cplx 1,12.63,2026,Procedure,CMS
37274,Rvsc evsc fpvt athrc cplx ea,5.5,2026,Procedure,CMS
37275,Rvsc evsc fpvt st athrc sf 1,11.0,2026,Procedure,CMS
37276,Rvsc evsc fpvt st athr sf ea,4.25,2026,Procedure,CMS
37277,Rvsc evsc fpvt st athr cpx 1,15.0,2026,Procedure,CMS
37278,Rvsc evsc fpvt st ath cpx ea,6.0,2026,Procedure,CMS
37279,Iv lithotrp fpvt w/in sm art,4.0,2026,Procedure,CMS
37280,Revsc evsc tpvt angio sf 1st,9.8,2026,Procedure,CMS
37281,Revsc evsc tpvt angio sf ea,3.0,2026,Procedure,CMS
37282,Rvsc evsc tpvt angio cplx 1,12.31,2026,Procedure,CMS
37283,Rvsc evsc tpvt angio cplx ea,4.26,2026,Procedure,CMS
37284,Revsc evasc tpvt st sf 1st,10.0,2026,Procedure,CMS
37285,Revsc evasc tpvt st sf ea,3.34,2026,Procedure,CMS
37286,Revsc evasc tpvt st cplx 1st,13.46,2026,Procedure,CMS
37287,Revsc evasc tpvt st cplx ea,5.0,2026,Procedure,CMS
37288,Revsc evsc tpvt athrc sf 1st,13.5,2026,Procedure,CMS
37289,Revsc evsc tpvt athrc sf ea,4.75,2026,Procedure,CMS
37290,Revsc evsc tpvt athrc cplx 1,17.0,2026,Procedure,CMS
37291,Revsc evsc tpvt athr cplx ea,6.5,2026,Procedure,CMS
37292,Rvsc evsc tpvt st athrc sf 1,15.0,2026,Procedure,CMS
37293,Rvsc evsc tpvt st athr sf ea,6.5,2026,Procedure,CMS
37294,Rvsc evsc tpvt st athr cpx 1,18.0,2026,Procedure,CMS
37295,Rvsc evsc tpvt st ath cpx ea,8.16,2026,Procedure,CMS
37296,Revsc evasc imvt angio sf 1,11.0,2026,Procedure,CMS
37297,Revsc evasc imvt angio sf ea,4.0,2026,Procedure,CMS
37298,Revsc evsc imvt angio cplx 1,13.7,2026,Procedure,CMS
37299,Revsc evsc imvt angio cpx ea,5.0,2026,Procedure,CMS
37501,Unlisted vasc endoscopy px,0.0,2026,Procedure,CMS
3750F,Ptnotrcvngsteroid>=10mg/day,0.0,2026,Procedure,CMS
3751F,Electrodiag polyneuro 6 mn,0.0,2026,Procedure,CMS
3752F,No electrodiag polyneuro 6mn,0.0,2026,Procedure,CMS
3753F,Pt has symp&signs neuropathy,0.0,2026,Procedure,CMS
3754F,Screening tests dm done,0.0,2026,Procedure,CMS
3755F,Cog&behav imprmnt scrng done,0.0,2026,Procedure,CMS
37565,Ligation int jugular vein,11.75,2026,Procedure,CMS
3756F,Pt w/pseudobulb affect/als,0.0,2026,Procedure,CMS
3757F,Pt w/o pseudobulbaffect/als,0.0,2026,Procedure,CMS
3758F,Pt ref pulm fx test/peakflow,0.0,2026,Procedure,CMS
3759F,Pt scrn dysphag/wt loss/nutr,0.0,2026,Procedure,CMS
37600,Ligation xtrnl carotid art,12.11,2026,Procedure,CMS
37605,Ligation int/com carotid art,13.92,2026,Procedure,CMS
37606,Lig int/com carotid art occl,8.59,2026,Procedure,CMS
37607,Lig/banding angioacs av fstl,6.09,2026,Procedure,CMS
37609,Ligation/bx temporal artery,2.97,2026,Procedure,CMS
3760F,Pt w/dysphag/wt loss/nutr,0.0,2026,Procedure,CMS
37615,Ligation major artery neck,7.61,2026,Procedure,CMS
37616,Ligation major artery chest,18.5,2026,Procedure,CMS
37617,Ligation major artery abd,23.2,2026,Procedure,CMS
37618,Ligation major artery xtr,5.88,2026,Procedure,CMS
37619,Ligation of inf vena cava,29.25,2026,Procedure,CMS
3761F,Pt w/o dysphag/wt loss/nutr,0.0,2026,Procedure,CMS
3762F,Patient is dysarthric,0.0,2026,Procedure,CMS
3763F,Patient is not dysarthric,0.0,2026,Procedure,CMS
37650,Ligation of femoral vein,8.28,2026,Procedure,CMS
37660,Ligation common iliac vein,21.72,2026,Procedure,CMS
37700,Ligation&div long saph vein,3.72,2026,Procedure,CMS
37718,Lig div&strpg short saph vn,6.95,2026,Procedure,CMS
37722,Lig div&strpg long saph vein,7.96,2026,Procedure,CMS
37735,Lig&div&compl strpg saph vn,10.63,2026,Procedure,CMS
3775F,Adenoma detected screening,0.0,2026,Procedure,CMS
37760,Lig prfratr vn radical 1 leg,10.51,2026,Procedure,CMS
37761,Ligate leg veins open,8.9,2026,Procedure,CMS
37765,Stab phleb veins xtr 10-20,4.68,2026,Procedure,CMS
37766,Phleb veins - extrem 20+,5.85,2026,Procedure,CMS
3776F,Adenoma not detect screening,0.0,2026,Procedure,CMS
37780,Revision of leg vein,3.83,2026,Procedure,CMS
37785,Ligate/divide/excise vein,3.83,2026,Procedure,CMS
37788,Revascularization penis,22.75,2026,Procedure,CMS
37790,Penile venous occlusion,8.22,2026,Procedure,CMS
37799,Unlisted px vascular surgery,0.0,2026,Procedure,CMS
38100,Removal of spleen total,19.06,2026,Procedure,CMS
38101,Removal of spleen partial,19.06,2026,Procedure,CMS
38102,Removal of spleen total,4.67,2026,Procedure,CMS
38115,Repair of ruptured spleen,21.33,2026,Procedure,CMS
38120,Laparoscopy splenectomy,16.64,2026,Procedure,CMS
38129,Unlisted laps px spleen,0.0,2026,Procedure,CMS
38200,Injection for spleen x-ray,2.57,2026,Procedure,CMS
38204,Bl donor search management,1.95,2026,Procedure,CMS
38205,Harvest allogeneic stem cell,1.46,2026,Procedure,CMS
38206,Harvest auto stem cells,1.46,2026,Procedure,CMS
38207,Cryopreserve stem cells,0.87,2026,Procedure,CMS
38208,Thaw preserved stem cells,0.55,2026,Procedure,CMS
38209,Wash harvest stem cells,0.23,2026,Procedure,CMS
38210,T-cell depletion of harvest,1.53,2026,Procedure,CMS
38211,Tumor cell deplete of harvst,1.38,2026,Procedure,CMS
38212,Rbc depletion of harvest,0.92,2026,Procedure,CMS
38213,Platelet deplete of harvest,0.23,2026,Procedure,CMS
38214,Volume deplete of harvest,0.79,2026,Procedure,CMS
38215,Harvest stem cell concentrte,0.92,2026,Procedure,CMS
38220,Dx bone marrow aspirations,1.17,2026,Procedure,CMS
38221,Dx bone marrow biopsies,1.25,2026,Procedure,CMS
38222,Dx bone marrow bx & aspir,1.4,2026,Procedure,CMS
38225,Car-t hrv bld-drv t lymphcyt,1.89,2026,Procedure,CMS
38226,Car-t prep t lymphcyt f/trns,0.77,2026,Procedure,CMS
38227,Car-t receipt&prepj admn,0.78,2026,Procedure,CMS
38228,Car-t admn autologous,3.0,2026,Procedure,CMS
38230,Bone marrow harvest allogen,3.41,2026,Procedure,CMS
38232,Bone marrow harvest autolog,3.41,2026,Procedure,CMS
38240,Transplt allo hct/donor,3.9,2026,Procedure,CMS
38241,Transplt autol hct/donor,2.93,2026,Procedure,CMS
38242,Transplt allo lymphocytes,2.06,2026,Procedure,CMS
38243,Transplj hematopoietic boost,2.08,2026,Procedure,CMS
38300,Drainage lymph node lesion,2.3,2026,Procedure,CMS
38305,Drainage lymph node lesion,6.51,2026,Procedure,CMS
38308,Incision of lymph channels,6.64,2026,Procedure,CMS
38380,Thoracic duct procedure,8.25,2026,Procedure,CMS
38381,Thoracic duct procedure,13.05,2026,Procedure,CMS
38382,Thoracic duct procedure,10.38,2026,Procedure,CMS
38500,Biopsy/removal lymph nodes,3.7,2026,Procedure,CMS
38505,Needle biopsy lymph nodes,1.55,2026,Procedure,CMS
38510,Biopsy/removal lymph nodes,6.57,2026,Procedure,CMS
38520,Biopsy/removal lymph nodes,6.85,2026,Procedure,CMS
38525,Biopsy/removal lymph nodes,6.27,2026,Procedure,CMS
38530,Biopsy/removal lymph nodes,8.13,2026,Procedure,CMS
38531,Open bx/exc inguinofem nodes,6.57,2026,Procedure,CMS
38542,Explore deep node(s) neck,7.75,2026,Procedure,CMS
38550,Removal neck/armpit lesion,6.93,2026,Procedure,CMS
38555,Removal neck/armpit lesion,15.2,2026,Procedure,CMS
38562,Removal pelvic lymph nodes,10.78,2026,Procedure,CMS
38564,Removal abdomen lymph nodes,11.1,2026,Procedure,CMS
38570,Laparoscopy lymph node biop,8.28,2026,Procedure,CMS
38571,Laparoscopy lymphadenectomy,11.7,2026,Procedure,CMS
38572,Laparoscopy lymphadenectomy,15.21,2026,Procedure,CMS
38573,Laps pelvic lymphadec,19.5,2026,Procedure,CMS
38589,Unlisted laps px lymphtc sys,0.0,2026,Procedure,CMS
38700,Removal of lymph nodes neck,12.49,2026,Procedure,CMS
38720,Removal of lymph nodes neck,21.4,2026,Procedure,CMS
38724,Removal of lymph nodes neck,23.35,2026,Procedure,CMS
38740,Remove armpit lymph nodes,10.43,2026,Procedure,CMS
38745,Remove armpit lymph nodes,13.52,2026,Procedure,CMS
38746,Remove thoracic lymph nodes,4.02,2026,Procedure,CMS
38747,Remove abdominal lymph nodes,4.76,2026,Procedure,CMS
38760,Remove groin lymph nodes,13.28,2026,Procedure,CMS
38765,Remove groin lymph nodes,21.36,2026,Procedure,CMS
38770,Remove pelvis lymph nodes,13.71,2026,Procedure,CMS
38780,Remove abdomen lymph nodes,17.26,2026,Procedure,CMS
38790,Inject for lymphatic x-ray,1.26,2026,Procedure,CMS
38792,Ra tracer id of sentinl node,0.63,2026,Procedure,CMS
38794,Access thoracic lymph duct,4.5,2026,Procedure,CMS
38900,Io map of sent lymph node,2.44,2026,Procedure,CMS
38999,Unlistd px hemic/lymphtc sys,0.0,2026,Procedure,CMS
39000,Exploration of chest,7.38,2026,Procedure,CMS
39010,Exploration of chest,12.86,2026,Procedure,CMS
39200,Resect mediastinal cyst,14.71,2026,Procedure,CMS
39220,Resect mediastinal tumor,19.06,2026,Procedure,CMS
39401,Mediastinoscpy w/medstnl bx,5.3,2026,Procedure,CMS
39402,Mediastinoscpy w/lmph nod bx,7.07,2026,Procedure,CMS
39499,Unlisted px mediastinum,0.0,2026,Procedure,CMS
39501,Repair diaphragm laceration,13.63,2026,Procedure,CMS
39503,Repair of diaphragm hernia,106.19,2026,Procedure,CMS
39540,Repair of diaphragm hernia,14.21,2026,Procedure,CMS
39541,Repair of diaphragm hernia,15.36,2026,Procedure,CMS
39545,Revision of diaphragm,14.3,2026,Procedure,CMS
39560,Resect diaphragm simple,12.73,2026,Procedure,CMS
39561,Resect diaphragm complex,19.49,2026,Procedure,CMS
39599,Unlisted px diaphragm,0.0,2026,Procedure,CMS
4000F,Tobacco use txmnt counseling,0.0,2026,Procedure,CMS
4001F,Tobacco use txmnt pharmacol,0.0,2026,Procedure,CMS
4003F,Pt ed write/oral pts w/ hf,0.0,2026,Procedure,CMS
4004F,Pt tobacco screen rcvd tlk,0.0,2026,Procedure,CMS
4005F,Pharm thx for op rxd,0.0,2026,Procedure,CMS
4008F,Beta-blocker therapy rxd/tkn,0.0,2026,Procedure,CMS
4010F,Ace/arb therapy rxd/taken,0.0,2026,Procedure,CMS
4011F,Oral antiplatelet therapy rx,0.0,2026,Procedure,CMS
4012F,Warfarin therapy rx,0.0,2026,Procedure,CMS
4013F,Statin therapy/currently tkn,0.0,2026,Procedure,CMS
4014F,Written discharge instr prvd,0.0,2026,Procedure,CMS
4015F,Persist asthma medicine ctrl,0.0,2026,Procedure,CMS
4016F,Anti-inflm/anlgsc agent rx,0.0,2026,Procedure,CMS
4017F,Gi prophylaxis for nsaid rx,0.0,2026,Procedure,CMS
4018F,Therapy exercise joint rx,0.0,2026,Procedure,CMS
4019F,Doc recpt counsl vit d/calc+,0.0,2026,Procedure,CMS
4025F,Inhaled bronchodilator rx,0.0,2026,Procedure,CMS
4030F,Oxygen therapy rx,0.0,2026,Procedure,CMS
4033F,Pulmonary rehab rec,0.0,2026,Procedure,CMS
4035F,Influenza imm rec,0.0,2026,Procedure,CMS
4037F,Influenza imm order/admin,0.0,2026,Procedure,CMS
4040F,Pneumoc vac/admin/rcvd,0.0,2026,Procedure,CMS
4041F,Doc order cefazolin/cefurox,0.0,2026,Procedure,CMS
4042F,Doc antibio not given,0.0,2026,Procedure,CMS
4043F,Doc order given stop antibio,0.0,2026,Procedure,CMS
4044F,Doc order given vte prophylx,0.0,2026,Procedure,CMS
4045F,Empiric antibiotic rx,0.0,2026,Procedure,CMS
4046F,Doc antibio given b/4 surg,0.0,2026,Procedure,CMS
4047F,Doc antibio given b/4 surg,0.0,2026,Procedure,CMS
4048F,Doc antibio given b/4 surg,0.0,2026,Procedure,CMS
40490,Biopsy of lip,1.19,2026,Procedure,CMS
4049F,Doc order given stop antibio,0.0,2026,Procedure,CMS
40500,Partial excision of lip,4.36,2026,Procedure,CMS
4050F,Ht care plan doc,0.0,2026,Procedure,CMS
40510,Partial excision of lip,4.7,2026,Procedure,CMS
4051F,Referred for an av fistula,0.0,2026,Procedure,CMS
40520,Partial excision of lip,4.67,2026,Procedure,CMS
40525,Reconstruct lip with flap,7.53,2026,Procedure,CMS
40527,Reconstruct lip with flap,9.09,2026,Procedure,CMS
4052F,Hemodialysis via av fistula,0.0,2026,Procedure,CMS
40530,Partial removal of lip,5.4,2026,Procedure,CMS
4053F,Hemodialysis via av graft,0.0,2026,Procedure,CMS
4054F,Hemodialysis via catheter,0.0,2026,Procedure,CMS
4055F,Pt rcvng periton dialysis,0.0,2026,Procedure,CMS
4056F,Approp oral rehyd recommd,0.0,2026,Procedure,CMS
4058F,Ped gastro ed given caregvr,0.0,2026,Procedure,CMS
4060F,Psych svcs provided,0.0,2026,Procedure,CMS
4062F,Pt referral psych docd,0.0,2026,Procedure,CMS
4063F,Antidepres rxthxpy not rxd,0.0,2026,Procedure,CMS
4064F,Antidepressant rx,0.0,2026,Procedure,CMS
40650,Rpr lip fth vermilion only,3.69,2026,Procedure,CMS
40652,Rpr lip fth<half ver height,4.32,2026,Procedure,CMS
40654,Rpr lip fth>1half ver ht/cpx,5.34,2026,Procedure,CMS
4065F,Antipsychotic rx,0.0,2026,Procedure,CMS
4066F,Ect provided,0.0,2026,Procedure,CMS
4067F,Pt referral for ect docd,0.0,2026,Procedure,CMS
4069F,Vte prophylaxis rcvd,0.0,2026,Procedure,CMS
40700,Repair cleft lip/nasal,13.82,2026,Procedure,CMS
40701,Repair cleft lip/nasal,16.8,2026,Procedure,CMS
40702,Repair cleft lip/nasal,13.91,2026,Procedure,CMS
4070F,Dvt prophylx recvd day 2,0.0,2026,Procedure,CMS
40720,Repair cleft lip/nasal,14.35,2026,Procedure,CMS
4073F,Oral antiplat thx rx dischrg,0.0,2026,Procedure,CMS
4075F,Anticoag thx rx at dischrg,0.0,2026,Procedure,CMS
40761,Repair cleft lip/nasal,15.44,2026,Procedure,CMS
4077F,Doc t-pa admin considered,0.0,2026,Procedure,CMS
40799,Unlisted procedure lips,0.0,2026,Procedure,CMS
4079F,Doc rehab svcs considered,0.0,2026,Procedure,CMS
40800,Drainage of mouth lesion,1.2,2026,Procedure,CMS
40801,Drainage of mouth lesion,2.56,2026,Procedure,CMS
40804,Removal foreign body mouth,1.27,2026,Procedure,CMS
40805,Removal foreign body mouth,2.72,2026,Procedure,CMS
40806,Incision of lip fold,0.3,2026,Procedure,CMS
40808,Biopsy of mouth lesion,1.02,2026,Procedure,CMS
40810,Excision of mouth lesion,1.33,2026,Procedure,CMS
40812,Excise/repair mouth lesion,2.31,2026,Procedure,CMS
40814,Excise/repair mouth lesion,3.43,2026,Procedure,CMS
40816,Excision of mouth lesion,3.68,2026,Procedure,CMS
40818,Excise oral mucosa for graft,2.76,2026,Procedure,CMS
40819,Excise lip or cheek fold,2.45,2026,Procedure,CMS
40820,Treatment of mouth lesion,1.31,2026,Procedure,CMS
40830,Repair mouth laceration,1.77,2026,Procedure,CMS
40831,Repair mouth laceration,2.51,2026,Procedure,CMS
40840,Reconstruction of mouth,8.92,2026,Procedure,CMS
40842,Reconstruction of mouth,8.92,2026,Procedure,CMS
40843,Reconstruction of mouth,12.47,2026,Procedure,CMS
40844,Reconstruction of mouth,16.38,2026,Procedure,CMS
40845,Reconstruction of mouth,18.88,2026,Procedure,CMS
4084F,Aspirin recvd w/in 24 hrs,0.0,2026,Procedure,CMS
4086F,Aspirin/clopidogrel rxd,0.0,2026,Procedure,CMS
40899,Unlisted px vestibule mouth,0.0,2026,Procedure,CMS
4090F,Pt rcvng epo thxpy,0.0,2026,Procedure,CMS
4095F,Pt not rcvng epo thxpy,0.0,2026,Procedure,CMS
41000,Drainage of mouth lesion,1.32,2026,Procedure,CMS
41005,Drainage of mouth lesion,1.28,2026,Procedure,CMS
41006,Drainage of mouth lesion,3.26,2026,Procedure,CMS
41007,Drainage of mouth lesion,3.12,2026,Procedure,CMS
41008,Drainage of mouth lesion,3.37,2026,Procedure,CMS
41009,Drainage of mouth lesion,3.62,2026,Procedure,CMS
4100F,Biphos thxpy vein ord/recvd,0.0,2026,Procedure,CMS
41010,Incision of tongue fold,1.08,2026,Procedure,CMS
41015,Drainage of mouth lesion,3.98,2026,Procedure,CMS
41016,Drainage of mouth lesion,4.09,2026,Procedure,CMS
41017,Drainage of mouth lesion,4.09,2026,Procedure,CMS
41018,Drainage of mouth lesion,5.09,2026,Procedure,CMS
41019,Place needles h&n for rt,8.62,2026,Procedure,CMS
41100,Biopsy of tongue,1.38,2026,Procedure,CMS
41105,Biopsy of tongue,1.43,2026,Procedure,CMS
41108,Biopsy of floor of mouth,1.07,2026,Procedure,CMS
4110F,Int mam art used for cabg,0.0,2026,Procedure,CMS
41110,Excision of tongue lesion,1.52,2026,Procedure,CMS
41112,Excision of tongue lesion,2.76,2026,Procedure,CMS
41113,Excision of tongue lesion,3.21,2026,Procedure,CMS
41114,Excision of tongue lesion,8.6,2026,Procedure,CMS
41115,Excision of tongue fold,1.75,2026,Procedure,CMS
41116,Excision of mouth lesion,2.46,2026,Procedure,CMS
41120,Partial removal of tongue,10.86,2026,Procedure,CMS
41130,Partial removal of tongue,15.35,2026,Procedure,CMS
41135,Tongue and neck surgery,29.39,2026,Procedure,CMS
41140,Removal of tongue,28.42,2026,Procedure,CMS
41145,Tongue removal neck surgery,36.98,2026,Procedure,CMS
41150,Tongue mouth jaw surgery,29.11,2026,Procedure,CMS
41153,Tongue mouth neck surgery,32.75,2026,Procedure,CMS
41155,Tongue jaw & neck surgery,43.19,2026,Procedure,CMS
4115F,Beta blckr admin w/in 24 hrs,0.0,2026,Procedure,CMS
4120F,Antibiot rxd/given,0.0,2026,Procedure,CMS
4124F,Antibiot not rxd/given,0.0,2026,Procedure,CMS
41250,Repair tongue laceration,1.91,2026,Procedure,CMS
41251,Repair tongue laceration,2.26,2026,Procedure,CMS
41252,Repair tongue laceration,2.94,2026,Procedure,CMS
4130F,Topical prep rx aoe,0.0,2026,Procedure,CMS
4131F,Syst antimicrobial thx rx,0.0,2026,Procedure,CMS
4132F,No syst antimicrobial thx rx,0.0,2026,Procedure,CMS
4133F,Antihist/decong rx/recom,0.0,2026,Procedure,CMS
4134F,No antihist/decong rx/recom,0.0,2026,Procedure,CMS
4135F,Systemic corticosteroids rx,0.0,2026,Procedure,CMS
4136F,Syst corticosteroids not rx,0.0,2026,Procedure,CMS
4140F,Inhaled corticosteroids rxd,0.0,2026,Procedure,CMS
4142F,Corticoster sparng thrpy rxd,0.0,2026,Procedure,CMS
4144F,Alt long-term cntrl med rxd,0.0,2026,Procedure,CMS
4145F,2+ anti-hyprtnsv agents tkn,0.0,2026,Procedure,CMS
4148F,Hep a vac injxn admin/recvd,0.0,2026,Procedure,CMS
4149F,Hep b vac injxn admin/recvd,0.0,2026,Procedure,CMS
4150F,Pt recvng antivir txmnt hepc,0.0,2026,Procedure,CMS
41510,Tongue to lip surgery,3.42,2026,Procedure,CMS
41512,Tongue suspension,6.69,2026,Procedure,CMS
4151F,Pt not recvng antiv hep c,0.0,2026,Procedure,CMS
41520,Reconstruction tongue fold,2.76,2026,Procedure,CMS
41530,Tongue base vol reduction,3.41,2026,Procedure,CMS
4153F,Combo pegintf/rib rx,0.0,2026,Procedure,CMS
4155F,Hep a vac series prev recvd,0.0,2026,Procedure,CMS
4157F,Hep b vac series prev recvd,0.0,2026,Procedure,CMS
4158F,Pt edu re alcoh drnkng done,0.0,2026,Procedure,CMS
41599,Unlisted px tongue flr mouth,0.0,2026,Procedure,CMS
4159F,Contrcp talk b/4 antiv txmnt,0.0,2026,Procedure,CMS
4163F,Pt couns 4 txmnt opt prost,0.0,2026,Procedure,CMS
4164F,Adjv hrmnl thxpy rxd,0.0,2026,Procedure,CMS
4165F,3d-crt/imrt received,0.0,2026,Procedure,CMS
4167F,Hd bed tilted 1st day vent,0.0,2026,Procedure,CMS
4168F,Pt care icu&vent w/in 24hrs,0.0,2026,Procedure,CMS
4169F,No pt care icu/vent in 24hrs,0.0,2026,Procedure,CMS
4171F,Pt rcvng esa thxpy,0.0,2026,Procedure,CMS
4172F,Pt not rcvng esa thxpy,0.0,2026,Procedure,CMS
4174F,Couns potent glauc impct,0.0,2026,Procedure,CMS
4175F,Vis 20/40/> w/in 90 days,0.0,2026,Procedure,CMS
4176F,Talk re uv light pt/crgvr,0.0,2026,Procedure,CMS
4177F,Talk pt/crgvr re areds prev,0.0,2026,Procedure,CMS
4178F,Antid glbln rcvd w/in 26wks,0.0,2026,Procedure,CMS
4179F,Tamoxifen/ai prescribed,0.0,2026,Procedure,CMS
41800,Drainage of gum lesion,1.24,2026,Procedure,CMS
41805,Removal foreign body gum,1.31,2026,Procedure,CMS
41806,Removal foreign body jawbone,2.72,2026,Procedure,CMS
4180F,Adjv thxpyrxd/rcvd colon ca,0.0,2026,Procedure,CMS
4181F,Conformal radn thxpy rcvd,0.0,2026,Procedure,CMS
41820,Excision gum each quadrant,0.0,2026,Procedure,CMS
41821,Excision of gum flap,0.0,2026,Procedure,CMS
41822,Excision of gum lesion,2.35,2026,Procedure,CMS
41823,Excision of gum lesion,3.68,2026,Procedure,CMS
41825,Excision of gum lesion,1.37,2026,Procedure,CMS
41826,Excision of gum lesion,2.35,2026,Procedure,CMS
41827,Excision of gum lesion,3.73,2026,Procedure,CMS
41828,Excision of gum lesion,3.06,2026,Procedure,CMS
4182F,No conformal radn thxpy,0.0,2026,Procedure,CMS
41830,Removal of gum tissue,3.36,2026,Procedure,CMS
41850,Treatment of gum lesion,0.0,2026,Procedure,CMS
4185F,Continuous ppi or h2ra rcvd,0.0,2026,Procedure,CMS
4186F,No cont ppi or h2ra rcvd,0.0,2026,Procedure,CMS
41870,Periodontal mucosal grafting,0.0,2026,Procedure,CMS
41872,Gingivoplasty each quadrant,2.93,2026,Procedure,CMS
41874,Alveoloplasty each quadrant,3.11,2026,Procedure,CMS
4187F,Anti rheum drugthxpyrxd/gvn,0.0,2026,Procedure,CMS
4188F,Approp ace/arb tstng done,0.0,2026,Procedure,CMS
41899,Unlisted px dentalvlr strux,0.0,2026,Procedure,CMS
4189F,Approp digoxin tstng done,0.0,2026,Procedure,CMS
4190F,Approp diuretic tstng done,0.0,2026,Procedure,CMS
4191F,Approp anticonvuls tstng,0.0,2026,Procedure,CMS
4192F,Pt not rcvng glucoco thxpy,0.0,2026,Procedure,CMS
4193F,Pt rcv <10mg daily predniso,0.0,2026,Procedure,CMS
4194F,Pt rcv >=10mg daily predniso,0.0,2026,Procedure,CMS
4195F,Pt rcvng anti-rheum thxpy ra,0.0,2026,Procedure,CMS
4196F,Ptnot rcvng anti-rhm thxpyra,0.0,2026,Procedure,CMS
42000,Drainage mouth roof lesion,1.25,2026,Procedure,CMS
4200F,External beam to prost only,0.0,2026,Procedure,CMS
4201F,Extrnl beam other than prost,0.0,2026,Procedure,CMS
42100,Biopsy roof of mouth,1.33,2026,Procedure,CMS
42104,Excision lesion mouth roof,1.65,2026,Procedure,CMS
42106,Excision lesion mouth roof,2.1,2026,Procedure,CMS
42107,Excision lesion mouth roof,4.45,2026,Procedure,CMS
4210F,Ace/arb thxpy for mos/>,0.0,2026,Procedure,CMS
42120,Remove palate/lesion,11.56,2026,Procedure,CMS
42140,Excision of uvula,1.66,2026,Procedure,CMS
42145,Repair palate pharynx/uvula,9.54,2026,Procedure,CMS
42160,Treatment mouth roof lesion,1.8,2026,Procedure,CMS
42180,Repair lac palate<2 cm,2.49,2026,Procedure,CMS
42182,Repair palate,3.77,2026,Procedure,CMS
42200,Reconstruct cleft palate,12.22,2026,Procedure,CMS
42205,Reconstruct cleft palate,13.32,2026,Procedure,CMS
4220F,Digoxin thxpy for 6 mos/>,0.0,2026,Procedure,CMS
42210,Reconstruct cleft palate,14.65,2026,Procedure,CMS
42215,Reconstruct cleft palate,8.77,2026,Procedure,CMS
4221F,Diuretic thxpy for 6 mos/>,0.0,2026,Procedure,CMS
42220,Reconstruct cleft palate,6.98,2026,Procedure,CMS
42225,Reconstruct cleft palate,9.53,2026,Procedure,CMS
42226,Lengthening of palate,10.09,2026,Procedure,CMS
42227,Lengthening of palate,9.65,2026,Procedure,CMS
42235,Repair palate,7.81,2026,Procedure,CMS
42260,Repair nose to lip fistula,9.96,2026,Procedure,CMS
42280,Preparation palate mold,1.55,2026,Procedure,CMS
42281,Insertion palate prosthesis,1.93,2026,Procedure,CMS
42299,Unlisted px palate uvula,0.0,2026,Procedure,CMS
42300,Drainage of salivary gland,1.93,2026,Procedure,CMS
42305,Drainage of salivary gland,6.15,2026,Procedure,CMS
4230F,Anticonv thxpy for 6 mos/>,0.0,2026,Procedure,CMS
42310,Drainage of salivary gland,1.57,2026,Procedure,CMS
42320,Drainage of salivary gland,2.34,2026,Procedure,CMS
42330,Removal of salivary stone,2.2,2026,Procedure,CMS
42335,Removal of salivary stone,3.32,2026,Procedure,CMS
42340,Removal of salivary stone,4.6,2026,Procedure,CMS
42400,Biopsy of salivary gland,0.76,2026,Procedure,CMS
42405,Biopsy of salivary gland,3.26,2026,Procedure,CMS
42408,Excision of salivary cyst,4.54,2026,Procedure,CMS
42409,Drainage of salivary cyst,2.84,2026,Procedure,CMS
4240F,Instr xrcz back pain 12 wks,0.0,2026,Procedure,CMS
42410,Excise parotid gland/lesion,9.33,2026,Procedure,CMS
42415,Excise parotid gland/lesion,16.73,2026,Procedure,CMS
42420,Excise parotid gland/lesion,19.04,2026,Procedure,CMS
42425,Excise parotid gland/lesion,13.08,2026,Procedure,CMS
42426,Excise parotid gland/lesion,22.09,2026,Procedure,CMS
4242F,Sprvsd xrcz back pn >12 wks,0.0,2026,Procedure,CMS
42440,Excise submaxillary gland,5.99,2026,Procedure,CMS
42450,Excise sublingual gland,4.62,2026,Procedure,CMS
4245F,Pt instr nrml activities,0.0,2026,Procedure,CMS
4248F,Pt instr no bd rest 4 days/>,0.0,2026,Procedure,CMS
42500,Repair salivary duct,4.31,2026,Procedure,CMS
42505,Repair salivary duct,6.16,2026,Procedure,CMS
42507,Parotid duct diversion,6.09,2026,Procedure,CMS
42509,Parotid duct diversion,11.47,2026,Procedure,CMS
4250F,Wrmng 4 surg normothermia,0.0,2026,Procedure,CMS
42510,Parotid duct diversion,8.14,2026,Procedure,CMS
42550,Injection for salivary x-ray,1.22,2026,Procedure,CMS
4255F,Anesth 60 min/> as docd,0.0,2026,Procedure,CMS
4256F,Anesthe <60 min as docd,0.0,2026,Procedure,CMS
42600,Closure of salivary fistula,4.82,2026,Procedure,CMS
4260F,Wound srfc culturetech used,0.0,2026,Procedure,CMS
4261F,Tech other than surfc cultr,0.0,2026,Procedure,CMS
42650,Dilation of salivary duct,0.75,2026,Procedure,CMS
4265F,Wet-dry dressings rx recmd,0.0,2026,Procedure,CMS
42660,Dilation of salivary duct,1.1,2026,Procedure,CMS
42665,Ligation of salivary duct,2.56,2026,Procedure,CMS
4266F,No wet-dry drssings rx recmd,0.0,2026,Procedure,CMS
4267F,Comprssion thxpy prescribed,0.0,2026,Procedure,CMS
4268F,Pt ed re comp thxpy rcvd,0.0,2026,Procedure,CMS
42699,Unlisted px salivry glnd/dux,0.0,2026,Procedure,CMS
4269F,Appropos mthd offloading rxd,0.0,2026,Procedure,CMS
42700,I&d abscess peritonsillar,1.63,2026,Procedure,CMS
4270F,Pt rcvng anti r-viral thxpy,0.0,2026,Procedure,CMS
4271F,Pt rcvng anti r-viral thxpy,0.0,2026,Procedure,CMS
42720,I&d absc phrngl ntraorl appr,6.15,2026,Procedure,CMS
42725,I&d absc phrngl xtrnl appr,12.1,2026,Procedure,CMS
4274F,Flu immuno admind rcvd,0.0,2026,Procedure,CMS
4276F,Potent antivir thxpy rxd,0.0,2026,Procedure,CMS
4279F,Pcp prophylaxis rxd,0.0,2026,Procedure,CMS
42800,Biopsy of throat,1.4,2026,Procedure,CMS
42804,Biopsy of upper nose/throat,1.26,2026,Procedure,CMS
42806,Biopsy of upper nose/throat,1.59,2026,Procedure,CMS
42808,Excise pharynx lesion,2.29,2026,Procedure,CMS
42809,Remove pharynx foreign body,1.81,2026,Procedure,CMS
4280F,Pcp prophylax rxd 3mon low %,0.0,2026,Procedure,CMS
42810,Excision of neck cyst,3.3,2026,Procedure,CMS
42815,Excision of neck cyst,7.13,2026,Procedure,CMS
42820,Remove tonsils and adenoids,4.11,2026,Procedure,CMS
42821,Remove tonsils and adenoids,4.25,2026,Procedure,CMS
42825,Removal of tonsils,3.42,2026,Procedure,CMS
42826,Removal of tonsils,3.36,2026,Procedure,CMS
42830,Removal of adenoids,2.58,2026,Procedure,CMS
42831,Removal of adenoids,2.74,2026,Procedure,CMS
42835,Removal of adenoids,2.32,2026,Procedure,CMS
42836,Removal of adenoids,3.18,2026,Procedure,CMS
42842,Extensive surgery of throat,11.92,2026,Procedure,CMS
42844,Extensive surgery of throat,17.34,2026,Procedure,CMS
42845,Extensive surgery of throat,31.75,2026,Procedure,CMS
42860,Excision of tonsil tags,2.24,2026,Procedure,CMS
42870,Excision of lingual tonsil,5.38,2026,Procedure,CMS
42890,Limited pharyngectomy,18.65,2026,Procedure,CMS
42892,Revision of pharyngeal walls,25.38,2026,Procedure,CMS
42894,Revision of pharyngeal walls,33.07,2026,Procedure,CMS
42900,Repair throat wound,5.16,2026,Procedure,CMS
4290F,Pt scrned for inj drug use,0.0,2026,Procedure,CMS
4293F,Pt scrnd hgh-risk sex behav,0.0,2026,Procedure,CMS
42950,Reconstruction of throat,8.06,2026,Procedure,CMS
42953,Repair throat esophagus,9.21,2026,Procedure,CMS
42955,Surgical opening of throat,7.81,2026,Procedure,CMS
42960,Control throat bleeding,2.32,2026,Procedure,CMS
42961,Control throat bleeding,5.63,2026,Procedure,CMS
42962,Control throat bleeding,7.22,2026,Procedure,CMS
42970,Control nose/throat bleeding,5.67,2026,Procedure,CMS
42971,Control nose/throat bleeding,6.44,2026,Procedure,CMS
42972,Control nose/throat bleeding,7.4,2026,Procedure,CMS
42975,Dise eval slp do brth flx dx,1.54,2026,Procedure,CMS
42999,Unlisted px phrnx adnd/tnsl,0.0,2026,Procedure,CMS
4300F,Pt rcvng warf thxpy,0.0,2026,Procedure,CMS
4301F,Pt not rcvng warf thxpy,0.0,2026,Procedure,CMS
43020,Incision of esophagus,8.02,2026,Procedure,CMS
43030,Cricopharyngeal myotomy,7.79,2026,Procedure,CMS
43045,Esophagotomy thrc rmvl fb,21.33,2026,Procedure,CMS
4305F,Pt ed re ft care inspct rcvd,0.0,2026,Procedure,CMS
4306F,Pt tlk psych & rx opd addic,0.0,2026,Procedure,CMS
43100,Excision of esophagus lesion,9.42,2026,Procedure,CMS
43101,Excision of esophagus lesion,16.64,2026,Procedure,CMS
43107,Removal of esophagus,50.75,2026,Procedure,CMS
43108,Removal of esophagus,80.8,2026,Procedure,CMS
43112,Esphg tot w/thrcm,60.45,2026,Procedure,CMS
43113,Removal of esophagus,78.06,2026,Procedure,CMS
43116,Partial removal of esophagus,90.67,2026,Procedure,CMS
43117,Partial removal of esophagus,56.06,2026,Procedure,CMS
43118,Partial removal of esophagus,65.39,2026,Procedure,CMS
43121,Partial removal of esophagus,50.14,2026,Procedure,CMS
43122,Partial removal of esophagus,43.08,2026,Procedure,CMS
43123,Partial removal of esophagus,81.04,2026,Procedure,CMS
43124,Removal of esophagus,67.36,2026,Procedure,CMS
43130,Removal of esophagus pouch,12.22,2026,Procedure,CMS
43135,Removal of esophagus pouch,25.52,2026,Procedure,CMS
43180,Esophagoscopy rigid trnso,8.8,2026,Procedure,CMS
43191,Esophagoscopy rigid trnso dx,2.43,2026,Procedure,CMS
43192,Esophagoscp rig trnso inject,2.72,2026,Procedure,CMS
43193,Esophagoscp rig trnso biopsy,2.72,2026,Procedure,CMS
43194,Esophagoscp rig trnso rem fb,3.42,2026,Procedure,CMS
43195,Esophagoscopy rigid balloon,2.99,2026,Procedure,CMS
43196,Esophagoscp guide wire dilat,3.23,2026,Procedure,CMS
43197,Esophagoscopy flex dx brush,1.48,2026,Procedure,CMS
43198,Esophagosc flex trnsn biopsy,1.77,2026,Procedure,CMS
43200,Esophagoscopy flexible brush,1.38,2026,Procedure,CMS
43201,Esoph scope w/submucous inj,1.68,2026,Procedure,CMS
43202,Esophagoscopy flex biopsy,1.68,2026,Procedure,CMS
43204,Esoph scope w/sclerosis inj,2.27,2026,Procedure,CMS
43205,Esophagus endoscopy/ligation,2.38,2026,Procedure,CMS
43206,Esoph optical endomicroscopy,2.23,2026,Procedure,CMS
4320F,Pt talk psychsoc&rx oh dpnd,0.0,2026,Procedure,CMS
43210,Egd esophagogastrc fndoplsty,7.56,2026,Procedure,CMS
43211,Esophagoscop mucosal resect,4.1,2026,Procedure,CMS
43212,Esophagoscop stent placement,3.32,2026,Procedure,CMS
43213,Esophagoscopy retro balloon,4.51,2026,Procedure,CMS
43214,Esophagosc dilate balloon 30,3.32,2026,Procedure,CMS
43215,Esophagoscopy flex remove fb,2.38,2026,Procedure,CMS
43216,Esophagoscopy lesion removal,2.24,2026,Procedure,CMS
43217,Esophagoscopy snare les remv,2.73,2026,Procedure,CMS
43220,Esophagoscopy balloon <30mm,1.95,2026,Procedure,CMS
43226,Esoph endoscopy dilation,2.18,2026,Procedure,CMS
43227,Esophagoscopy control bleed,2.82,2026,Procedure,CMS
43229,Esophagoscopy lesion ablate,3.4,2026,Procedure,CMS
4322F,Crgvr prov w/ ed addl rsrcs,0.0,2026,Procedure,CMS
43231,Esophagoscop ultrasound exam,2.73,2026,Procedure,CMS
43232,Esophagoscopy w/us needle bx,3.5,2026,Procedure,CMS
43233,Egd balloon dil esoph30 mm/>,3.97,2026,Procedure,CMS
43235,Egd diagnostic brush wash,2.04,2026,Procedure,CMS
43236,Uppr gi scope w/submuc inj,2.33,2026,Procedure,CMS
43237,Endoscopic us exam esoph,3.38,2026,Procedure,CMS
43238,Egd us fine needle bx/aspir,4.06,2026,Procedure,CMS
43239,Egd biopsy single/multiple,2.33,2026,Procedure,CMS
43240,Egd w/transmural drain cyst,6.97,2026,Procedure,CMS
43241,Egd tube/cath insertion,2.43,2026,Procedure,CMS
43242,Egd us fine needle bx/aspir,4.61,2026,Procedure,CMS
43243,Egd injection varices,4.16,2026,Procedure,CMS
43244,Egd varices ligation,4.29,2026,Procedure,CMS
43245,Egd dilate stricture,3.0,2026,Procedure,CMS
43246,Egd place gastrostomy tube,3.47,2026,Procedure,CMS
43247,Egd remove foreign body,3.03,2026,Procedure,CMS
43248,Egd guide wire insertion,2.84,2026,Procedure,CMS
43249,Esoph egd dilation <30 mm,2.6,2026,Procedure,CMS
4324F,Pt queried prkns complic,0.0,2026,Procedure,CMS
43250,Egd cautery tumor polyp,2.9,2026,Procedure,CMS
43251,Egd remove lesion snare,3.38,2026,Procedure,CMS
43252,Egd optical endomicroscopy,2.89,2026,Procedure,CMS
43253,Egd us transmural injxn/mark,4.61,2026,Procedure,CMS
43254,Egd endo mucosal resection,4.75,2026,Procedure,CMS
43255,Egd control bleeding any,3.47,2026,Procedure,CMS
43257,Egd w/thrml txmnt gerd,4.05,2026,Procedure,CMS
43259,Egd us exam duodenum/jejunum,3.94,2026,Procedure,CMS
4325F,Med txmnt options rvwd w/pt,0.0,2026,Procedure,CMS
43260,Ercp w/specimen collection,5.7,2026,Procedure,CMS
43261,Endo cholangiopancreatograph,6.0,2026,Procedure,CMS
43262,Endo cholangiopancreatograph,6.34,2026,Procedure,CMS
43263,Ercp sphincter pressure meas,6.34,2026,Procedure,CMS
43264,Ercp remove duct calculi,6.46,2026,Procedure,CMS
43265,Ercp lithotripsy calculi,7.73,2026,Procedure,CMS
43266,Egd endoscopic stent place,3.82,2026,Procedure,CMS
4326F,Pt asked re symp auto dysfxn,0.0,2026,Procedure,CMS
43270,Egd lesion ablation,3.91,2026,Procedure,CMS
43273,Endoscopic pancreatoscopy,2.18,2026,Procedure,CMS
43274,Ercp duct stent placement,8.27,2026,Procedure,CMS
43275,Ercp remove forgn body duct,6.69,2026,Procedure,CMS
43276,Ercp stent exchange w/dilate,8.62,2026,Procedure,CMS
43277,Ercp ea duct/ampulla dilate,6.73,2026,Procedure,CMS
43278,Ercp lesion ablate w/dilate,7.72,2026,Procedure,CMS
43279,Lap myotomy heller,21.55,2026,Procedure,CMS
43280,Laparoscopy fundoplasty,17.65,2026,Procedure,CMS
43281,Lap paraesophag hern repair,25.94,2026,Procedure,CMS
43282,Lap paraesoph her rpr w/mesh,29.35,2026,Procedure,CMS
43283,Lap esoph lengthening,2.88,2026,Procedure,CMS
43284,Laps esophgl sphnctr agmntj,9.88,2026,Procedure,CMS
43285,Rmvl esophgl sphnctr dev,10.21,2026,Procedure,CMS
43286,Esphg tot w/laps moblj,53.63,2026,Procedure,CMS
43287,Esphg dstl 2/3 w/laps moblj,61.43,2026,Procedure,CMS
43288,Esphg thrsc moblj,64.76,2026,Procedure,CMS
43289,Unlisted laps px esoph,0.0,2026,Procedure,CMS
4328F,Pt asked re sleep disturb,0.0,2026,Procedure,CMS
43290,Egd flx trnsorl dplmnt balo,3.03,2026,Procedure,CMS
43291,Egd flx trnsorl rmvl balo,2.73,2026,Procedure,CMS
43300,Repair of esophagus,9.1,2026,Procedure,CMS
43305,Repair esophagus and fistula,17.65,2026,Procedure,CMS
4330F,Cnslng epi spec sfty issues,0.0,2026,Procedure,CMS
43310,Repair of esophagus,25.6,2026,Procedure,CMS
43312,Repair esophagus and fistula,28.52,2026,Procedure,CMS
43313,Esophagoplasty congenital,47.24,2026,Procedure,CMS
43314,Tracheo-esophagoplasty cong,52.09,2026,Procedure,CMS
43320,Fuse esophagus & stomach,22.73,2026,Procedure,CMS
43325,Revise esophagus & stomach,22.04,2026,Procedure,CMS
43327,Esoph fundoplasty lap,13.02,2026,Procedure,CMS
43328,Esoph fundoplasty thor,19.41,2026,Procedure,CMS
43330,Esophagomyotomy abdominal,21.64,2026,Procedure,CMS
43331,Esophagomyotomy thoracic,22.48,2026,Procedure,CMS
43332,Transab esoph hiat hern rpr,19.13,2026,Procedure,CMS
43333,Transab esoph hiat hern rpr,20.92,2026,Procedure,CMS
43334,Transthor diaphrag hern rpr,21.57,2026,Procedure,CMS
43335,Transthor diaphrag hern rpr,23.37,2026,Procedure,CMS
43336,Thorabd diaphr hern repair,25.16,2026,Procedure,CMS
43337,Thorabd diaphr hern repair,26.96,2026,Procedure,CMS
43338,Esoph lengthening,2.15,2026,Procedure,CMS
43340,Fuse esophagus & intestine,22.42,2026,Procedure,CMS
43341,Fuse esophagus & intestine,23.62,2026,Procedure,CMS
43351,Surgical opening esophagus,21.5,2026,Procedure,CMS
43352,Surgical opening esophagus,17.36,2026,Procedure,CMS
43360,Gastrointestinal repair,39.11,2026,Procedure,CMS
43361,Gastrointestinal repair,44.54,2026,Procedure,CMS
43400,Ligate esophagus veins,24.96,2026,Procedure,CMS
43405,Ligate/staple esophagus,24.11,2026,Procedure,CMS
4340F,Cnslng chldbrng women epi,0.0,2026,Procedure,CMS
43410,Repair esophagus wound,16.0,2026,Procedure,CMS
43415,Repair esophagus wound,43.76,2026,Procedure,CMS
43420,Repair esophagus opening,16.36,2026,Procedure,CMS
43425,Repair esophagus opening,24.41,2026,Procedure,CMS
43450,Dilate esophagus 1/mult pass,1.25,2026,Procedure,CMS
43453,Dilate esophagus,1.37,2026,Procedure,CMS
43460,Pressure treatment esophagus,3.7,2026,Procedure,CMS
43496,Free jejunum flap microvasc,0.0,2026,Procedure,CMS
43497,Transorl lwr esophgl myotomy,12.96,2026,Procedure,CMS
43499,Unlisted procedure esophagus,0.0,2026,Procedure,CMS
43500,Surgical opening of stomach,12.47,2026,Procedure,CMS
43501,Surgical repair of stomach,22.04,2026,Procedure,CMS
43502,Surgical repair of stomach,25.05,2026,Procedure,CMS
4350F,Cnslng provided symp mngmnt,0.0,2026,Procedure,CMS
43510,Surgical opening of stomach,14.76,2026,Procedure,CMS
43520,Incision of pyloric muscle,11.01,2026,Procedure,CMS
43605,Biopsy of stomach,13.38,2026,Procedure,CMS
43610,Excision of stomach lesion,15.93,2026,Procedure,CMS
43611,Excision of stomach lesion,19.87,2026,Procedure,CMS
43620,Removal of stomach,33.19,2026,Procedure,CMS
43621,Removal of stomach,38.54,2026,Procedure,CMS
43622,Removal of stomach,39.03,2026,Procedure,CMS
43631,Removal of stomach partial,23.9,2026,Procedure,CMS
43632,Removal of stomach partial,34.26,2026,Procedure,CMS
43633,Removal of stomach partial,32.31,2026,Procedure,CMS
43634,Removal of stomach partial,35.72,2026,Procedure,CMS
43635,Removal of stomach partial,2.01,2026,Procedure,CMS
43640,Vagotomy & pylorus repair,19.07,2026,Procedure,CMS
43641,Vagotomy & pylorus repair,19.31,2026,Procedure,CMS
43644,Lap gastric bypass/roux-en-y,28.67,2026,Procedure,CMS
43645,Lap gastr bypass incl smll i,30.74,2026,Procedure,CMS
43647,Lap impl electrode antrum,0.0,2026,Procedure,CMS
43648,Lap revise/remv eltrd antrum,0.0,2026,Procedure,CMS
43651,Laparoscopy vagus nerve,9.88,2026,Procedure,CMS
43652,Laparoscopy vagus nerve,11.83,2026,Procedure,CMS
43653,Laparoscopy gastrostomy,8.27,2026,Procedure,CMS
43659,Unlisted laps px stomach,0.0,2026,Procedure,CMS
43752,Nasal/orogastric w/tube plmt,0.79,2026,Procedure,CMS
43753,Tx gastro intub w/asp,0.44,2026,Procedure,CMS
43754,Dx gastr intub w/asp spec,0.44,2026,Procedure,CMS
43755,Dx gastr intub w/asp specs,0.92,2026,Procedure,CMS
43756,Dx duod intub w/asp spec,0.75,2026,Procedure,CMS
43757,Dx duod intub w/asp specs,1.23,2026,Procedure,CMS
43761,Reposition gastrostomy tube,1.96,2026,Procedure,CMS
43762,Rplc gtube no revj trc,0.73,2026,Procedure,CMS
43763,Rplc gtube revj gstrst trc,1.37,2026,Procedure,CMS
43770,Lap place gastr adj device,17.55,2026,Procedure,CMS
43771,Lap revise gastr adj device,20.27,2026,Procedure,CMS
43772,Lap rmvl gastr adj device,15.31,2026,Procedure,CMS
43773,Lap replace gastr adj device,20.27,2026,Procedure,CMS
43774,Lap rmvl gastr adj all parts,15.37,2026,Procedure,CMS
43775,Lap sleeve gastrectomy,19.87,2026,Procedure,CMS
43800,Pyloroplasty,15.04,2026,Procedure,CMS
43810,Gastroduodenostomy,16.46,2026,Procedure,CMS
43820,Gastrojejunostomy wo vagotmy,21.97,2026,Procedure,CMS
43825,Gastrojejunostomy w/vagotomy,21.22,2026,Procedure,CMS
43830,Gstrst open wo constj tube,10.58,2026,Procedure,CMS
43831,Gastrostomy open neonatal,8.28,2026,Procedure,CMS
43832,Gstrst open w/constj tube,16.91,2026,Procedure,CMS
43840,Gstrrphy sutr duol/gstr ulcr,22.26,2026,Procedure,CMS
43842,Gstr rstcv px v-banded gstp,20.5,2026,Procedure,CMS
43843,Gstr rstcv oth/thn v-band,20.68,2026,Procedure,CMS
43845,Gastroplasty duodenal switch,32.47,2026,Procedure,CMS
43846,Gstr rstcv px shrt roux-en-y,26.72,2026,Procedure,CMS
43847,Gstr rstcv px sm int rcnstj,29.52,2026,Procedure,CMS
43848,Revj open gstr rstcv px,31.93,2026,Procedure,CMS
43860,Revj gstr/jj anast w/o vgtmy,27.19,2026,Procedure,CMS
43865,Revj gstr/jj anast w/vgtmy,28.32,2026,Procedure,CMS
43870,Closure gastrostomy surgical,11.15,2026,Procedure,CMS
43880,Closure gastrocolic fistula,26.5,2026,Procedure,CMS
43881,Impl/rplcmt gstr nstim eltrd,0.0,2026,Procedure,CMS
43882,Rev/rmvl gstr nstim eltrd,0.0,2026,Procedure,CMS
43886,Gstr rstcv px opn revj port,4.52,2026,Procedure,CMS
43887,Gstr rstcv px opn rmvl port,4.21,2026,Procedure,CMS
43888,Gstr rstcv px opn rmvl&rplc,6.28,2026,Procedure,CMS
43889,Gstr rstcv px trnsorl esg,12.56,2026,Procedure,CMS
43999,Unlisted procedure stomach,0.0,2026,Procedure,CMS
44005,Freeing of bowel adhesion,18.0,2026,Procedure,CMS
4400F,Rehab thxpy options w/pt,0.0,2026,Procedure,CMS
44010,Incision of small bowel,13.9,2026,Procedure,CMS
44015,Insert needle cath bowel,2.55,2026,Procedure,CMS
44020,Explore small intestine,15.81,2026,Procedure,CMS
44021,Decompress small bowel,15.9,2026,Procedure,CMS
44025,Incision of large bowel,16.1,2026,Procedure,CMS
44050,Reduce bowel obstruction,15.13,2026,Procedure,CMS
44055,Correct malrotation of bowel,24.99,2026,Procedure,CMS
44100,Biopsy of bowel,1.96,2026,Procedure,CMS
44110,Excise intestine lesion(s),13.69,2026,Procedure,CMS
44111,Excision of bowel lesion(s),16.11,2026,Procedure,CMS
44120,Removal of small intestine,20.3,2026,Procedure,CMS
44121,Removal of small intestine,4.33,2026,Procedure,CMS
44125,Removal of small intestine,19.53,2026,Procedure,CMS
44126,Enterectomy w/o taper cong,41.17,2026,Procedure,CMS
44127,Enterectomy w/taper cong,48.07,2026,Procedure,CMS
44128,Enterectomy cong add-on,4.33,2026,Procedure,CMS
44130,Bowel to bowel fusion,21.56,2026,Procedure,CMS
44132,Enterectomy cadaver donor,0.0,2026,Procedure,CMS
44133,Enterectomy live donor,0.0,2026,Procedure,CMS
44135,Intestine transplnt cadaver,0.0,2026,Procedure,CMS
44136,Intestine transplant live,0.0,2026,Procedure,CMS
44137,Remove intestinal allograft,0.0,2026,Procedure,CMS
44139,Mobilization of colon,2.17,2026,Procedure,CMS
44140,Partial removal of colon,22.03,2026,Procedure,CMS
44141,Partial removal of colon,29.16,2026,Procedure,CMS
44143,Partial removal of colon,27.1,2026,Procedure,CMS
44144,Partial removal of colon,29.16,2026,Procedure,CMS
44145,Partial removal of colon,27.87,2026,Procedure,CMS
44146,Partial removal of colon,34.42,2026,Procedure,CMS
44147,Partial removal of colon,32.85,2026,Procedure,CMS
44150,Removal of colon,29.43,2026,Procedure,CMS
44151,Removal of colon/ileostomy,34.05,2026,Procedure,CMS
44155,Removal of colon/ileostomy,33.56,2026,Procedure,CMS
44156,Removal of colon/ileostomy,36.48,2026,Procedure,CMS
44157,Colectomy w/ileoanal anast,34.81,2026,Procedure,CMS
44158,Colectomy w/neo-rectum pouch,35.78,2026,Procedure,CMS
44160,Removal of colon,20.37,2026,Procedure,CMS
44180,Lap enterolysis,14.89,2026,Procedure,CMS
44186,Lap jejunostomy,10.12,2026,Procedure,CMS
44187,Lap ileo/jejuno-stomy,16.97,2026,Procedure,CMS
44188,Lap colostomy,18.87,2026,Procedure,CMS
44202,Lap enterectomy,22.81,2026,Procedure,CMS
44203,Lap resect s/intestine addl,4.33,2026,Procedure,CMS
44204,Laparo partial colectomy,25.76,2026,Procedure,CMS
44205,Lap colectomy part w/ileum,22.38,2026,Procedure,CMS
44206,Lap part colectomy w/stoma,29.05,2026,Procedure,CMS
44207,L colectomy/coloproctostomy,31.12,2026,Procedure,CMS
44208,L colectomy/coloproctostomy,33.14,2026,Procedure,CMS
44210,Laparo total proctocolectomy,29.34,2026,Procedure,CMS
44211,Lap colectomy w/proctectomy,36.15,2026,Procedure,CMS
44212,Laparo total proctocolectomy,33.72,2026,Procedure,CMS
44213,Lap mobil splenic fl add-on,3.41,2026,Procedure,CMS
44227,Lap close enterostomy,27.9,2026,Procedure,CMS
44238,Unlisted laps px intestine,0.0,2026,Procedure,CMS
44300,Open bowel to skin,13.41,2026,Procedure,CMS
44310,Ileostomy/jejunostomy,17.15,2026,Procedure,CMS
44312,Revision of ileostomy,9.19,2026,Procedure,CMS
44314,Revision of ileostomy,16.32,2026,Procedure,CMS
44316,Devise bowel pouch,23.0,2026,Procedure,CMS
44320,Colostomy,19.41,2026,Procedure,CMS
44322,Colostomy with biopsies,12.99,2026,Procedure,CMS
44340,Revision of colostomy,9.05,2026,Procedure,CMS
44345,Revision of colostomy,16.79,2026,Procedure,CMS
44346,Revision of colostomy,19.14,2026,Procedure,CMS
44360,Small bowel endoscopy,2.43,2026,Procedure,CMS
44361,Small bowel endoscopy/biopsy,2.7,2026,Procedure,CMS
44363,Small bowel endoscopy,3.31,2026,Procedure,CMS
44364,Small bowel endoscopy,3.54,2026,Procedure,CMS
44365,Small bowel endoscopy,3.13,2026,Procedure,CMS
44366,Small bowel endoscopy,4.19,2026,Procedure,CMS
44369,Small bowel endoscopy,4.3,2026,Procedure,CMS
44370,Small bowel endoscopy/stent,4.57,2026,Procedure,CMS
44372,Small bowel endoscopy,4.19,2026,Procedure,CMS
44373,Small bowel endoscopy,3.31,2026,Procedure,CMS
44376,Small bowel endoscopy,5.02,2026,Procedure,CMS
44377,Small bowel endoscopy/biopsy,5.28,2026,Procedure,CMS
44378,Small bowel endoscopy,6.84,2026,Procedure,CMS
44379,S bowel endoscope w/stent,7.18,2026,Procedure,CMS
44380,Small bowel endoscopy br/wa,0.85,2026,Procedure,CMS
44381,Small bowel endoscopy br/wa,1.35,2026,Procedure,CMS
44382,Small bowel endoscopy,1.14,2026,Procedure,CMS
44384,Small bowel endoscopy,2.78,2026,Procedure,CMS
44385,Endoscopy of bowel pouch,1.17,2026,Procedure,CMS
44386,Endoscopy bowel pouch/biop,1.46,2026,Procedure,CMS
44388,Colonoscopy thru stoma spx,2.65,2026,Procedure,CMS
44389,Colonoscopy with biopsy,2.94,2026,Procedure,CMS
44390,Colonoscopy for foreign body,3.65,2026,Procedure,CMS
44391,Colonoscopy for bleeding,4.02,2026,Procedure,CMS
44392,Colonoscopy & polypectomy,3.44,2026,Procedure,CMS
44394,Colonoscopy w/snare,3.93,2026,Procedure,CMS
44401,Colonoscopy with ablation,4.23,2026,Procedure,CMS
44402,Colonoscopy w/stent plcmt,4.58,2026,Procedure,CMS
44403,Colonoscopy w/resection,5.36,2026,Procedure,CMS
44404,Colonoscopy w/injection,2.94,2026,Procedure,CMS
44405,Colonoscopy w/dilation,3.15,2026,Procedure,CMS
44406,Colonoscopy w/ultrasound,4.0,2026,Procedure,CMS
44407,Colonoscopy w/ndl aspir/bx,4.84,2026,Procedure,CMS
44408,Colonoscopy w/decompression,4.04,2026,Procedure,CMS
44500,Intro gastrointestinal tube,0.38,2026,Procedure,CMS
4450F,Self-care ed provided to pt,0.0,2026,Procedure,CMS
44602,Suture small intestine,24.1,2026,Procedure,CMS
44603,Suture small intestine,27.46,2026,Procedure,CMS
44604,Suture large intestine,17.71,2026,Procedure,CMS
44605,Repair of bowel lesion,21.53,2026,Procedure,CMS
44615,Intestinal stricturoplasty,17.71,2026,Procedure,CMS
44620,Repair bowel opening,14.07,2026,Procedure,CMS
44625,Repair bowel opening,16.85,2026,Procedure,CMS
44626,Repair bowel opening,27.2,2026,Procedure,CMS
44640,Repair bowel-skin fistula,23.6,2026,Procedure,CMS
44650,Repair bowel fistula,24.49,2026,Procedure,CMS
44660,Repair bowel-bladder fistula,23.31,2026,Procedure,CMS
44661,Repair bowel-bladder fistula,26.67,2026,Procedure,CMS
44680,Surgical revision intestine,17.51,2026,Procedure,CMS
44700,Suspend bowel w/prosthesis,17.04,2026,Procedure,CMS
44701,Intraop colon lavage add-on,3.02,2026,Procedure,CMS
44705,Prepare fecal microbiota,1.38,2026,Procedure,CMS
4470F,Icd counseling provided,0.0,2026,Procedure,CMS
44715,Prepare donor intestine,0.0,2026,Procedure,CMS
44720,Prep donor intestine/venous,4.88,2026,Procedure,CMS
44721,Prep donor intestine/artery,6.83,2026,Procedure,CMS
44799,Unlisted px small intestine,0.0,2026,Procedure,CMS
44800,Excision of bowel pouch,11.75,2026,Procedure,CMS
4480F,Pt rcvng ace/arb b-blockertx,0.0,2026,Procedure,CMS
4481F,Pt rcvng ace/arb blker <3mos,0.0,2026,Procedure,CMS
44820,Excision of mesentery lesion,13.39,2026,Procedure,CMS
44850,Repair of mesentery,11.81,2026,Procedure,CMS
44899,Unlisted px meckel's dvrtclm,0.0,2026,Procedure,CMS
44900,I&d appendix abscess open,12.26,2026,Procedure,CMS
44950,Appendectomy,10.34,2026,Procedure,CMS
44955,Appendectomy add-on,1.49,2026,Procedure,CMS
44960,Appendectomy,14.14,2026,Procedure,CMS
44970,Laparoscopy appendectomy,9.21,2026,Procedure,CMS
44979,Unlisted laps px appendix,0.0,2026,Procedure,CMS
45000,Drainage of pelvic abscess,6.14,2026,Procedure,CMS
45005,Drainage of rectal abscess,1.97,2026,Procedure,CMS
4500F,Ref to outpt card rehab prog,0.0,2026,Procedure,CMS
45020,Drainage of rectal abscess,8.35,2026,Procedure,CMS
45100,Biopsy of rectum,3.94,2026,Procedure,CMS
45108,Anorectal myomectomy,4.99,2026,Procedure,CMS
4510F,Prev cardrehab qualcardevent,0.0,2026,Procedure,CMS
45110,Removal of rectum,29.99,2026,Procedure,CMS
45111,Partial removal of rectum,17.56,2026,Procedure,CMS
45112,Removal of rectum,32.35,2026,Procedure,CMS
45113,Partial proctectomy,32.39,2026,Procedure,CMS
45114,Partial removal of rectum,30.02,2026,Procedure,CMS
45116,Partial removal of rectum,27.03,2026,Procedure,CMS
45119,Remove rectum w/reservoir,32.64,2026,Procedure,CMS
45120,Removal of rectum,25.74,2026,Procedure,CMS
45121,Removal of rectum and colon,28.35,2026,Procedure,CMS
45123,Partial proctectomy,18.39,2026,Procedure,CMS
45126,Pelvic exenteration,47.87,2026,Procedure,CMS
45130,Excision of rectal prolapse,18.04,2026,Procedure,CMS
45135,Excision of rectal prolapse,21.8,2026,Procedure,CMS
45136,Excise ileoanal reservior,30.05,2026,Procedure,CMS
45150,Excision of rectal stricture,5.7,2026,Procedure,CMS
45160,Excision of rectal lesion,15.92,2026,Procedure,CMS
45171,Exc rect tum transanal part,7.93,2026,Procedure,CMS
45172,Exc rect tum transanal full,11.83,2026,Procedure,CMS
45190,Destruction rectal tumor,10.16,2026,Procedure,CMS
4525F,Neuropsychia interven order,0.0,2026,Procedure,CMS
4526F,Neuropsychia interven rcvd,0.0,2026,Procedure,CMS
45300,Proctosigmoidoscopy dx,0.78,2026,Procedure,CMS
45303,Proctosigmoidoscopy dilate,1.37,2026,Procedure,CMS
45305,Proctosigmoidoscopy w/bx,1.12,2026,Procedure,CMS
45307,Proctosigmoidoscopy fb,1.56,2026,Procedure,CMS
45308,Proctosigmoidoscopy removal,1.27,2026,Procedure,CMS
45309,Proctosigmoidoscopy removal,1.37,2026,Procedure,CMS
45315,Proctosigmoidoscopy removal,1.66,2026,Procedure,CMS
45317,Proctosigmoidoscopy bleed,1.85,2026,Procedure,CMS
45320,Proctosigmoidoscopy ablate,1.64,2026,Procedure,CMS
45321,Proctosigmoidoscopy volvul,1.61,2026,Procedure,CMS
45327,Proctosigmoidoscopy w/stent,1.85,2026,Procedure,CMS
45330,Diagnostic sigmoidoscopy,0.82,2026,Procedure,CMS
45331,Sigmoidoscopy and biopsy,1.11,2026,Procedure,CMS
45332,Sigmoidoscopy w/fb removal,1.72,2026,Procedure,CMS
45333,Sigmoidoscopy & polypectomy,1.51,2026,Procedure,CMS
45334,Sigmoidoscopy for bleeding,1.95,2026,Procedure,CMS
45335,Sigmoidoscopy w/submuc inj,1.01,2026,Procedure,CMS
45337,Sigmoidoscopy & decompress,2.05,2026,Procedure,CMS
45338,Sigmoidoscopy w/tumr remove,2.0,2026,Procedure,CMS
45340,Sig w/tndsc balloon dilation,1.22,2026,Procedure,CMS
45341,Sigmoidoscopy w/ultrasound,2.07,2026,Procedure,CMS
45342,Sigmoidoscopy w/us guide bx,2.91,2026,Procedure,CMS
45346,Sigmoidoscopy w/ablation,2.74,2026,Procedure,CMS
45347,Sigmoidoscopy w/plcmt stent,2.65,2026,Procedure,CMS
45349,Sigmoidoscopy w/resection,3.43,2026,Procedure,CMS
45350,Sgmdsc w/band ligation,1.64,2026,Procedure,CMS
45378,Diagnostic colonoscopy,3.18,2026,Procedure,CMS
45379,Colonoscopy w/fb removal,4.17,2026,Procedure,CMS
45380,Colonoscopy and biopsy,3.47,2026,Procedure,CMS
45381,Colonoscopy submucous njx,3.47,2026,Procedure,CMS
45382,Colonoscopy w/control bleed,4.54,2026,Procedure,CMS
45384,Colonoscopy w/lesion removal,3.97,2026,Procedure,CMS
45385,Colonoscopy w/lesion removal,4.46,2026,Procedure,CMS
45386,Colonoscopy w/balloon dilat,3.68,2026,Procedure,CMS
45388,Colonoscopy w/ablation,4.76,2026,Procedure,CMS
45389,Colonoscopy w/stent plcmt,5.11,2026,Procedure,CMS
45390,Colonoscopy w/resection,5.89,2026,Procedure,CMS
45391,Colonoscopy w/endoscope us,4.52,2026,Procedure,CMS
45392,Colonoscopy w/endoscopic fnb,5.36,2026,Procedure,CMS
45393,Colonoscopy w/decompression,4.56,2026,Procedure,CMS
45395,Lap removal of rectum,32.18,2026,Procedure,CMS
45397,Lap remove rectum w/pouch,35.59,2026,Procedure,CMS
45398,Colonoscopy w/band ligation,4.1,2026,Procedure,CMS
45399,Unlisted procedure colon,0.0,2026,Procedure,CMS
45400,Laparoscopic proc,18.95,2026,Procedure,CMS
45402,Lap proctopexy w/sig resect,25.85,2026,Procedure,CMS
4540F,Disease modif pharmacothxpy,0.0,2026,Procedure,CMS
4541F,Pt offered tx for pseudobulb,0.0,2026,Procedure,CMS
45499,Laparoscope proc rectum,0.0,2026,Procedure,CMS
45500,Repair of rectum,7.54,2026,Procedure,CMS
45505,Repair of rectum,8.15,2026,Procedure,CMS
4550F,Noninvas resp support talk,0.0,2026,Procedure,CMS
4551F,Nutritional support offered,0.0,2026,Procedure,CMS
45520,Treatment of rectal prolapse,0.54,2026,Procedure,CMS
4552F,Pt ref for speech lang path,0.0,2026,Procedure,CMS
4553F,Pt asst re end life issues,0.0,2026,Procedure,CMS
45540,Correct rectal prolapse,17.67,2026,Procedure,CMS
45541,Correct rectal prolapse,14.48,2026,Procedure,CMS
4554F,Pt recvd inhal anesthetic,0.0,2026,Procedure,CMS
45550,Repair rectum/remove sigmoid,24.18,2026,Procedure,CMS
4555F,Pt recvd no inhal anesthic,0.0,2026,Procedure,CMS
45560,Repair of rectocele,11.21,2026,Procedure,CMS
45562,Exploration/repair of rectum,17.53,2026,Procedure,CMS
45563,Exploration/repair of rectum,25.72,2026,Procedure,CMS
4556F,Pt w/3+ post-op nausea&vom,0.0,2026,Procedure,CMS
4557F,Pt w/o 3+ post-opnausea&vom,0.0,2026,Procedure,CMS
4558F,Pt recvd 2 rx anti-emet agt,0.0,2026,Procedure,CMS
4559F,1 bodytemp >=35.5cw/in 30min,0.0,2026,Procedure,CMS
4560F,Anesth w/o gen/neurax anesth,0.0,2026,Procedure,CMS
4561F,Pt w/ coronary artery stent,0.0,2026,Procedure,CMS
4562F,Pt w/o coronary artery stent,0.0,2026,Procedure,CMS
4563F,Pt recvd aspirin w/in 24 hrs,0.0,2026,Procedure,CMS
45800,Repair rect/bladder fistula,19.8,2026,Procedure,CMS
45805,Repair fistula w/colostomy,22.74,2026,Procedure,CMS
45820,Repair rectourethral fistula,19.86,2026,Procedure,CMS
45825,Repair fistula w/colostomy,23.57,2026,Procedure,CMS
45900,Reduction of rectal prolapse,2.92,2026,Procedure,CMS
45905,Dilation of anal sphincter,2.29,2026,Procedure,CMS
45910,Dilation of rectal narrowing,2.78,2026,Procedure,CMS
45915,Remove rectal obstruction,3.11,2026,Procedure,CMS
45990,Surg dx exam anorectal,1.76,2026,Procedure,CMS
45999,Unlisted procedure rectum,0.0,2026,Procedure,CMS
46020,Placement of seton,1.81,2026,Procedure,CMS
46030,Removal anal seton oth mrk,1.44,2026,Procedure,CMS
46040,I&d ischiorct&/perirct absc,5.24,2026,Procedure,CMS
46045,I&d absc tranal under anes,5.72,2026,Procedure,CMS
46050,I&d perianal abscess supfc,1.21,2026,Procedure,CMS
46060,I&d ischiorectal/ntrmrl absc,6.21,2026,Procedure,CMS
46070,Incision anal septum infant,2.72,2026,Procedure,CMS
46080,Sphnctrotmy anal div sphnctr,2.46,2026,Procedure,CMS
46083,Inc thrombosed hroid xtrnl,1.41,2026,Procedure,CMS
46200,Removal of anal fissure,3.5,2026,Procedure,CMS
46220,Excise anal ext tag/papilla,1.57,2026,Procedure,CMS
46221,Ligation of hemorrhoid(s),2.3,2026,Procedure,CMS
46230,Removal of anal tags,2.55,2026,Procedure,CMS
46250,Remove ext hem groups 2+,4.14,2026,Procedure,CMS
46255,Remove int/ext hem 1 group,4.84,2026,Procedure,CMS
46257,Remove in/ex hem grp & fiss,5.62,2026,Procedure,CMS
46258,Remove in/ex hem grp w/fistu,6.25,2026,Procedure,CMS
46260,Remove in/ex hem groups 2+,6.56,2026,Procedure,CMS
46261,Remove in/ex hem grps & fiss,7.57,2026,Procedure,CMS
46262,Remove in/ex hem grps w/fist,7.71,2026,Procedure,CMS
46270,Remove anal fist subq,4.8,2026,Procedure,CMS
46275,Remove anal fist inter,5.28,2026,Procedure,CMS
46280,Remove anal fist complex,6.23,2026,Procedure,CMS
46285,Remove anal fist 2 stage,5.28,2026,Procedure,CMS
46288,Repair anal fistula,7.61,2026,Procedure,CMS
46320,Removal of hemorrhoid clot,1.6,2026,Procedure,CMS
46500,Injection into hemorrhoid(s),1.7,2026,Procedure,CMS
46505,Chemodenervation anal musc,3.1,2026,Procedure,CMS
46600,Diagnostic anoscopy spx,0.54,2026,Procedure,CMS
46601,Diagnostic anoscopy,1.56,2026,Procedure,CMS
46604,Anoscopy and dilation,1.0,2026,Procedure,CMS
46606,Anoscopy and biopsy,1.17,2026,Procedure,CMS
46607,Diagnostic anoscopy & biopsy,2.15,2026,Procedure,CMS
46608,Anoscopy remove for body,1.27,2026,Procedure,CMS
46610,Anoscopy remove lesion,1.25,2026,Procedure,CMS
46611,Anoscopy,1.27,2026,Procedure,CMS
46612,Anoscopy remove lesions,1.46,2026,Procedure,CMS
46614,Anoscopy control bleeding,0.98,2026,Procedure,CMS
46615,Anoscopy,1.46,2026,Procedure,CMS
46700,Repair of anal stricture,9.56,2026,Procedure,CMS
46705,Repair of anal stricture,7.24,2026,Procedure,CMS
46706,Repr of anal fistula w/glue,2.38,2026,Procedure,CMS
46707,Repair anorectal fist w/plug,6.23,2026,Procedure,CMS
46710,Repr per/vag pouch sngl proc,16.71,2026,Procedure,CMS
46712,Repr per/vag pouch dbl proc,35.54,2026,Procedure,CMS
46715,Rep perf anoper fistu,7.43,2026,Procedure,CMS
46716,Rep perf anoper/vestib fistu,17.1,2026,Procedure,CMS
46730,Construction of absent anus,29.88,2026,Procedure,CMS
46735,Construction of absent anus,35.24,2026,Procedure,CMS
46740,Construction of absent anus,33.05,2026,Procedure,CMS
46742,Repair of imperforated anus,39.14,2026,Procedure,CMS
46744,Repair of cloacal anomaly,57.47,2026,Procedure,CMS
46746,Repair of cloacal anomaly,63.8,2026,Procedure,CMS
46748,Repair of cloacal anomaly,69.63,2026,Procedure,CMS
46750,Repair of anal sphincter,11.85,2026,Procedure,CMS
46751,Repair of anal sphincter,9.07,2026,Procedure,CMS
46753,Reconstruction of anus,8.67,2026,Procedure,CMS
46754,Removal of suture from anus,2.93,2026,Procedure,CMS
46760,Repair of anal sphincter,17.01,2026,Procedure,CMS
46761,Repair of anal sphincter,14.91,2026,Procedure,CMS
46900,Destruction anal lesion(s),1.86,2026,Procedure,CMS
46910,Destruction anal lesion(s),1.86,2026,Procedure,CMS
46916,Cryosurgery anal lesion(s),1.86,2026,Procedure,CMS
46917,Laser surgery anal lesions,1.86,2026,Procedure,CMS
46922,Excision of anal lesion(s),1.86,2026,Procedure,CMS
46924,Destruction anal lesion(s),2.74,2026,Procedure,CMS
46930,Destroy internal hemorrhoids,1.57,2026,Procedure,CMS
46940,Treatment of anal fissure,2.29,2026,Procedure,CMS
46942,Treatment of anal fissure,2.02,2026,Procedure,CMS
46945,Int hrhc lig 1 hroid w/o img,3.6,2026,Procedure,CMS
46946,Int hrhc lig 2+hroid w/o img,4.39,2026,Procedure,CMS
46947,Hemorrhoidopexy by stapling,5.43,2026,Procedure,CMS
46948,Int hrhc tranal dartlzj 2+,5.43,2026,Procedure,CMS
46999,Unlisted procedure anus,0.0,2026,Procedure,CMS
47000,Needle biopsy of liver perq,1.61,2026,Procedure,CMS
47001,Ndl biopsy lvr tm oth maj px,1.85,2026,Procedure,CMS
47010,Hepatot opn drg absc/cst 1/2,18.92,2026,Procedure,CMS
47015,Lapt aspir&/njx hep prst cst,18.04,2026,Procedure,CMS
47100,Wedge biopsy of liver,12.59,2026,Procedure,CMS
47120,Partial removal of liver,38.03,2026,Procedure,CMS
47122,Extensive removal of liver,57.99,2026,Procedure,CMS
47125,Partial removal of liver,51.71,2026,Procedure,CMS
47130,Partial removal of liver,55.76,2026,Procedure,CMS
47133,Removal of donor liver,0.0,2026,Procedure,CMS
47135,Transplantation of liver,87.75,2026,Procedure,CMS
47140,Partial removal donor liver,57.92,2026,Procedure,CMS
47141,Partial removal donor liver,69.71,2026,Procedure,CMS
47142,Partial removal donor liver,77.45,2026,Procedure,CMS
47143,Prep donor liver whole,0.0,2026,Procedure,CMS
47144,Prep donor liver 3-segment,0.0,2026,Procedure,CMS
47145,Prep donor liver lobe split,0.0,2026,Procedure,CMS
47146,Prep donor liver/venous,5.85,2026,Procedure,CMS
47147,Prep donor liver/arterial,6.83,2026,Procedure,CMS
47300,Surgery for liver lesion,17.69,2026,Procedure,CMS
47350,Repair liver wound,21.93,2026,Procedure,CMS
47360,Repair liver wound,30.53,2026,Procedure,CMS
47361,Repair liver wound,51.29,2026,Procedure,CMS
47362,Repair liver wound,22.95,2026,Procedure,CMS
47370,Laparo ablate liver tumor rf,20.28,2026,Procedure,CMS
47371,Laparo ablate liver cryosurg,20.28,2026,Procedure,CMS
47379,Unlisted laps px liver,0.0,2026,Procedure,CMS
47380,Open ablate liver tumor rf,23.95,2026,Procedure,CMS
47381,Open ablate liver tumor cryo,24.26,2026,Procedure,CMS
47382,Percut ablate liver rf,14.6,2026,Procedure,CMS
47383,Perq abltj lvr cryoablation,8.66,2026,Procedure,CMS
47384,Abltj ire liver 1+ tum perq,9.41,2026,Procedure,CMS
47399,Unlisted procedure liver,0.0,2026,Procedure,CMS
47400,Incision of liver duct,35.45,2026,Procedure,CMS
47420,Incision of bile duct,21.48,2026,Procedure,CMS
47425,Incision of bile duct,21.75,2026,Procedure,CMS
47460,Incise bile duct sphincter,20.01,2026,Procedure,CMS
47480,Incision of gallbladder,12.92,2026,Procedure,CMS
47490,Incision of gallbladder,4.64,2026,Procedure,CMS
47531,Injection for cholangiogram,1.27,2026,Procedure,CMS
47532,Injection for cholangiogram,4.14,2026,Procedure,CMS
47533,Plmt biliary drainage cath,5.25,2026,Procedure,CMS
47534,Plmt biliary drainage cath,7.41,2026,Procedure,CMS
47535,Conversion ext bil drg cath,3.85,2026,Procedure,CMS
47536,Exchange biliary drg cath,2.54,2026,Procedure,CMS
47537,Removal biliary drg cath,1.79,2026,Procedure,CMS
47538,Perq plmt bile duct stent,4.63,2026,Procedure,CMS
47539,Perq plmt bile duct stent,8.53,2026,Procedure,CMS
47540,Perq plmt bile duct stent,8.8,2026,Procedure,CMS
47541,Plmt access bil tree sm bwl,6.58,2026,Procedure,CMS
47542,Dilate biliary duct/ampulla,2.78,2026,Procedure,CMS
47543,Endoluminal bx biliary tree,2.93,2026,Procedure,CMS
47544,Removal duct glbldr calculi,3.2,2026,Procedure,CMS
47550,Bile duct endoscopy add-on,2.94,2026,Procedure,CMS
47552,Biliary endo perq dx w/speci,5.88,2026,Procedure,CMS
47553,Biliary endoscopy thru skin,6.18,2026,Procedure,CMS
47554,Biliary endoscopy thru skin,8.82,2026,Procedure,CMS
47555,Biliary endoscopy thru skin,7.36,2026,Procedure,CMS
47556,Biliary endoscopy thru skin,8.34,2026,Procedure,CMS
47562,Laparoscopic cholecystectomy,10.21,2026,Procedure,CMS
47563,Laparo cholecystectomy/graph,11.18,2026,Procedure,CMS
47564,Laparo cholecystectomy/explr,17.55,2026,Procedure,CMS
47570,Laparo cholecystoenterostomy,12.25,2026,Procedure,CMS
47579,Unlisted laps px biliary trc,0.0,2026,Procedure,CMS
47600,Cholecystectomy,17.04,2026,Procedure,CMS
47605,Cholecystectomy w/cholang,18.02,2026,Procedure,CMS
47610,Removal of gallbladder,20.4,2026,Procedure,CMS
47612,Removal of gallbladder,20.68,2026,Procedure,CMS
47620,Removal of gallbladder,22.49,2026,Procedure,CMS
47700,Exploration of bile ducts,16.09,2026,Procedure,CMS
47701,Bile duct revision,28.01,2026,Procedure,CMS
47711,Excision of bile duct tumor,25.25,2026,Procedure,CMS
47712,Excision of bile duct tumor,32.88,2026,Procedure,CMS
47715,Excision of bile duct cyst,21.01,2026,Procedure,CMS
47720,Fuse gallbladder & bowel,17.88,2026,Procedure,CMS
47721,Fuse upper gi structures,21.44,2026,Procedure,CMS
47740,Fuse gallbladder & bowel,20.7,2026,Procedure,CMS
47741,Fuse gallbladder & bowel,23.6,2026,Procedure,CMS
47760,Fuse bile ducts and bowel,37.36,2026,Procedure,CMS
47765,Fuse liver ducts & bowel,50.89,2026,Procedure,CMS
47780,Fuse bile ducts and bowel,41.26,2026,Procedure,CMS
47785,Fuse bile ducts and bowel,54.79,2026,Procedure,CMS
47800,Reconstruction of bile ducts,25.52,2026,Procedure,CMS
47801,Placement bile duct support,17.16,2026,Procedure,CMS
47900,Suture bile duct injury,21.88,2026,Procedure,CMS
47999,Unlisted px biliary tract,0.0,2026,Procedure,CMS
48000,Drainage of abdomen,31.15,2026,Procedure,CMS
48001,Placement of drain pancreas,38.7,2026,Procedure,CMS
48020,Removal of pancreatic stone,18.61,2026,Procedure,CMS
48100,Biopsy of pancreas open,14.1,2026,Procedure,CMS
48102,Needle biopsy pancreas,4.58,2026,Procedure,CMS
48105,Resect/debride pancreas,48.03,2026,Procedure,CMS
48120,Removal of pancreas lesion,17.95,2026,Procedure,CMS
48140,Partial removal of pancreas,25.66,2026,Procedure,CMS
48145,Partial removal of pancreas,26.71,2026,Procedure,CMS
48146,Pancreatectomy,29.84,2026,Procedure,CMS
48148,Removal of pancreatic duct,19.88,2026,Procedure,CMS
48150,Partial removal of pancreas,51.52,2026,Procedure,CMS
48152,Pancreatectomy,47.43,2026,Procedure,CMS
48153,Pancreatectomy,51.47,2026,Procedure,CMS
48154,Pancreatectomy,47.66,2026,Procedure,CMS
48155,Removal of pancreas,28.71,2026,Procedure,CMS
48160,Pancreas removal/transplant,0.0,2026,Procedure,CMS
48400,Injection intraop add-on,1.9,2026,Procedure,CMS
48500,Surgery of pancreatic cyst,17.71,2026,Procedure,CMS
48510,Drain pancreatic pseudocyst,16.76,2026,Procedure,CMS
48520,Fuse pancreas cyst and bowel,17.7,2026,Procedure,CMS
48540,Fuse pancreas cyst and bowel,21.39,2026,Procedure,CMS
48545,Pancreatorrhaphy,21.67,2026,Procedure,CMS
48547,Duodenal exclusion,29.62,2026,Procedure,CMS
48548,Fuse pancreas and bowel,27.39,2026,Procedure,CMS
48550,Donor pancreatectomy,0.0,2026,Procedure,CMS
48551,Prep donor pancreas,0.0,2026,Procedure,CMS
48552,Prep donor pancreas/venous,4.19,2026,Procedure,CMS
48554,Transpl allograft pancreas,36.86,2026,Procedure,CMS
48556,Removal allograft pancreas,18.98,2026,Procedure,CMS
48999,Unlisted procedure pancreas,0.0,2026,Procedure,CMS
49000,Exploration of abdomen,12.23,2026,Procedure,CMS
49002,Reopening of abdomen,17.19,2026,Procedure,CMS
49010,Exploration behind abdomen,15.66,2026,Procedure,CMS
49013,Prpertl pel pack hemrrg trma,8.14,2026,Procedure,CMS
49014,Reexploration pelvic wound,6.56,2026,Procedure,CMS
49020,Drainage abdom abscess open,26.0,2026,Procedure,CMS
49040,Drain open abdom abscess,16.11,2026,Procedure,CMS
49060,Drain open retroperi abscess,18.07,2026,Procedure,CMS
49062,Drain to peritoneal cavity,11.91,2026,Procedure,CMS
49082,Abd paracentesis,1.21,2026,Procedure,CMS
49083,Abd paracentesis w/imaging,1.95,2026,Procedure,CMS
49084,Peritoneal lavage,1.95,2026,Procedure,CMS
49180,Biopsy abdominal mass,1.69,2026,Procedure,CMS
49185,Sclerotx fluid collection,2.29,2026,Procedure,CMS
49186,Opn exc/dstr ntra-abd 5 cm/<,21.45,2026,Procedure,CMS
49187,Opn exc/dstr ntra-abd 5.1-10,27.93,2026,Procedure,CMS
49188,Opn exc/dst ntra-abd 10.1-20,33.15,2026,Procedure,CMS
49189,Opn exc/dst ntra-abd 20.1-30,39.0,2026,Procedure,CMS
49190,Opn exc/dstr ntra-abd >30 cm,48.75,2026,Procedure,CMS
49215,Excise sacral spine tumor,36.86,2026,Procedure,CMS
49250,Excision of umbilicus,8.78,2026,Procedure,CMS
49255,Removal of omentum,12.25,2026,Procedure,CMS
49320,Diag laparo separate proc,5.01,2026,Procedure,CMS
49321,Laparoscopy biopsy,5.3,2026,Procedure,CMS
49322,Laparoscopy aspiration,5.86,2026,Procedure,CMS
49323,Laparo drain lymphocele,9.97,2026,Procedure,CMS
49324,Lap insert tunnel ip cath,6.16,2026,Procedure,CMS
49325,Lap revision perm ip cath,6.65,2026,Procedure,CMS
49326,Lap w/omentopexy add-on,3.41,2026,Procedure,CMS
49327,Lap ins device for rt,2.32,2026,Procedure,CMS
49329,Unlstd laps px abd pertm&omn,0.0,2026,Procedure,CMS
49400,Air injection into abdomen,1.83,2026,Procedure,CMS
49402,Remove foreign body adbomen,13.74,2026,Procedure,CMS
49405,Image cath fluid colxn visc,3.9,2026,Procedure,CMS
49406,Image cath fluid peri/retro,3.9,2026,Procedure,CMS
49407,Image cath fluid trns/vgnl,4.14,2026,Procedure,CMS
49411,Ins mark abd/pel for rt perq,3.48,2026,Procedure,CMS
49412,Ins device for rt guide open,1.46,2026,Procedure,CMS
49418,Insert tun ip cath perc,3.86,2026,Procedure,CMS
49419,Insert tun ip cath w/port,6.9,2026,Procedure,CMS
49421,Ins tun ip cath for dial opn,4.1,2026,Procedure,CMS
49422,Remove tunneled ip cath,3.9,2026,Procedure,CMS
49423,Exchange drainage catheter,1.42,2026,Procedure,CMS
49424,Assess cyst contrast inject,0.74,2026,Procedure,CMS
49425,Insert abdomen-venous drain,11.91,2026,Procedure,CMS
49426,Revise abdomen-venous shunt,10.15,2026,Procedure,CMS
49427,Injection abdominal shunt,0.87,2026,Procedure,CMS
49428,Ligation of shunt,6.7,2026,Procedure,CMS
49429,Removal of shunt,7.25,2026,Procedure,CMS
49435,Insert subq exten to ip cath,2.19,2026,Procedure,CMS
49436,Embedded ip cath exit-site,2.65,2026,Procedure,CMS
49440,Place gastrostomy tube perc,3.83,2026,Procedure,CMS
49441,Place duod/jej tube perc,4.41,2026,Procedure,CMS
49442,Place cecostomy tube perc,3.66,2026,Procedure,CMS
49446,Change g-tube to g-j perc,2.98,2026,Procedure,CMS
49450,Replace g/c tube perc,1.33,2026,Procedure,CMS
49451,Replace duod/jej tube perc,1.79,2026,Procedure,CMS
49452,Replace g-j tube perc,2.79,2026,Procedure,CMS
49460,Fix g/colon tube w/device,0.94,2026,Procedure,CMS
49465,Fluoro exam of g/colon tube,0.6,2026,Procedure,CMS
49491,Rpr hern preemie reduc,12.22,2026,Procedure,CMS
49492,Rpr ing hern premie blocked,15.04,2026,Procedure,CMS
49495,Rpr ing hernia baby reduc,6.05,2026,Procedure,CMS
49496,Rpr ing hernia baby blocked,9.18,2026,Procedure,CMS
49500,Rpr ing hernia init reduce,5.69,2026,Procedure,CMS
49501,Rpr ing hernia init blocked,9.13,2026,Procedure,CMS
49505,Prp i/hern init reduc >5 yr,7.76,2026,Procedure,CMS
49507,Prp i/hern init block >5 yr,8.86,2026,Procedure,CMS
49520,Rerepair ing hernia reduce,9.74,2026,Procedure,CMS
49521,Rerepair ing hernia blocked,11.19,2026,Procedure,CMS
49525,Repair ing hernia sliding,8.71,2026,Procedure,CMS
49540,Repair lumbar hernia,10.47,2026,Procedure,CMS
49550,Rpr rem hernia init reduce,8.77,2026,Procedure,CMS
49553,Rpr fem hernia init blocked,9.67,2026,Procedure,CMS
49555,Rerepair fem hernia reduce,9.16,2026,Procedure,CMS
49557,Rerepair fem hernia blocked,11.33,2026,Procedure,CMS
49591,Rpr aa hrn 1st < 3 cm rdc,5.81,2026,Procedure,CMS
49592,Rpr aa hrn 1st < 3 ncr/strn,8.25,2026,Procedure,CMS
49593,Rpr aa hrn 1st 3-10 rdc,10.0,2026,Procedure,CMS
49594,Rpr aa hrn 1st 3-10 ncr/strn,13.12,2026,Procedure,CMS
49595,Rpr aa hrn 1st > 10 rdc,13.59,2026,Procedure,CMS
49596,Rpr aa hrn 1st > 10 ncr/strn,18.2,2026,Procedure,CMS
49600,Repair umbilical lesion,11.26,2026,Procedure,CMS
49605,Repair umbilical lesion,84.91,2026,Procedure,CMS
49606,Repair umbilical lesion,18.53,2026,Procedure,CMS
49610,Repair umbilical lesion,10.64,2026,Procedure,CMS
49611,Repair umbilical lesion,9.11,2026,Procedure,CMS
49613,Rpr aa hrn rcr < 3 rdc,7.23,2026,Procedure,CMS
49614,Rpr aa hrn rcr < 3 ncr/strn,9.99,2026,Procedure,CMS
49615,Rpr aa hrn rcr 3-10 rdc,11.17,2026,Procedure,CMS
49616,Rpr aa hrn rcr 3-10 ncr/strn,15.16,2026,Procedure,CMS
49617,Rpr aa hrn rcr > 10 rdc,15.63,2026,Procedure,CMS
49618,Rpr aa hrn rcr > 10 ncr/strn,22.1,2026,Procedure,CMS
49621,Rpr parastomal hernia rdc,13.36,2026,Procedure,CMS
49622,Rpr parastomal hrna ncr/strn,16.63,2026,Procedure,CMS
49623,Rmvl ninfct mesh hernia rpr,3.66,2026,Procedure,CMS
49650,Lap ing hernia repair init,6.2,2026,Procedure,CMS
49651,Lap ing hernia repair recur,8.17,2026,Procedure,CMS
49659,Unlstd laps px hrnap hrnrphy,0.0,2026,Procedure,CMS
49900,Repair of abdominal wall,12.1,2026,Procedure,CMS
49904,Omental flap extra-abdom,21.79,2026,Procedure,CMS
49905,Omental flap intra-abdom,6.38,2026,Procedure,CMS
49906,Free omental flap microvasc,0.0,2026,Procedure,CMS
49999,Unlisted px abd pertm&omn,0.0,2026,Procedure,CMS
50010,Renal exploration,11.97,2026,Procedure,CMS
50020,Drg perirnl/renal absc open,17.63,2026,Procedure,CMS
50040,Nfros nfrot w/drg,16.26,2026,Procedure,CMS
50045,Nephrotomy w/exploration,16.4,2026,Procedure,CMS
5005F,Pt counsld on exam for moles,0.0,2026,Procedure,CMS
50060,Nl removal calculus,20.43,2026,Procedure,CMS
50065,Nl sec surg operj calculus,21.76,2026,Procedure,CMS
50070,Nl comp cgen kdn abnormality,21.3,2026,Procedure,CMS
50075,Nl rmvl lg staghorn calculus,26.41,2026,Procedure,CMS
50080,Perq nl/pl lithotrp smpl<2cm,12.1,2026,Procedure,CMS
50081,Perq nl/pl lithotrp cplx>2cm,20.39,2026,Procedure,CMS
50100,Trnsxj/repos abrrnt rnl vsls,17.01,2026,Procedure,CMS
5010F,Macul result phy/qhp mng dm,0.0,2026,Procedure,CMS
50120,Pyelotomy w/exploration,16.78,2026,Procedure,CMS
50125,Pyelotomy w/drg pyelostomy,17.37,2026,Procedure,CMS
50130,Pyelotomy w/removal calculus,18.35,2026,Procedure,CMS
5015F,Doc fx & test/txmnt for op,0.0,2026,Procedure,CMS
50200,Renal biopsy perq,2.32,2026,Procedure,CMS
50205,Renal bx surg exposure kdn,11.98,2026,Procedure,CMS
5020F,Txmnts 2 phys/qhp by 1 mon,0.0,2026,Procedure,CMS
50220,Remove kidney open,18.21,2026,Procedure,CMS
50225,Removal kidney open complex,21.33,2026,Procedure,CMS
50230,Removal kidney open radical,23.21,2026,Procedure,CMS
50234,Removal of kidney & ureter,23.45,2026,Procedure,CMS
50236,Removal of kidney & ureter,26.27,2026,Procedure,CMS
50240,Nephrectomy partial,23.6,2026,Procedure,CMS
50250,Opn abltj 1/> rnl mas crysrg,21.66,2026,Procedure,CMS
50280,Exc/unroofing cyst kidney,16.66,2026,Procedure,CMS
50290,Excision perinephric cyst,15.75,2026,Procedure,CMS
50300,Remove cadaver donor kidney,0.0,2026,Procedure,CMS
50320,Remove kidney living donor,21.87,2026,Procedure,CMS
50323,Prep cadaver renal allograft,0.0,2026,Procedure,CMS
50325,Prep donor renal graft,0.0,2026,Procedure,CMS
50327,Prep renal graft/venous,3.9,2026,Procedure,CMS
50328,Prep renal graft/arterial,3.41,2026,Procedure,CMS
50329,Prep renal graft/ureteral,3.26,2026,Procedure,CMS
50340,Recipient nephrectomy,13.69,2026,Procedure,CMS
50360,Rnl altrnsplj w/o rcp nfrct,38.88,2026,Procedure,CMS
50365,Rnl altrnsplj w/rcp nfrct,44.98,2026,Procedure,CMS
50370,Rmvl transplanted rnl algrft,18.41,2026,Procedure,CMS
50380,Rnl autotrnsplj rimpltj kdn,29.36,2026,Procedure,CMS
50382,Change ureter stent percut,5.12,2026,Procedure,CMS
50384,Remove ureter stent percut,4.63,2026,Procedure,CMS
50385,Change stent via transureth,4.09,2026,Procedure,CMS
50386,Remove stent via transureth,2.97,2026,Procedure,CMS
50387,Change nephroureteral cath,1.71,2026,Procedure,CMS
50389,Remove renal tube w/fluoro,1.07,2026,Procedure,CMS
50390,Drainage of kidney lesion,1.91,2026,Procedure,CMS
50391,Instll rx agnt into rnal tub,1.91,2026,Procedure,CMS
50396,Measure kidney pressure,2.04,2026,Procedure,CMS
50400,Revision of kidney/ureter,20.74,2026,Procedure,CMS
50405,Revision of kidney/ureter,25.21,2026,Procedure,CMS
50430,Njx px nfrosgrm &/urtrgrm,2.83,2026,Procedure,CMS
50431,Njx px nfrosgrm &/urtrgrm,1.07,2026,Procedure,CMS
50432,Plmt nephrostomy catheter,3.9,2026,Procedure,CMS
50433,Plmt nephroureteral catheter,4.92,2026,Procedure,CMS
50434,Convert nephrostomy catheter,3.66,2026,Procedure,CMS
50435,Exchange nephrostomy cath,1.77,2026,Procedure,CMS
50436,Dilat xst trc ndurlgc px,2.71,2026,Procedure,CMS
50437,Dilat xst trc new access rcs,4.73,2026,Procedure,CMS
50500,Repair of kidney wound,20.69,2026,Procedure,CMS
5050F,Plan 2 main dr by 1 month,0.0,2026,Procedure,CMS
50520,Close kidney-skin fistula,18.41,2026,Procedure,CMS
50525,Close nephrovisceral fistula,23.78,2026,Procedure,CMS
50526,Close nephrovisceral fistula,25.65,2026,Procedure,CMS
50540,Revision of horseshoe kidney,20.57,2026,Procedure,CMS
50541,Laparo ablate renal cyst,16.44,2026,Procedure,CMS
50542,Laparo ablate renal mass,20.83,2026,Procedure,CMS
50543,Laparo partial nephrectomy,26.72,2026,Procedure,CMS
50544,Laparoscopy pyeloplasty,22.79,2026,Procedure,CMS
50545,Laparo radical nephrectomy,24.43,2026,Procedure,CMS
50546,Laparoscopic nephrectomy,21.32,2026,Procedure,CMS
50547,Laparo removal donor kidney,25.68,2026,Procedure,CMS
50548,Laparo remove w/ureter,24.73,2026,Procedure,CMS
50549,Unlisted laps px renal,0.0,2026,Procedure,CMS
50551,Kidney endoscopy,5.45,2026,Procedure,CMS
50553,Kidney endoscopy,5.83,2026,Procedure,CMS
50555,Kidney endoscopy & biopsy,6.36,2026,Procedure,CMS
50557,Kidney endoscopy & treatment,6.44,2026,Procedure,CMS
50561,Kidney endoscopy & treatment,7.39,2026,Procedure,CMS
50562,Renal scope w/tumor resect,10.63,2026,Procedure,CMS
50570,Kidney endoscopy,9.29,2026,Procedure,CMS
50572,Kidney endoscopy,10.07,2026,Procedure,CMS
50574,Kidney endoscopy & biopsy,10.73,2026,Procedure,CMS
50575,Kidney endoscopy,13.61,2026,Procedure,CMS
50576,Kidney endoscopy & treatment,10.7,2026,Procedure,CMS
50580,Kidney endoscopy & treatment,11.54,2026,Procedure,CMS
50590,Fragmenting of kidney stone,9.53,2026,Procedure,CMS
50592,Perc rf ablate renal tumor,6.39,2026,Procedure,CMS
50593,Perc cryo ablate renal tum,8.66,2026,Procedure,CMS
50600,Exploration of ureter,16.74,2026,Procedure,CMS
50605,Insert ureteral support,16.37,2026,Procedure,CMS
50606,Endoluminal bx urtr rnl plvs,3.08,2026,Procedure,CMS
5060F,Fndngs mammo 2pt w/in 3 days,0.0,2026,Procedure,CMS
50610,Removal of ureter stone,16.82,2026,Procedure,CMS
50620,Removal of ureter stone,16.02,2026,Procedure,CMS
5062F,Mammo result com to pt 5 day,0.0,2026,Procedure,CMS
50630,Removal of ureter stone,15.8,2026,Procedure,CMS
50650,Removal of ureter,18.35,2026,Procedure,CMS
50660,Removal of ureter,20.49,2026,Procedure,CMS
50684,Injection for ureter x-ray,0.74,2026,Procedure,CMS
50686,Measure ureter pressure,1.47,2026,Procedure,CMS
50688,Change of ureter tube/stent,1.17,2026,Procedure,CMS
50690,Injection for ureter x-ray,1.13,2026,Procedure,CMS
50693,Plmt ureteral stent prq,3.86,2026,Procedure,CMS
50694,Plmt ureteral stent prq,5.12,2026,Procedure,CMS
50695,Plmt ureteral stent prq,6.63,2026,Procedure,CMS
50700,Revision of ureter,16.27,2026,Procedure,CMS
50705,Ureteral embolization/occl,3.93,2026,Procedure,CMS
50706,Balloon dilate urtrl strix,3.71,2026,Procedure,CMS
50715,Release of ureter,20.12,2026,Procedure,CMS
50722,Release of ureter,17.5,2026,Procedure,CMS
50725,Release/revise ureter,19.7,2026,Procedure,CMS
50727,Revise ureter,8.07,2026,Procedure,CMS
50728,Revise ureter,11.88,2026,Procedure,CMS
50740,Fusion of ureter & kidney,19.57,2026,Procedure,CMS
50750,Fusion of ureter & kidney,20.69,2026,Procedure,CMS
50760,Ureteroureterostomy,19.57,2026,Procedure,CMS
50770,Splicing of ureters,20.69,2026,Procedure,CMS
50780,Reimplant ureter in bladder,19.45,2026,Procedure,CMS
50782,Reimplant ureter in bladder,19.17,2026,Procedure,CMS
50783,Reimplant ureter in bladder,20.18,2026,Procedure,CMS
50785,Reimplant ureter in bladder,21.67,2026,Procedure,CMS
50800,Implant ureter in bowel,16.0,2026,Procedure,CMS
50810,Fusion of ureter & bowel,22.04,2026,Procedure,CMS
50815,Urine shunt to intestine,21.7,2026,Procedure,CMS
50820,Construct bowel bladder,23.47,2026,Procedure,CMS
50825,Construct bowel bladder,29.91,2026,Procedure,CMS
50830,Revise urine flow,32.93,2026,Procedure,CMS
50840,Replace ureter by bowel,21.83,2026,Procedure,CMS
50845,Appendico-vesicostomy,21.9,2026,Procedure,CMS
50860,Transplant ureter to skin,16.65,2026,Procedure,CMS
50900,Repair of ureter,14.66,2026,Procedure,CMS
50920,Closure ureter/skin fistula,15.41,2026,Procedure,CMS
50930,Closure ureter/bowel fistula,19.69,2026,Procedure,CMS
50940,Release of ureter,15.53,2026,Procedure,CMS
50945,Laparoscopy ureterolithotomy,17.52,2026,Procedure,CMS
50947,Laparo new ureter/bladder,25.14,2026,Procedure,CMS
50948,Laparo new ureter/bladder,23.22,2026,Procedure,CMS
50949,Unlisted laps px ureter,0.0,2026,Procedure,CMS
50951,Endoscopy of ureter,5.68,2026,Procedure,CMS
50953,Endoscopy of ureter,6.07,2026,Procedure,CMS
50955,Ureter endoscopy & biopsy,6.57,2026,Procedure,CMS
50957,Ureter endoscopy & treatment,6.61,2026,Procedure,CMS
50961,Ureter endoscopy & treatment,5.89,2026,Procedure,CMS
50970,Ureter endoscopy,6.95,2026,Procedure,CMS
50972,Ureter endoscopy & catheter,6.71,2026,Procedure,CMS
50974,Ureter endoscopy & biopsy,8.93,2026,Procedure,CMS
50976,Ureter endoscopy & treatment,8.8,2026,Procedure,CMS
50980,Ureter endoscopy & treatment,6.67,2026,Procedure,CMS
5100F,Rsk fx ref w/n 24 hrs xray,0.0,2026,Procedure,CMS
51020,Cystotomy/cystostomy w/fulg,7.5,2026,Procedure,CMS
51040,Incise & drain bladder,4.38,2026,Procedure,CMS
51045,Incise bladder/drain ureter,7.61,2026,Procedure,CMS
51050,Removal of bladder stone,7.77,2026,Procedure,CMS
51060,Removal of ureter stone,9.7,2026,Procedure,CMS
51065,Remove ureter calculus,9.7,2026,Procedure,CMS
51080,Drainage of bladder abscess,6.54,2026,Procedure,CMS
51100,Drain bladder by needle,0.76,2026,Procedure,CMS
51101,Drain bladder by trocar/cath,0.99,2026,Procedure,CMS
51102,Drain bl w/cath insertion,2.63,2026,Procedure,CMS
51500,Removal of bladder cyst,10.77,2026,Procedure,CMS
51520,Removal of bladder lesion,9.95,2026,Procedure,CMS
51525,Removal of bladder lesion,15.03,2026,Procedure,CMS
51530,Removal of bladder lesion,13.37,2026,Procedure,CMS
51535,Repair of ureter lesion,13.55,2026,Procedure,CMS
51550,Partial removal of bladder,16.8,2026,Procedure,CMS
51555,Partial removal of bladder,22.6,2026,Procedure,CMS
51565,Revise bladder & ureter(s),23.09,2026,Procedure,CMS
51570,Removal of bladder,26.77,2026,Procedure,CMS
51575,Removal of bladder & nodes,33.33,2026,Procedure,CMS
51580,Remove bladder/revise tract,34.49,2026,Procedure,CMS
51585,Removal of bladder & nodes,38.65,2026,Procedure,CMS
51590,Remove bladder/revise tract,35.42,2026,Procedure,CMS
51595,Remove bladder/revise tract,40.29,2026,Procedure,CMS
51596,Remove bladder/create pouch,43.15,2026,Procedure,CMS
51597,Removal of pelvic structures,41.79,2026,Procedure,CMS
51600,Injection for bladder x-ray,0.86,2026,Procedure,CMS
51605,Preparation for bladder xray,0.62,2026,Procedure,CMS
51610,Injection for bladder x-ray,1.02,2026,Procedure,CMS
51700,Irrigation of bladder,0.59,2026,Procedure,CMS
51701,Insert bladder catheter,0.49,2026,Procedure,CMS
51702,Insert temp bladder cath,0.49,2026,Procedure,CMS
51703,Insert bladder cath complex,1.43,2026,Procedure,CMS
51705,Change of bladder tube,0.88,2026,Procedure,CMS
51710,Change of bladder tube,1.32,2026,Procedure,CMS
51715,Endoscopic injection/implant,3.64,2026,Procedure,CMS
51720,Treatment of bladder lesion,0.85,2026,Procedure,CMS
51721,Ins trurl ablt trnsdc thr us,3.95,2026,Procedure,CMS
51725,Simple cystometrogram,1.47,2026,Procedure,CMS
51726,Complex cystometrogram,1.67,2026,Procedure,CMS
51727,Cystometrogram w/up,2.06,2026,Procedure,CMS
51728,Cystometrogram w/vp,2.06,2026,Procedure,CMS
51729,Cystometrogram w/vp&up,2.45,2026,Procedure,CMS
51736,Urine flow measurement,0.17,2026,Procedure,CMS
51741,Electro-uroflowmetry first,0.17,2026,Procedure,CMS
51784,Anal/urinary muscle study,0.73,2026,Procedure,CMS
51785,Anal/urinary muscle study,1.49,2026,Procedure,CMS
51792,Urinary reflex study,1.07,2026,Procedure,CMS
51797,Intraabdominal pressure test,0.78,2026,Procedure,CMS
51798,Us urine capacity measure,0.0,2026,Procedure,CMS
51800,Revision of bladder/urethra,18.42,2026,Procedure,CMS
51820,Revision of urinary tract,19.1,2026,Procedure,CMS
51840,Attach bladder/urethra,11.08,2026,Procedure,CMS
51841,Attach bladder/urethra,13.34,2026,Procedure,CMS
51845,Repair bladder neck,9.9,2026,Procedure,CMS
51860,Repair of bladder wound,12.29,2026,Procedure,CMS
51865,Repair of bladder wound,15.41,2026,Procedure,CMS
51880,Repair of bladder opening,7.67,2026,Procedure,CMS
51900,Repair bladder/vagina lesion,14.26,2026,Procedure,CMS
51920,Close bladder-uterus fistula,13.07,2026,Procedure,CMS
51925,Hysterectomy/bladder repair,17.09,2026,Procedure,CMS
51940,Correction of bladder defect,29.89,2026,Procedure,CMS
51960,Revision of bladder & bowel,24.77,2026,Procedure,CMS
51980,Construct bladder opening,12.26,2026,Procedure,CMS
51990,Laparo urethral suspension,13.03,2026,Procedure,CMS
51992,Laparo sling operation,14.5,2026,Procedure,CMS
51999,Unlisted laps px bladder,0.0,2026,Procedure,CMS
52000,Cystourethroscopy,1.49,2026,Procedure,CMS
52001,Cysto w/irrg&evac mlt clots,5.3,2026,Procedure,CMS
52005,Cysto w/urtrl cathj,2.31,2026,Procedure,CMS
52007,Cysto urtrl cathj brush bx,2.94,2026,Procedure,CMS
5200F,Eval appros surg thxpy epi,0.0,2026,Procedure,CMS
52010,Cystoscopy & duct catheter,2.94,2026,Procedure,CMS
52204,Cystoscopy w/biopsy(s),2.53,2026,Procedure,CMS
52214,Cystoscopy and treatment,3.41,2026,Procedure,CMS
52224,Cystoscopy and treatment,3.95,2026,Procedure,CMS
52234,Cystoscopy and treatment,4.5,2026,Procedure,CMS
52235,Cystoscopy and treatment,5.3,2026,Procedure,CMS
52240,Cystoscopy and treatment,7.31,2026,Procedure,CMS
52250,Cystoscopy and radiotracer,4.38,2026,Procedure,CMS
52260,Cystoscopy and treatment,3.81,2026,Procedure,CMS
52265,Cystoscopy and treatment,2.87,2026,Procedure,CMS
52270,Cystoscopy & revise urethra,3.28,2026,Procedure,CMS
52275,Cystoscopy & revise urethra,4.57,2026,Procedure,CMS
52276,Cystoscopy and treatment,4.87,2026,Procedure,CMS
52277,Cystoscopy and treatment,6.01,2026,Procedure,CMS
52281,Cystoscopy and treatment,2.68,2026,Procedure,CMS
52282,Cystoscopy implant stent,6.23,2026,Procedure,CMS
52283,Cystoscopy and treatment,3.64,2026,Procedure,CMS
52284,Cysto rx balo cath urtl strx,3.02,2026,Procedure,CMS
52285,Cystoscopy and treatment,3.51,2026,Procedure,CMS
52287,Cystoscopy chemodenervation,3.12,2026,Procedure,CMS
52290,Cystoscopy and treatment,4.47,2026,Procedure,CMS
52300,Cystoscopy and treatment,5.17,2026,Procedure,CMS
52301,Cystoscopy and treatment,5.36,2026,Procedure,CMS
52305,Cystoscopy and treatment,5.17,2026,Procedure,CMS
52310,Cystoscopy and treatment,2.74,2026,Procedure,CMS
52315,Cystoscopy and treatment,5.07,2026,Procedure,CMS
52317,Remove bladder stone,6.54,2026,Procedure,CMS
52318,Remove bladder stone,8.95,2026,Procedure,CMS
52320,Cystoscopy and treatment,4.57,2026,Procedure,CMS
52325,Cystoscopy stone removal,6.0,2026,Procedure,CMS
52327,Cystoscopy inject material,5.05,2026,Procedure,CMS
52330,Cystoscopy and treatment,4.9,2026,Procedure,CMS
52332,Cystoscopy and treatment,2.75,2026,Procedure,CMS
52334,Create passage to kidney,3.29,2026,Procedure,CMS
52341,Cysto w/ureter stricture tx,5.22,2026,Procedure,CMS
52342,Cysto w/up stricture tx,5.7,2026,Procedure,CMS
52343,Cysto w/renal stricture tx,6.39,2026,Procedure,CMS
52344,Cysto/uretero stricture tx,6.87,2026,Procedure,CMS
52345,Cysto/uretero w/up stricture,7.36,2026,Procedure,CMS
52346,Cystouretero w/renal strict,8.37,2026,Procedure,CMS
52351,Cystouretero & or pyeloscope,5.61,2026,Procedure,CMS
52352,Cystouretero w/stone remove,6.58,2026,Procedure,CMS
52353,Cystouretero w/lithotripsy,7.31,2026,Procedure,CMS
52354,Cystouretero w/biopsy,7.8,2026,Procedure,CMS
52355,Cystouretero w/excise tumor,8.78,2026,Procedure,CMS
52356,Cysto/uretero w/lithotripsy,7.8,2026,Procedure,CMS
52400,Cysto cgen post urtl valves,8.47,2026,Procedure,CMS
52402,Cysto trurl rescj ejacul dux,5.14,2026,Procedure,CMS
52441,Cysto insj trnsprstc 1 implt,3.9,2026,Procedure,CMS
52442,Cysto ins trnsprstc implt ea,0.98,2026,Procedure,CMS
52443,Cysto 1st trurl prst8 comis,3.62,2026,Procedure,CMS
52450,Transurethral inc prostate,7.59,2026,Procedure,CMS
52500,Trurl resection bladder neck,5.85,2026,Procedure,CMS
5250F,Asthma discharge plan presnt,0.0,2026,Procedure,CMS
52597,Trurl rbtc wtrjt rescj prst8,10.25,2026,Procedure,CMS
52601,Prostatectomy (turp),9.75,2026,Procedure,CMS
52630,Remove prostate regrowth,6.39,2026,Procedure,CMS
52640,Relieve bladder contracture,4.67,2026,Procedure,CMS
52648,Laser surgery of prostate,9.8,2026,Procedure,CMS
52649,Prostate laser enucleation,12.68,2026,Procedure,CMS
52700,Drainage of prostate abscess,7.3,2026,Procedure,CMS
53000,Incision of urethra,2.27,2026,Procedure,CMS
53010,Incision of urethra,4.34,2026,Procedure,CMS
53020,Incision of urethra,1.73,2026,Procedure,CMS
53025,Incision of urethra,1.1,2026,Procedure,CMS
53040,Drainage of urethra abscess,6.39,2026,Procedure,CMS
53060,Drainage of urethra abscess,2.61,2026,Procedure,CMS
53080,Drainage of urinary leakage,6.75,2026,Procedure,CMS
53085,Drainage of urinary leakage,10.9,2026,Procedure,CMS
53200,Biopsy of urethra,2.53,2026,Procedure,CMS
53210,Removal of urethra,13.38,2026,Procedure,CMS
53215,Removal of urethra,16.43,2026,Procedure,CMS
53220,Treatment of urethra lesion,7.44,2026,Procedure,CMS
53230,Removal of urethra lesion,10.18,2026,Procedure,CMS
53235,Removal of urethra lesion,10.72,2026,Procedure,CMS
53240,Surgery for urethra pouch,6.9,2026,Procedure,CMS
53250,Removal of urethra gland,6.36,2026,Procedure,CMS
53260,Treatment of urethra lesion,2.95,2026,Procedure,CMS
53265,Treatment of urethra lesion,3.09,2026,Procedure,CMS
53270,Removal of urethra gland,3.06,2026,Procedure,CMS
53275,Repair of urethra defect,4.46,2026,Procedure,CMS
53400,Revise urethra stage 1,13.78,2026,Procedure,CMS
53405,Revise urethra stage 2,15.27,2026,Procedure,CMS
53410,Reconstruction of urethra,17.24,2026,Procedure,CMS
53415,Reconstruction of urethra,20.18,2026,Procedure,CMS
53420,Reconstruct urethra stage 1,14.79,2026,Procedure,CMS
53425,Reconstruct urethra stage 2,16.64,2026,Procedure,CMS
53430,Reconstruction of urethra,16.99,2026,Procedure,CMS
53431,Reconstruct urethra/bladder,20.65,2026,Procedure,CMS
53440,Male sling procedure,13.03,2026,Procedure,CMS
53442,Remove/revise male sling,13.15,2026,Procedure,CMS
53444,Insert tandem cuff,13.84,2026,Procedure,CMS
53445,Insert uro/ves nck sphincter,12.68,2026,Procedure,CMS
53446,Remove uro sphincter,10.74,2026,Procedure,CMS
53447,Remove/replace ur sphincter,13.92,2026,Procedure,CMS
53448,Remov/replc ur sphinctr comp,22.85,2026,Procedure,CMS
53449,Repair uro sphincter,10.3,2026,Procedure,CMS
53450,Revision of urethra,6.6,2026,Procedure,CMS
53451,Tprnl balo cntnc dev bi,0.0,2026,Procedure,CMS
53452,Tprnl balo cntnc dev uni,0.0,2026,Procedure,CMS
53453,Tprnl balo cntnc dev rmvl ea,0.0,2026,Procedure,CMS
53454,Tprnl balo cntnc dev adjmt,0.0,2026,Procedure,CMS
53460,Revision of urethra,7.56,2026,Procedure,CMS
53500,Urethrlys transvag w/ scope,12.68,2026,Procedure,CMS
53502,Repair of urethra injury,8.05,2026,Procedure,CMS
53505,Repair of urethra injury,8.05,2026,Procedure,CMS
53510,Repair of urethra injury,10.69,2026,Procedure,CMS
53515,Repair of urethra injury,13.86,2026,Procedure,CMS
53520,Repair of urethra defect,9.24,2026,Procedure,CMS
53600,Dilate urethra stricture,1.18,2026,Procedure,CMS
53601,Dilate urethra stricture,0.96,2026,Procedure,CMS
53605,Dilate urethra stricture,1.25,2026,Procedure,CMS
53620,Dilate urethra stricture,1.58,2026,Procedure,CMS
53621,Dilate urethra stricture,1.32,2026,Procedure,CMS
53660,Dilation of urethra,0.69,2026,Procedure,CMS
53661,Dilation of urethra,0.7,2026,Procedure,CMS
53665,Dilation of urethra,0.74,2026,Procedure,CMS
53850,Prostatic microwave thermotx,5.28,2026,Procedure,CMS
53852,Prostatic rf thermotx,5.78,2026,Procedure,CMS
53854,Trurl dstrj prst8 tiss rf wv,5.78,2026,Procedure,CMS
53855,Insert prost urethral stent,1.6,2026,Procedure,CMS
53860,Transurethral rf treatment,3.87,2026,Procedure,CMS
53865,Cysto insj dev ischmc rmdlg,3.02,2026,Procedure,CMS
53866,Cathj rmvl dev ischmc rmdlg,1.44,2026,Procedure,CMS
53899,Unlisted px urinary system,0.0,2026,Procedure,CMS
54000,Slitting of prepuce,1.55,2026,Procedure,CMS
54001,Slitting of prepuce,2.18,2026,Procedure,CMS
54015,I&d penis deep,5.23,2026,Procedure,CMS
54050,Destruction penis lesion(s),1.26,2026,Procedure,CMS
54055,Destruction penis lesion(s),1.22,2026,Procedure,CMS
54056,Cryosurgery penis lesion(s),1.26,2026,Procedure,CMS
54057,Laser surg penis lesion(s),1.26,2026,Procedure,CMS
54060,Excision of penis lesion(s),1.93,2026,Procedure,CMS
54065,Destruction penis lesion(s),2.41,2026,Procedure,CMS
54100,Biopsy of penis,1.85,2026,Procedure,CMS
54105,Biopsy of penis,3.45,2026,Procedure,CMS
54110,Treatment of penis lesion,10.65,2026,Procedure,CMS
54111,Treat penis lesion graft,14.06,2026,Procedure,CMS
54112,Treat penis lesion graft,16.56,2026,Procedure,CMS
54115,Treatment of penis lesion,6.78,2026,Procedure,CMS
54120,Partial removal of penis,10.73,2026,Procedure,CMS
54125,Removal of penis,14.2,2026,Procedure,CMS
54130,Remove penis & nodes,21.29,2026,Procedure,CMS
54135,Remove penis & nodes,27.47,2026,Procedure,CMS
54150,Circumcision w/regionl block,1.85,2026,Procedure,CMS
54160,Circumcision neonate,2.47,2026,Procedure,CMS
54161,Circum 28 days or older,3.24,2026,Procedure,CMS
54162,Lysis penil circumic lesion,3.24,2026,Procedure,CMS
54163,Repair of circumcision,3.24,2026,Procedure,CMS
54164,Frenulotomy of penis,2.75,2026,Procedure,CMS
54200,Injection px peyronie ds,1.08,2026,Procedure,CMS
54205,Njx px peyronie ds exps plaq,8.75,2026,Procedure,CMS
54220,Irrg crpra cavrnosa priapism,2.36,2026,Procedure,CMS
54230,Njx corpora cavernosograpy,1.31,2026,Procedure,CMS
54231,Dynamic cavernosometry,1.99,2026,Procedure,CMS
54235,Njx corpora cavernosa rx agt,1.16,2026,Procedure,CMS
54240,Penile plethysmography,1.28,2026,Procedure,CMS
54250,Nctrnl pen tmscn&/rgdity tst,2.16,2026,Procedure,CMS
54300,Revision of penis,10.92,2026,Procedure,CMS
54304,Revision of penis,12.95,2026,Procedure,CMS
54308,Reconstruction of urethra,12.3,2026,Procedure,CMS
54312,Reconstruction of urethra,14.15,2026,Procedure,CMS
54316,Reconstruction of urethra,17.6,2026,Procedure,CMS
54318,Reconstruction of urethra,12.12,2026,Procedure,CMS
54322,Reconstruction of urethra,13.63,2026,Procedure,CMS
54324,Reconstruction of urethra,17.11,2026,Procedure,CMS
54326,Reconstruction of urethra,16.59,2026,Procedure,CMS
54328,Revise penis/urethra,16.47,2026,Procedure,CMS
54332,Revise penis/urethra,17.91,2026,Procedure,CMS
54336,Revise penis/urethra,21.08,2026,Procedure,CMS
54340,Rpr hypspad comp simple,9.47,2026,Procedure,CMS
54344,Rrp hypspad comp moblj&urtp,16.63,2026,Procedure,CMS
54348,Rpr hypspad comp dsj & urtp,17.86,2026,Procedure,CMS
54352,Revj prior hypspad repair,25.48,2026,Procedure,CMS
54360,Penis plastic surgery,12.46,2026,Procedure,CMS
54380,Repair penis,13.83,2026,Procedure,CMS
54385,Repair penis,16.15,2026,Procedure,CMS
54390,Repair penis and bladder,22.2,2026,Procedure,CMS
54400,Insert semi-rigid prosthesis,8.94,2026,Procedure,CMS
54401,Insert self-contd prosthesis,10.18,2026,Procedure,CMS
54405,Insert multi-comp penis pros,14.16,2026,Procedure,CMS
54406,Remove muti-comp penis pros,12.57,2026,Procedure,CMS
54408,Repair multi-comp penis pros,13.56,2026,Procedure,CMS
54410,Remove/replace penis prosth,14.8,2026,Procedure,CMS
54411,Remov/replc penis pros comp,17.89,2026,Procedure,CMS
54415,Remove self-contd penis pros,8.66,2026,Procedure,CMS
54416,Remv/repl penis contain pros,11.78,2026,Procedure,CMS
54417,Remv/replc penis pros compl,15.7,2026,Procedure,CMS
54420,Revision of penis,12.08,2026,Procedure,CMS
54430,Revision of penis,10.78,2026,Procedure,CMS
54435,Revision of penis,6.64,2026,Procedure,CMS
54437,Repair corporeal tear,11.21,2026,Procedure,CMS
54440,Repair of penis,0.0,2026,Procedure,CMS
54450,Preputial stretching,1.09,2026,Procedure,CMS
54500,Biopsy of testis,1.28,2026,Procedure,CMS
54505,Biopsy of testis,3.41,2026,Procedure,CMS
54512,Excise lesion testis,9.1,2026,Procedure,CMS
54520,Removal of testis,5.17,2026,Procedure,CMS
54522,Orchiectomy partial,9.99,2026,Procedure,CMS
54530,Removal of testis,8.25,2026,Procedure,CMS
54535,Extensive testis surgery,12.86,2026,Procedure,CMS
54550,Exploration for testis,8.2,2026,Procedure,CMS
54560,Exploration for testis,11.8,2026,Procedure,CMS
54600,Reduce testis torsion,7.45,2026,Procedure,CMS
54620,Suspension of testis,5.08,2026,Procedure,CMS
54640,Orchiopexy ingun/scrot appr,7.54,2026,Procedure,CMS
54650,Orchiopexy (fowler-stephens),12.08,2026,Procedure,CMS
54660,Revision of testis,5.6,2026,Procedure,CMS
54670,Repair testis injury,6.48,2026,Procedure,CMS
54680,Relocation of testis(es),13.69,2026,Procedure,CMS
54690,Laparoscopy orchiectomy,11.41,2026,Procedure,CMS
54692,Laparoscopy orchiopexy,13.4,2026,Procedure,CMS
54699,Unlisted laps px testis,0.0,2026,Procedure,CMS
54700,I&d epdidyms tstis&/scrot sp,3.38,2026,Procedure,CMS
54800,Biopsy of epididymis,2.27,2026,Procedure,CMS
54830,Remove epididymis lesion,5.86,2026,Procedure,CMS
54840,Remove epididymis lesion,5.14,2026,Procedure,CMS
54860,Removal of epididymis,6.78,2026,Procedure,CMS
54861,Removal of epididymis,9.46,2026,Procedure,CMS
54865,Explore epididymis,5.63,2026,Procedure,CMS
54900,Fusion of spermatic ducts,13.85,2026,Procedure,CMS
54901,Fusion of spermatic ducts,18.62,2026,Procedure,CMS
55000,Drainage of hydrocele,1.39,2026,Procedure,CMS
55040,Removal of hydrocele,5.31,2026,Procedure,CMS
55041,Removal of hydroceles,8.33,2026,Procedure,CMS
55060,Repair of hydrocele,6.0,2026,Procedure,CMS
55100,Drainage of scrotum abscess,2.39,2026,Procedure,CMS
55110,Explore scrotum,6.17,2026,Procedure,CMS
55120,Removal of scrotum lesion,5.58,2026,Procedure,CMS
55150,Removal of scrotum,7.94,2026,Procedure,CMS
55175,Revision of scrotum,5.72,2026,Procedure,CMS
55180,Revision of scrotum,11.49,2026,Procedure,CMS
55200,Incision of sperm duct,4.44,2026,Procedure,CMS
55250,Removal of sperm duct(s),3.29,2026,Procedure,CMS
55300,Prepare sperm duct x-ray,3.41,2026,Procedure,CMS
55400,Repair of sperm duct,8.39,2026,Procedure,CMS
55500,Removal of hydrocele,6.06,2026,Procedure,CMS
55520,Removal of sperm cord lesion,6.49,2026,Procedure,CMS
55530,Revise spermatic cord veins,5.61,2026,Procedure,CMS
55535,Revise spermatic cord veins,7.01,2026,Procedure,CMS
55540,Revise hernia & sperm veins,8.09,2026,Procedure,CMS
55550,Laparo ligate spermatic vein,7.02,2026,Procedure,CMS
55559,Unlstd laps px sprmatic cord,0.0,2026,Procedure,CMS
55600,Vesiculotomy,6.83,2026,Procedure,CMS
55605,Vesiculotomy complicated,8.54,2026,Procedure,CMS
55650,Remove sperm duct pouch,12.33,2026,Procedure,CMS
55680,Remove sperm pouch lesion,5.53,2026,Procedure,CMS
55705,Bx prst8 any approach nonimg,1.88,2026,Procedure,CMS
55706,Bx prst8 ndl sat sampling,4.16,2026,Procedure,CMS
55707,Bx prst8 trct us guided,2.63,2026,Procedure,CMS
55708,Bx prst8 trct us w/mri fus 1,3.39,2026,Procedure,CMS
55709,Bx prst8 tprnl us guided,3.23,2026,Procedure,CMS
55710,Bx prst8 tprn us w/mri fus 1,3.81,2026,Procedure,CMS
55711,Bx prst8 trct mri-us 1st,2.61,2026,Procedure,CMS
55712,Bx prst8 tprnl mri-us 1st,3.1,2026,Procedure,CMS
55713,Bx prst8 in-bore ct/mri bx 1,4.0,2026,Procedure,CMS
55714,Bx prst8 in-bore ct/mri 1,3.62,2026,Procedure,CMS
55715,Bx prst8 ea add mri-us/ct/mr,1.05,2026,Procedure,CMS
55720,Drainage of prostate abscess,7.54,2026,Procedure,CMS
55725,Drainage of prostate abscess,9.8,2026,Procedure,CMS
55801,Removal of prostate,19.31,2026,Procedure,CMS
55810,Extensive prostate surgery,23.68,2026,Procedure,CMS
55812,Extensive prostate surgery,29.14,2026,Procedure,CMS
55815,Extensive prostate surgery,32.13,2026,Procedure,CMS
55821,Removal of prostate,14.8,2026,Procedure,CMS
55831,Removal of prostate,15.21,2026,Procedure,CMS
55840,Extensive prostate surgery,20.83,2026,Procedure,CMS
55842,Extensive prostate surgery,20.83,2026,Procedure,CMS
55845,Extensive prostate surgery,24.55,2026,Procedure,CMS
55860,Surgical exposure prostate,15.44,2026,Procedure,CMS
55862,Extensive prostate surgery,19.54,2026,Procedure,CMS
55865,Extensive prostate surgery,23.96,2026,Procedure,CMS
55866,Laps surg prst8ect rpbic rad,21.9,2026,Procedure,CMS
55867,Laps surg prst8ect smpl stot,19.04,2026,Procedure,CMS
55868,Lap srg prst8ct lymph nod bx,22.46,2026,Procedure,CMS
55869,Lap srg prst8ct bi pl lmphad,27.41,2026,Procedure,CMS
55870,Electroejaculation,2.52,2026,Procedure,CMS
55873,Cryoablate prostate,13.26,2026,Procedure,CMS
55874,Tprnl plmt biodegrdabl matrl,2.95,2026,Procedure,CMS
55875,Transperi needle place pros,13.12,2026,Procedure,CMS
55876,Place rt device/marker pros,1.69,2026,Procedure,CMS
55877,Abltj ire prst8 1+ tum perq,13.5,2026,Procedure,CMS
55880,Abltj mal prst8 tiss hifu,17.29,2026,Procedure,CMS
55881,Ablt trurl prst8 tis thrm us,9.56,2026,Procedure,CMS
55882,Ablt trurl prst8 tis trnsdcr,11.21,2026,Procedure,CMS
55899,Unlisted px male genital sys,0.0,2026,Procedure,CMS
55920,Place needles pelvic for rt,8.1,2026,Procedure,CMS
55970,Sex transformation m to f,0.0,2026,Procedure,CMS
55980,Sex transformation f to m,0.0,2026,Procedure,CMS
56405,I&d vulva/perineal abscess,1.45,2026,Procedure,CMS
56420,I&d bartholins gland abscess,1.4,2026,Procedure,CMS
56440,Mrsplzatn brthlns glnd cst,2.82,2026,Procedure,CMS
56441,Lysis of labial adhesions,1.97,2026,Procedure,CMS
56442,Hymenotomy,0.66,2026,Procedure,CMS
56501,Destroy vulva lesions sim,1.54,2026,Procedure,CMS
56515,Destroy vulva lesion/s compl,3.0,2026,Procedure,CMS
56605,Biopsy of vulva/perineum,1.07,2026,Procedure,CMS
56606,Biopsy of vulva/perineum,0.54,2026,Procedure,CMS
56620,Vulvectomy simple partial,7.34,2026,Procedure,CMS
56625,Vulvectomy simple complete,9.44,2026,Procedure,CMS
56630,Vulvectomy radical partial,14.43,2026,Procedure,CMS
56631,Vlvctmy rad prtl uni lymphad,18.52,2026,Procedure,CMS
56632,Vlvctmy rad prtl bi lymphad,21.31,2026,Procedure,CMS
56633,Vulvectomy radical complete,19.13,2026,Procedure,CMS
56634,Vlvctmy rad comp uni lymphad,20.14,2026,Procedure,CMS
56637,Vlvctmy rad comp bi lymphad,24.13,2026,Procedure,CMS
56640,Vlvctmy rad comp w/lymphadec,24.16,2026,Procedure,CMS
56700,Prtl hymnctmy/revj hymnl rng,2.77,2026,Procedure,CMS
56740,Exc bartholins gland/cyst,4.76,2026,Procedure,CMS
56800,Plastic repair introitus,3.83,2026,Procedure,CMS
56805,Clitoroplasty intersex state,19.38,2026,Procedure,CMS
56810,Perineoplasty rpr per nonob,4.18,2026,Procedure,CMS
56820,Colposcopy vulva,1.46,2026,Procedure,CMS
56821,Colposcopy vulva w/biopsy,2.0,2026,Procedure,CMS
57000,Colpotomy w/exploration,2.94,2026,Procedure,CMS
57010,Colpotomy drg pel abscess,6.67,2026,Procedure,CMS
57020,Colpocentesis sep px,1.46,2026,Procedure,CMS
57022,I&d vaginal hematoma ob/pp,2.66,2026,Procedure,CMS
57023,I&d vaginal hematoma non-ob,5.05,2026,Procedure,CMS
57061,Destruction vag lesions smpl,1.27,2026,Procedure,CMS
57065,Destruction vag lesion xtnsv,2.59,2026,Procedure,CMS
57100,Biopsy vaginal mucosa simple,1.17,2026,Procedure,CMS
57105,Biopsy vaginal mucosa xtnsv,1.7,2026,Procedure,CMS
57106,Vagnc prtl rmvl vag wall,7.31,2026,Procedure,CMS
57107,Vagnc compl rmvl paravag tis,23.95,2026,Procedure,CMS
57109,Vagnc bi total pel lymphadec,27.69,2026,Procedure,CMS
57110,Vagnc compl rmvl vag wall,15.09,2026,Procedure,CMS
57111,Vagnc compl rmvl paravag tis,27.69,2026,Procedure,CMS
57120,Colpocleisis le fort type,8.07,2026,Procedure,CMS
57130,Excision vaginal septum,2.4,2026,Procedure,CMS
57135,Excision vaginal cyst/tumor,2.63,2026,Procedure,CMS
57150,Treat vagina infection,0.49,2026,Procedure,CMS
57155,Insert uteri tandem/ovoids,5.02,2026,Procedure,CMS
57156,Ins vag brachytx device,2.62,2026,Procedure,CMS
57160,Insert pessary/other device,0.87,2026,Procedure,CMS
57170,Fitting of diaphragm/cap,0.89,2026,Procedure,CMS
57180,Treat vaginal bleeding,1.59,2026,Procedure,CMS
57200,Repair of vagina,4.31,2026,Procedure,CMS
57210,Repair vagina/perineum,5.57,2026,Procedure,CMS
57220,Revision of urethra,4.73,2026,Procedure,CMS
57230,Repair of urethral lesion,6.14,2026,Procedure,CMS
57240,Anterior colporrhaphy,9.83,2026,Procedure,CMS
57250,Repair rectum & vagina,9.83,2026,Procedure,CMS
57260,Cmbn ant pst colprhy,12.92,2026,Procedure,CMS
57265,Cmbn ap colprhy w/ntrcl rpr,14.63,2026,Procedure,CMS
57267,Insert mesh/pelvic flr addon,4.76,2026,Procedure,CMS
57268,Repair of bowel bulge,7.38,2026,Procedure,CMS
57270,Repair of bowel pouch,13.33,2026,Procedure,CMS
57280,Suspension of vagina,16.3,2026,Procedure,CMS
57282,Colpopexy extraperitoneal,11.34,2026,Procedure,CMS
57283,Colpopexy intraperitoneal,11.37,2026,Procedure,CMS
57284,Repair paravag defect open,13.97,2026,Procedure,CMS
57285,Repair paravag defect vag,11.31,2026,Procedure,CMS
57287,Revise/remove sling repair,10.87,2026,Procedure,CMS
57288,Repair bladder defect,11.83,2026,Procedure,CMS
57289,Repair bladder & vagina,12.48,2026,Procedure,CMS
57291,Construction of vagina,8.42,2026,Procedure,CMS
57292,Construct vagina with graft,13.66,2026,Procedure,CMS
57295,Revise vag graft via vagina,7.62,2026,Procedure,CMS
57296,Revise vag graft open abd,16.15,2026,Procedure,CMS
57300,Repair rectum-vagina fistula,8.49,2026,Procedure,CMS
57305,Repair rectum-vagina fistula,14.97,2026,Procedure,CMS
57307,Fistula repair & colostomy,16.74,2026,Procedure,CMS
57308,Fistula repair transperine,10.33,2026,Procedure,CMS
57310,Repair urethrovaginal lesion,7.46,2026,Procedure,CMS
57311,Repair urethrovaginal lesion,8.69,2026,Procedure,CMS
57320,Repair bladder-vagina lesion,8.66,2026,Procedure,CMS
57330,Repair bladder-vagina lesion,12.88,2026,Procedure,CMS
57335,Repair vagina,19.52,2026,Procedure,CMS
57400,Dilation of vagina,2.21,2026,Procedure,CMS
57410,Pelvic examination,1.71,2026,Procedure,CMS
57415,Remove vaginal foreign body,2.43,2026,Procedure,CMS
57420,Exam of vagina w/scope,1.56,2026,Procedure,CMS
57421,Exam/biopsy of vag w/scope,2.15,2026,Procedure,CMS
57423,Repair paravag defect lap,15.68,2026,Procedure,CMS
57425,Laparoscopy surg colpopexy,16.6,2026,Procedure,CMS
57426,Revise prosth vag graft lap,13.94,2026,Procedure,CMS
57452,Exam of cervix w/scope,1.46,2026,Procedure,CMS
57454,Bx/curett of cervix w/scope,2.27,2026,Procedure,CMS
57455,Biopsy of cervix w/scope,1.94,2026,Procedure,CMS
57456,Endocerv curettage w/scope,1.8,2026,Procedure,CMS
57460,Bx of cervix w/scope leep,2.76,2026,Procedure,CMS
57461,Conz of cervix w/scope leep,3.34,2026,Procedure,CMS
57465,Cam cervix uteri drg colp,0.79,2026,Procedure,CMS
57500,Biopsy of cervix,1.17,2026,Procedure,CMS
57505,Endocervical curettage,1.16,2026,Procedure,CMS
57510,Cauterization of cervix,1.85,2026,Procedure,CMS
57511,Cryocautery of cervix,1.9,2026,Procedure,CMS
57513,Laser surgery of cervix,1.9,2026,Procedure,CMS
57520,Conization of cervix,4.01,2026,Procedure,CMS
57522,Conization of cervix,3.58,2026,Procedure,CMS
57530,Removal of cervix,5.14,2026,Procedure,CMS
57531,Removal of cervix radical,29.2,2026,Procedure,CMS
57540,Removal of residual cervix,12.96,2026,Procedure,CMS
57545,Remove cervix/repair pelvis,13.75,2026,Procedure,CMS
57550,Removal of residual cervix,6.18,2026,Procedure,CMS
57555,Remove cervix/repair vagina,9.69,2026,Procedure,CMS
57556,Remove cervix repair bowel,9.13,2026,Procedure,CMS
57558,D&c of cervical stump,1.68,2026,Procedure,CMS
57700,Revision of cervix,4.24,2026,Procedure,CMS
57720,Revision of cervix,4.49,2026,Procedure,CMS
57800,Dilation of cervical canal,0.75,2026,Procedure,CMS
58100,Biopsy of uterus lining,1.18,2026,Procedure,CMS
58110,Bx done w/colposcopy add-on,0.75,2026,Procedure,CMS
58120,Dilation and curettage,3.5,2026,Procedure,CMS
58140,Myomectomy abdom method,15.4,2026,Procedure,CMS
58145,Myomectomy vag method,8.69,2026,Procedure,CMS
58146,Myomectomy abdom complex,19.83,2026,Procedure,CMS
58150,Total hysterectomy,16.88,2026,Procedure,CMS
58152,Total hysterectomy,21.31,2026,Procedure,CMS
58180,Partial hysterectomy,16.19,2026,Procedure,CMS
58200,Extensive hysterectomy,22.52,2026,Procedure,CMS
58210,Extensive hysterectomy,30.14,2026,Procedure,CMS
58240,Removal of pelvis contents,48.1,2026,Procedure,CMS
58260,Vaginal hysterectomy,13.8,2026,Procedure,CMS
58262,Vag hyst including t/o,15.54,2026,Procedure,CMS
58263,Vag hyst w/t/o & vag repair,16.8,2026,Procedure,CMS
58267,Vag hyst w/urinary repair,17.9,2026,Procedure,CMS
58270,Vag hyst w/enterocele repair,14.92,2026,Procedure,CMS
58275,Hysterectomy/revise vagina,16.6,2026,Procedure,CMS
58280,Hysterectomy/revise vagina,17.87,2026,Procedure,CMS
58285,Extensive hysterectomy,22.8,2026,Procedure,CMS
58290,Vag hyst complex,19.76,2026,Procedure,CMS
58291,Vag hyst incl t/o complex,21.51,2026,Procedure,CMS
58292,Vag hyst t/o & repair compl,22.77,2026,Procedure,CMS
58294,Vag hyst w/enterocele compl,21.01,2026,Procedure,CMS
58300,Insert intrauterine device,0.98,2026,Procedure,CMS
58301,Remove intrauterine device,1.24,2026,Procedure,CMS
58321,Artificial insemination,0.9,2026,Procedure,CMS
58322,Artificial insemination,1.07,2026,Procedure,CMS
58323,Sperm washing,0.22,2026,Procedure,CMS
58340,Catheter for hysterography,0.86,2026,Procedure,CMS
58345,Reopen fallopian tube,4.58,2026,Procedure,CMS
58346,Insert heyman uteri capsule,7.37,2026,Procedure,CMS
58350,Reopen fallopian tube,1.03,2026,Procedure,CMS
58353,Endometr ablate thermal,3.51,2026,Procedure,CMS
58356,Endometrial cryoablation,6.25,2026,Procedure,CMS
58400,Suspension of uterus,6.96,2026,Procedure,CMS
58410,Suspension of uterus,13.46,2026,Procedure,CMS
58520,Repair of ruptured uterus,13.14,2026,Procedure,CMS
58540,Revision of uterus,15.32,2026,Procedure,CMS
58541,Lsh uterus 250 g or less,11.98,2026,Procedure,CMS
58542,Lsh w/t/o ut 250 g or less,13.81,2026,Procedure,CMS
58543,Lsh uterus above 250 g,14.03,2026,Procedure,CMS
58544,Lsh w/t/o uterus above 250 g,15.21,2026,Procedure,CMS
58545,Laparoscopic myomectomy,15.16,2026,Procedure,CMS
58546,Laparo-myomectomy complex,19.44,2026,Procedure,CMS
58548,Lap radical hyst,30.84,2026,Procedure,CMS
58550,Laparo-asst vag hysterectomy,14.72,2026,Procedure,CMS
58552,Laparo-vag hyst incl t/o,16.49,2026,Procedure,CMS
58553,Laparo-vag hyst complex,19.56,2026,Procedure,CMS
58554,Laparo-vag hyst w/t/o compl,22.53,2026,Procedure,CMS
58555,Hysteroscopy dx sep proc,2.58,2026,Procedure,CMS
58558,Hysteroscopy biopsy,4.07,2026,Procedure,CMS
58559,Hysteroscopy lysis,5.07,2026,Procedure,CMS
58560,Hysteroscopy resect septum,5.61,2026,Procedure,CMS
58561,Hysteroscopy remove myoma,6.44,2026,Procedure,CMS
58562,Hysteroscopy remove fb,3.9,2026,Procedure,CMS
58563,Hysteroscopy ablation,4.36,2026,Procedure,CMS
58565,Hysteroscopy sterilization,6.94,2026,Procedure,CMS
58570,Tlh uterus 250 g or less,13.03,2026,Procedure,CMS
58571,Tlh w/t/o 250 g or less,14.63,2026,Procedure,CMS
58572,Tlh uterus over 250 g,17.27,2026,Procedure,CMS
58573,Tlh w/t/o uterus over 250 g,20.27,2026,Procedure,CMS
58575,Laps tot hyst resj mal,31.79,2026,Procedure,CMS
58578,Unlisted laps px uterus,0.0,2026,Procedure,CMS
58579,Unlisted hystsc px uterus,0.0,2026,Procedure,CMS
58580,Transcrv abltj utrn fibrd rf,7.03,2026,Procedure,CMS
58600,Division of fallopian tube,5.76,2026,Procedure,CMS
58605,Division of fallopian tube,5.15,2026,Procedure,CMS
58611,Ligate oviduct(s) add-on,1.41,2026,Procedure,CMS
58615,Occlude fallopian tube(s),3.84,2026,Procedure,CMS
58660,Laparoscopy lysis,11.3,2026,Procedure,CMS
58661,Laparoscopy remove adnexa,11.07,2026,Procedure,CMS
58662,Laparoscopy excise lesions,11.85,2026,Procedure,CMS
58670,Laparoscopy tubal cautery,5.76,2026,Procedure,CMS
58671,Laparoscopy tubal block,5.76,2026,Procedure,CMS
58672,Laparoscopy fimbrioplasty,12.59,2026,Procedure,CMS
58673,Laparoscopy salpingostomy,13.69,2026,Procedure,CMS
58674,Laps abltj uterine fibroids,13.73,2026,Procedure,CMS
58679,Unlisted laps px ovidct ovry,0.0,2026,Procedure,CMS
58700,Removal of fallopian tube,12.63,2026,Procedure,CMS
58720,Removal of ovary/tube(s),11.86,2026,Procedure,CMS
58740,Adhesiolysis tube ovary,14.53,2026,Procedure,CMS
58750,Repair oviduct,15.25,2026,Procedure,CMS
58752,Revise ovarian tube(s),15.25,2026,Procedure,CMS
58760,Fimbrioplasty,13.58,2026,Procedure,CMS
58770,Create new tubal opening,14.4,2026,Procedure,CMS
58800,Drainage of ovarian cyst(s),4.5,2026,Procedure,CMS
58805,Drainage of ovarian cyst(s),6.26,2026,Procedure,CMS
58820,Drain ovary abscess open,4.58,2026,Procedure,CMS
58822,Drain ovary abscess percut,11.51,2026,Procedure,CMS
58825,Transposition ovary(s),11.49,2026,Procedure,CMS
58900,Biopsy of ovary(s),6.43,2026,Procedure,CMS
58920,Partial removal of ovary(s),11.65,2026,Procedure,CMS
58925,Removal of ovarian cyst(s),12.12,2026,Procedure,CMS
58940,Removal of ovary(s),8.01,2026,Procedure,CMS
58943,Removal of ovary(s),19.03,2026,Procedure,CMS
58950,Resect ovarian malignancy,17.91,2026,Procedure,CMS
58951,Resect ovarian malignancy,23.65,2026,Procedure,CMS
58952,Resect ovarian malignancy,26.61,2026,Procedure,CMS
58953,Tah rad dissect for debulk,33.28,2026,Procedure,CMS
58954,Tah rad debulk/lymph remove,36.2,2026,Procedure,CMS
58956,Bso omentectomy w/tah,22.23,2026,Procedure,CMS
58958,Resc recr ovr tbl pp utr mal,28.49,2026,Procedure,CMS
58960,Exploration of abdomen,15.4,2026,Procedure,CMS
58970,Retrieval of oocyte,3.43,2026,Procedure,CMS
58974,Embryo transfer intrauterine,0.0,2026,Procedure,CMS
58976,Transfer of embryo,3.72,2026,Procedure,CMS
58999,Unlisted px fml genital sys,0.0,2026,Procedure,CMS
59000,Amniocentesis diagnostic,1.27,2026,Procedure,CMS
59001,Amniocentesis therapeutic,2.93,2026,Procedure,CMS
59012,Fetal cord puncture prenatal,3.35,2026,Procedure,CMS
59015,Chorion biopsy,2.15,2026,Procedure,CMS
59020,Fetal contract stress test,0.64,2026,Procedure,CMS
59025,Fetal non-stress test,0.52,2026,Procedure,CMS
59030,Fetal scalp blood sampling,1.94,2026,Procedure,CMS
59050,Fetal monitor w/report,0.87,2026,Procedure,CMS
59051,Fetal monitor/interpret only,0.72,2026,Procedure,CMS
59070,Transabdom amnioinfus w/us,5.11,2026,Procedure,CMS
59072,Umbilical cord occlud w/us,8.77,2026,Procedure,CMS
59074,Fetal fluid drainage w/us,5.11,2026,Procedure,CMS
59076,Fetal shunt placement w/us,8.77,2026,Procedure,CMS
59100,Remove uterus lesion,13.04,2026,Procedure,CMS
59120,Treat ectopic pregnancy,12.35,2026,Procedure,CMS
59121,Treat ectopic pregnancy,12.42,2026,Procedure,CMS
59130,Treat ectopic pregnancy,14.7,2026,Procedure,CMS
59136,Treat ectopic pregnancy,13.89,2026,Procedure,CMS
59140,Treat ectopic pregnancy,5.79,2026,Procedure,CMS
59150,Treat ectopic pregnancy,11.98,2026,Procedure,CMS
59151,Treat ectopic pregnancy,11.81,2026,Procedure,CMS
59160,D & c after delivery,2.69,2026,Procedure,CMS
59200,Insert cervical dilator,1.17,2026,Procedure,CMS
59300,Episiotomy or vaginal repair,2.35,2026,Procedure,CMS
59320,Revision of cervix,2.42,2026,Procedure,CMS
59325,Revision of cervix,3.96,2026,Procedure,CMS
59350,Repair of uterus,4.82,2026,Procedure,CMS
59400,Obstetrical care,37.0,2026,Procedure,CMS
59409,Obstetrical care,14.37,2026,Procedure,CMS
59410,Obstetrical care,18.76,2026,Procedure,CMS
59412,Antepartum manipulation,1.71,2026,Procedure,CMS
59414,Deliver placenta,1.61,2026,Procedure,CMS
59425,Antepartum care only,7.8,2026,Procedure,CMS
59426,Antepartum care only,14.3,2026,Procedure,CMS
59430,Care after delivery,3.22,2026,Procedure,CMS
59510,Cesarean delivery,41.05,2026,Procedure,CMS
59514,Cesarean delivery only,16.13,2026,Procedure,CMS
59515,Cesarean delivery,22.79,2026,Procedure,CMS
59525,Remove uterus after cesarean,8.32,2026,Procedure,CMS
59610,Vbac delivery,38.71,2026,Procedure,CMS
59612,Vbac delivery only,16.09,2026,Procedure,CMS
59614,Vbac care after delivery,20.48,2026,Procedure,CMS
59618,Attempted vbac delivery,41.57,2026,Procedure,CMS
59620,Attempted vbac delivery only,16.66,2026,Procedure,CMS
59622,Attempted vbac after care,23.32,2026,Procedure,CMS
59812,Treatment of miscarriage,4.33,2026,Procedure,CMS
59820,Care of miscarriage,4.72,2026,Procedure,CMS
59821,Treatment of miscarriage,4.96,2026,Procedure,CMS
59830,Treat uterus infection,6.43,2026,Procedure,CMS
59840,Induced abortion d&c,2.93,2026,Procedure,CMS
59841,Induced abortion dilat&evac,5.51,2026,Procedure,CMS
59850,Induced abortion 1+ njx,5.75,2026,Procedure,CMS
59851,Induced abortion 1+njx d&c,5.77,2026,Procedure,CMS
59852,Induced abortion 1+njx hyst,8.02,2026,Procedure,CMS
59855,Induced abortion 1+vag supp,6.27,2026,Procedure,CMS
59856,Induced ab 1+vag supp d&c,7.6,2026,Procedure,CMS
59857,Induced ab 1+vag supp hyst,9.1,2026,Procedure,CMS
59866,Abortion (mpr),3.89,2026,Procedure,CMS
59870,Evacuate mole of uterus,6.41,2026,Procedure,CMS
59871,Remove cerclage suture,2.08,2026,Procedure,CMS
59897,Unlisted fetal invas px w/us,0.0,2026,Procedure,CMS
59898,Unlstd laps px mat care&dlvr,0.0,2026,Procedure,CMS
59899,Unlisted px mat care&dlvr,0.0,2026,Procedure,CMS
60000,I&d thyroglssl dux cst infct,1.76,2026,Procedure,CMS
6005F,Care level rationale doc,0.0,2026,Procedure,CMS
60100,Biopsy of thyroid,1.52,2026,Procedure,CMS
6010F,Dysphag test done b/4 eating,0.0,2026,Procedure,CMS
6015F,Dysphag test done b/4 eating,0.0,2026,Procedure,CMS
60200,Remove thyroid lesion,9.77,2026,Procedure,CMS
6020F,Npo (nothing-mouth) ordered,0.0,2026,Procedure,CMS
60210,Partial thyroid excision,10.95,2026,Procedure,CMS
60212,Partial thyroid excision,16.02,2026,Procedure,CMS
60220,Partial removal of thyroid,10.91,2026,Procedure,CMS
60225,Partial removal of thyroid,14.42,2026,Procedure,CMS
60240,Removal of thyroid,14.66,2026,Procedure,CMS
60252,Removal of thyroid,21.46,2026,Procedure,CMS
60254,Extensive thyroid surgery,27.71,2026,Procedure,CMS
60260,Repeat thyroid surgery,17.8,2026,Procedure,CMS
60270,Removal of thyroid,22.62,2026,Procedure,CMS
60271,Removal of thyroid,17.18,2026,Procedure,CMS
60280,Remove thyroid duct lesion,6.01,2026,Procedure,CMS
60281,Remove thyroid duct lesion,8.6,2026,Procedure,CMS
60300,Aspir/inj thyroid cyst,0.95,2026,Procedure,CMS
6030F,Max sterile barriers flwd,0.0,2026,Procedure,CMS
6040F,Appro rad ds dvcs techs docd,0.0,2026,Procedure,CMS
6045F,Radxps in end rprt4fluro pxd,0.0,2026,Procedure,CMS
60500,Explore parathyroid glands,15.21,2026,Procedure,CMS
60502,Re-explore parathyroids,20.62,2026,Procedure,CMS
60505,Explore parathyroid glands,22.48,2026,Procedure,CMS
60512,Autotransplant parathyroid,4.33,2026,Procedure,CMS
60520,Removal of thymus gland,16.73,2026,Procedure,CMS
60521,Removal of thymus gland,18.7,2026,Procedure,CMS
60522,Removal of thymus gland,22.89,2026,Procedure,CMS
60540,Explore adrenal gland,17.57,2026,Procedure,CMS
60545,Explore adrenal gland,20.41,2026,Procedure,CMS
60600,Remove carotid body lesion,24.46,2026,Procedure,CMS
60605,Remove carotid body lesion,31.16,2026,Procedure,CMS
60650,Laparoscopy adrenalectomy,20.21,2026,Procedure,CMS
60659,Unlisted laps px endoc sys,0.0,2026,Procedure,CMS
60660,Abltj 1/+thyr ndul 1lobe prq,5.61,2026,Procedure,CMS
60661,Abltj 1/+thyr ndul addl prq,4.14,2026,Procedure,CMS
60699,Unlisted px endocrine system,0.0,2026,Procedure,CMS
6070F,Pt asked/cnsld aed effects,0.0,2026,Procedure,CMS
6080F,Pt/caregiver queried falls,0.0,2026,Procedure,CMS
6090F,Pt/caregiver counsel safety,0.0,2026,Procedure,CMS
61000,Remove cranial cavity fluid,1.54,2026,Procedure,CMS
61001,Remove cranial cavity fluid,1.45,2026,Procedure,CMS
6100F,Verify pt site pxd docd,0.0,2026,Procedure,CMS
6101F,Safety counseling dementia,0.0,2026,Procedure,CMS
61020,Remove brain cavity fluid,1.47,2026,Procedure,CMS
61026,Injection into brain canal,1.65,2026,Procedure,CMS
6102F,Safety counseling dem order,0.0,2026,Procedure,CMS
61050,Remove brain canal fluid,1.47,2026,Procedure,CMS
61055,Injection into brain canal,2.05,2026,Procedure,CMS
61070,Brain canal shunt procedure,0.87,2026,Procedure,CMS
61105,Tdh sdrl/ventr pnxr,5.31,2026,Procedure,CMS
61107,Tdh pnxr implt ventr cath,4.87,2026,Procedure,CMS
61108,Tdh pnxr evac&/drg sdrl hmta,11.35,2026,Procedure,CMS
6110F,Counsel prov driving risks,0.0,2026,Procedure,CMS
61120,Burr hole for ventr puncture,9.36,2026,Procedure,CMS
61140,Burr hole/treph bx brain/les,16.8,2026,Procedure,CMS
61150,Bur hol/trph drg brn abs/cst,18.43,2026,Procedure,CMS
61151,Burr hole/treph sbsq tapping,13.15,2026,Procedure,CMS
61154,Burr hole w/evac&/drg hmtma,16.64,2026,Procedure,CMS
61156,Burr hol aspir hmtm/cst icer,17.01,2026,Procedure,CMS
61210,Burr hole implt ventr cath,5.68,2026,Procedure,CMS
61215,Ins subq rsvr pmp/nfs sys,5.7,2026,Procedure,CMS
61250,Burr hole/treph sttl expl,11.2,2026,Procedure,CMS
61253,Burr hole treph ittl uni/bi,13.15,2026,Procedure,CMS
61304,Crnec/crnot expl supratntorl,22.82,2026,Procedure,CMS
61305,Crnec/crnot expl infratntorl,27.92,2026,Procedure,CMS
61312,Crnec/crnot sttl xdrl/sdrl,29.42,2026,Procedure,CMS
61313,Crnec/crnot sttl icere,27.39,2026,Procedure,CMS
61314,Crnec/crnot ittl xdrl/sdrl,25.25,2026,Procedure,CMS
61315,Crnec/crnot ittl ntracereblr,28.91,2026,Procedure,CMS
61316,Inc&subq plmt crnl bone grf,1.36,2026,Procedure,CMS
61320,Crnec/crnot drg icr abs sttl,26.73,2026,Procedure,CMS
61321,Crnec/crnot drg icr abs ittl,29.77,2026,Procedure,CMS
61322,Crnec/crnot dcmprv w/o lobec,33.4,2026,Procedure,CMS
61323,Crnec/crnot dcmprv w/lobec,34.18,2026,Procedure,CMS
61330,Dcmprn orbit only transcrnl,24.67,2026,Procedure,CMS
61333,Expl orbit w/removal lesion,28.54,2026,Procedure,CMS
61340,Subtemporal cranial dcmprn,19.61,2026,Procedure,CMS
61343,Crnec sopl crv lam dcmprn,31.06,2026,Procedure,CMS
61345,Oth cranial dcmprn pst fossa,28.5,2026,Procedure,CMS
61450,Crnec stpl sctj cmprn/dcmprn,27.0,2026,Procedure,CMS
61458,Crnec sopl xpl/dcmpr crl nrv,28.12,2026,Procedure,CMS
61460,Crnec sopl sctj 1+crnl nrv,29.48,2026,Procedure,CMS
61500,Crnec exc tum/bone les skull,18.7,2026,Procedure,CMS
61501,Craniectomy f/osteomyelitis,15.94,2026,Procedure,CMS
6150F,Pt notrcvng1st antitnf txmnt,0.0,2026,Procedure,CMS
61510,Crnec treph exc brn tum sttl,30.06,2026,Procedure,CMS
61512,Crnec treph exc mngioma sttl,36.21,2026,Procedure,CMS
61514,Crnec treph exc brn abs sttl,26.55,2026,Procedure,CMS
61516,Crnec treph exc cyst sttl,25.92,2026,Procedure,CMS
61517,Implt brn intrcv chemotx agt,1.35,2026,Procedure,CMS
61518,Removal of brain lesion,38.89,2026,Procedure,CMS
61519,Remove brain lining lesion,42.34,2026,Procedure,CMS
61520,Removal of brain lesion,55.66,2026,Procedure,CMS
61521,Removal of brain lesion,45.82,2026,Procedure,CMS
61522,Removal of brain abscess,30.75,2026,Procedure,CMS
61524,Removal of brain lesion,29.14,2026,Procedure,CMS
61526,Removal of brain lesion,52.73,2026,Procedure,CMS
61530,Removal of brain lesion,44.42,2026,Procedure,CMS
61531,Implant brain electrodes,16.0,2026,Procedure,CMS
61533,Implant brain electrodes,20.92,2026,Procedure,CMS
61534,Removal of brain lesion,22.43,2026,Procedure,CMS
61535,Remove brain electrodes,12.82,2026,Procedure,CMS
61536,Removal of brain lesion,36.78,2026,Procedure,CMS
61537,Removal of brain tissue,35.54,2026,Procedure,CMS
61538,Removal of brain tissue,38.46,2026,Procedure,CMS
61539,Removal of brain tissue,33.42,2026,Procedure,CMS
61540,Removal of brain tissue,30.64,2026,Procedure,CMS
61541,Incision of brain tissue,30.17,2026,Procedure,CMS
61543,Removal of brain tissue,30.53,2026,Procedure,CMS
61544,Remove & treat brain lesion,26.68,2026,Procedure,CMS
61545,Excision of brain tumor,45.27,2026,Procedure,CMS
61546,Removal of pituitary gland,32.6,2026,Procedure,CMS
61548,Removal of pituitary gland,22.79,2026,Procedure,CMS
61550,Release of skull seams,15.2,2026,Procedure,CMS
61552,Release of skull seams,19.89,2026,Procedure,CMS
61556,Incise skull/sutures,23.49,2026,Procedure,CMS
61557,Incise skull/sutures,22.73,2026,Procedure,CMS
61558,Excision of skull/sutures,25.84,2026,Procedure,CMS
61559,Excision of skull/sutures,33.17,2026,Procedure,CMS
61563,Excision of skull tumor,27.73,2026,Procedure,CMS
61564,Excision of skull tumor,33.87,2026,Procedure,CMS
61566,Removal of brain tissue,31.64,2026,Procedure,CMS
61567,Incision of brain tissue,36.08,2026,Procedure,CMS
61570,Remove foreign body brain,25.85,2026,Procedure,CMS
61571,Incise skull for brain wound,27.71,2026,Procedure,CMS
61575,Skull base/brainstem surgery,35.65,2026,Procedure,CMS
61576,Skull base/brainstem surgery,53.93,2026,Procedure,CMS
61580,Craniofacial approach skull,33.65,2026,Procedure,CMS
61581,Craniofacial approach skull,38.15,2026,Procedure,CMS
61582,Craniofacial approach skull,34.26,2026,Procedure,CMS
61583,Craniofacial approach skull,37.54,2026,Procedure,CMS
61584,Orbitocranial approach/skull,36.76,2026,Procedure,CMS
61585,Orbitocranial approach/skull,41.51,2026,Procedure,CMS
61586,Resect nasopharynx skull,26.79,2026,Procedure,CMS
61590,Infratemporal approach/skull,45.86,2026,Procedure,CMS
61591,Infratemporal approach/skull,45.84,2026,Procedure,CMS
61592,Orbitocranial approach/skull,42.0,2026,Procedure,CMS
61595,Transtemporal approach/skull,32.9,2026,Procedure,CMS
61596,Transcochlear approach/skull,38.44,2026,Procedure,CMS
61597,Transcondylar approach/skull,39.8,2026,Procedure,CMS
61598,Transpetrosal approach/skull,35.62,2026,Procedure,CMS
61600,Resect/excise cranial lesion,29.26,2026,Procedure,CMS
61601,Resect/excise cranial lesion,30.36,2026,Procedure,CMS
61605,Resect/excise cranial lesion,31.76,2026,Procedure,CMS
61606,Resect/excise cranial lesion,41.0,2026,Procedure,CMS
61607,Resect/excise cranial lesion,39.91,2026,Procedure,CMS
61608,Resect/excise cranial lesion,44.4,2026,Procedure,CMS
61611,Transect artery sinus,7.22,2026,Procedure,CMS
61613,Remove aneurysm sinus,43.9,2026,Procedure,CMS
61615,Resect/excise lesion skull,34.88,2026,Procedure,CMS
61616,Resect/excise lesion skull,45.57,2026,Procedure,CMS
61618,Repair dura,18.22,2026,Procedure,CMS
61619,Repair dura,21.55,2026,Procedure,CMS
61623,Evasc temp balo artl occ h/n,9.7,2026,Procedure,CMS
61624,Tcat perm occls/embolj cns,19.5,2026,Procedure,CMS
61626,Tcat perm occls/embol noncns,14.93,2026,Procedure,CMS
61630,Balo angioplasty icr perq,21.52,2026,Procedure,CMS
61635,Intracran angioplsty w/stent,23.67,2026,Procedure,CMS
61640,Dilate ic vasospasm init,12.32,2026,Procedure,CMS
61641,Dilat ic vspsm ea vsl sm ter,4.33,2026,Procedure,CMS
61642,Dilat ic vspsm ea diff ter,8.66,2026,Procedure,CMS
61645,Perq art m-thrombect &/nfs,14.63,2026,Procedure,CMS
61650,Evasc prlng admn rx agnt 1st,9.75,2026,Procedure,CMS
61651,Evasc prlng admn rx agnt add,4.14,2026,Procedure,CMS
61680,Intracranial vessel surgery,31.74,2026,Procedure,CMS
61682,Intracranial vessel surgery,61.82,2026,Procedure,CMS
61684,Intracranial vessel surgery,40.6,2026,Procedure,CMS
61686,Intracranial vessel surgery,65.81,2026,Procedure,CMS
61690,Intracranial vessel surgery,30.56,2026,Procedure,CMS
61692,Intracranial vessel surgery,53.23,2026,Procedure,CMS
61697,Brain aneurysm repr complx,61.82,2026,Procedure,CMS
61698,Brain aneurysm repr complx,67.89,2026,Procedure,CMS
61700,Brain aneurysm repr simple,49.35,2026,Procedure,CMS
61702,Inner skull vessel surgery,58.54,2026,Procedure,CMS
61703,Clamp neck artery,18.33,2026,Procedure,CMS
61705,Revise circulation to head,37.15,2026,Procedure,CMS
61708,Revise circulation to head,36.27,2026,Procedure,CMS
61710,Revise circulation to head,30.51,2026,Procedure,CMS
61711,Fusion of skull arteries,37.27,2026,Procedure,CMS
61715,Mrgfus strtctc ablt trgt icr,0.0,2026,Procedure,CMS
61720,Incise skull/brain surgery,17.18,2026,Procedure,CMS
61735,Incise skull/brain surgery,21.79,2026,Procedure,CMS
61736,Litt icr 1 traj 1 smpl les,18.58,2026,Procedure,CMS
61737,Litt icr mlt trj mlt/cplx ls,22.1,2026,Procedure,CMS
61750,Incise skull/brain biopsy,19.33,2026,Procedure,CMS
61751,Brain biopsy w/ct/mr guide,18.32,2026,Procedure,CMS
61760,Implant brain electrodes,21.83,2026,Procedure,CMS
61770,Incise skull for treatment,22.61,2026,Procedure,CMS
61781,Scan proc cranial intra,3.66,2026,Procedure,CMS
61782,Scan proc cranial extra,3.1,2026,Procedure,CMS
61783,Scan proc spinal,3.66,2026,Procedure,CMS
61790,Treat trigeminal nerve,11.31,2026,Procedure,CMS
61791,Treat trigeminal tract,15.02,2026,Procedure,CMS
61796,Srs cranial lesion simple,13.58,2026,Procedure,CMS
61797,Srs cran les simple addl,3.39,2026,Procedure,CMS
61798,Srs cranial lesion complex,19.35,2026,Procedure,CMS
61799,Srs cran les complex addl,4.69,2026,Procedure,CMS
61800,Apply srs headframe add-on,2.19,2026,Procedure,CMS
61850,Implant neuroelectrodes,13.01,2026,Procedure,CMS
61860,Implant neuroelectrodes,21.7,2026,Procedure,CMS
61863,Implant neuroelectrode,20.19,2026,Procedure,CMS
61864,Implant neuroelectrde addl,4.38,2026,Procedure,CMS
61867,Implant neuroelectrode,32.2,2026,Procedure,CMS
61868,Implant neuroelectrde addl,7.71,2026,Procedure,CMS
61880,Revise/remove neuroelectrode,6.78,2026,Procedure,CMS
61885,Insrt/redo neurostim 1 array,5.9,2026,Procedure,CMS
61886,Implant neurostim arrays,9.68,2026,Procedure,CMS
61888,Revise/remove neuroreceiver,5.1,2026,Procedure,CMS
61889,Ins sk-mnt crnl nstm pg/rcvr,25.11,2026,Procedure,CMS
61891,Rev/rplcmt sk-mnt crnl nstm,10.97,2026,Procedure,CMS
61892,Rmv sk-mnt crnl nstm pg/rcvr,14.63,2026,Procedure,CMS
62000,Treat skull fracture,13.58,2026,Procedure,CMS
62005,Treat skull fracture,17.19,2026,Procedure,CMS
62010,Treatment of head injury,20.89,2026,Procedure,CMS
62100,Repair brain fluid leakage,22.94,2026,Procedure,CMS
62115,Reduction of skull defect,22.34,2026,Procedure,CMS
62117,Reduction of skull defect,27.64,2026,Procedure,CMS
62120,Repair skull cavity lesion,23.98,2026,Procedure,CMS
62121,Incise skull repair,22.45,2026,Procedure,CMS
62140,Crnop skull defect<5 cm diam,14.19,2026,Procedure,CMS
62141,Crnop skull defect>5 cm diam,15.67,2026,Procedure,CMS
62142,Rmvl b1 flp/prostc plate skl,11.53,2026,Procedure,CMS
62143,Rpl b1 flp/prostc plate skl,13.8,2026,Procedure,CMS
62145,Repair of skull & brain,19.59,2026,Procedure,CMS
62146,Crnop w/autograft<5 cm diam,16.85,2026,Procedure,CMS
62147,Crnop w/autograft>5 cm diam,20.15,2026,Procedure,CMS
62148,Retr bone flap to fix skull,1.95,2026,Procedure,CMS
62160,Neuroendoscopy add-on,2.93,2026,Procedure,CMS
62161,Dissect brain w/scope,20.7,2026,Procedure,CMS
62162,Remove colloid cyst w/scope,26.13,2026,Procedure,CMS
62164,Remove brain tumor w/scope,28.69,2026,Procedure,CMS
62165,Remove pituit tumor w/scope,22.65,2026,Procedure,CMS
62180,Establish brain cavity shunt,22.02,2026,Procedure,CMS
62190,Establish brain cavity shunt,11.87,2026,Procedure,CMS
62192,Establish brain cavity shunt,13.02,2026,Procedure,CMS
62194,Replace/irrigate catheter,5.64,2026,Procedure,CMS
62200,Establish brain cavity shunt,18.81,2026,Procedure,CMS
62201,Brain cavity shunt w/scope,15.64,2026,Procedure,CMS
62220,Establish brain cavity shunt,13.75,2026,Procedure,CMS
62223,Establish brain cavity shunt,13.7,2026,Procedure,CMS
62225,Replace/irrigate catheter,6.04,2026,Procedure,CMS
62230,Replace/revise brain shunt,11.14,2026,Procedure,CMS
62252,Csf shunt reprogram,0.72,2026,Procedure,CMS
62256,Remove brain cavity shunt,7.2,2026,Procedure,CMS
62258,Replace brain cavity shunt,15.25,2026,Procedure,CMS
62263,Epidural lysis mult sessions,4.88,2026,Procedure,CMS
62264,Epidural lysis on single day,4.31,2026,Procedure,CMS
62267,Interdiscal perq aspir dx,2.93,2026,Procedure,CMS
62268,Drain spinal cord cyst,4.61,2026,Procedure,CMS
62269,Needle biopsy spinal cord,4.88,2026,Procedure,CMS
62270,Dx lmbr spi pnxr,1.19,2026,Procedure,CMS
62272,Ther spi pnxr drg csf,1.54,2026,Procedure,CMS
62273,Inject epidural patch,2.1,2026,Procedure,CMS
62280,Treat spinal cord lesion,2.56,2026,Procedure,CMS
62281,Treat spinal cord lesion,2.59,2026,Procedure,CMS
62282,Treat spinal canal lesion,2.27,2026,Procedure,CMS
62284,Injection for myelogram,1.5,2026,Procedure,CMS
62287,Dcmprn pq nuc pul 1/mlt lmbr,9.03,2026,Procedure,CMS
62290,Njx px discography lumbar,2.93,2026,Procedure,CMS
62291,Njx px discography crv/thrc,2.84,2026,Procedure,CMS
62292,Njx chemonucleolysis lmbr,9.24,2026,Procedure,CMS
62294,Injection into spinal artery,12.55,2026,Procedure,CMS
62302,Myelography lumbar injection,2.23,2026,Procedure,CMS
62303,Myelography lumbar injection,2.23,2026,Procedure,CMS
62304,Myelography lumbar injection,2.19,2026,Procedure,CMS
62305,Myelography lumbar injection,2.29,2026,Procedure,CMS
62320,Njx interlaminar crv/thrc,1.76,2026,Procedure,CMS
62321,Njx interlaminar crv/thrc,1.9,2026,Procedure,CMS
62322,Njx interlaminar lmbr/sac,1.51,2026,Procedure,CMS
62323,Njx interlaminar lmbr/sac,1.76,2026,Procedure,CMS
62324,Njx interlaminar crv/thrc,1.84,2026,Procedure,CMS
62325,Njx interlaminar crv/thrc,2.15,2026,Procedure,CMS
62326,Njx interlaminar lmbr/sac,1.74,2026,Procedure,CMS
62327,Njx interlaminar lmbr/sac,1.85,2026,Procedure,CMS
62328,Dx lmbr spi pnxr w/fluor/ct,1.69,2026,Procedure,CMS
62329,Ther spi pnxr csf fluor/ct,1.98,2026,Procedure,CMS
62330,Dcmprn prq rmv lig flv 1lmbr,8.0,2026,Procedure,CMS
62331,Dcmprn prq rmv lig flv addl,4.25,2026,Procedure,CMS
62350,Implant spinal canal cath,5.9,2026,Procedure,CMS
62351,Implant spinal canal cath,11.37,2026,Procedure,CMS
62355,Remove spinal canal catheter,3.46,2026,Procedure,CMS
62360,Insert spine infusion device,4.22,2026,Procedure,CMS
62361,Implant spine infusion pump,4.88,2026,Procedure,CMS
62362,Implant spine infusion pump,5.46,2026,Procedure,CMS
62365,Remove spine infusion device,3.83,2026,Procedure,CMS
62367,Analyze spine infus pump,0.47,2026,Procedure,CMS
62368,Analyze sp inf pump w/reprog,0.65,2026,Procedure,CMS
62369,Anal sp inf pmp w/reprg&fill,0.65,2026,Procedure,CMS
62370,Anl sp inf pmp w/mdreprg&fil,0.88,2026,Procedure,CMS
62380,Ndsc dcmprn 1 ntrspc lumbar,0.0,2026,Procedure,CMS
63001,Remove spine lamina 1/2 crvl,17.17,2026,Procedure,CMS
63003,Remove spine lamina 1/2 thrc,17.3,2026,Procedure,CMS
63005,Remove spine lamina 1/2 lmbr,16.02,2026,Procedure,CMS
63011,Remove spine lamina 1/2 scrl,15.51,2026,Procedure,CMS
63012,Remove lamina/facets lumbar,16.43,2026,Procedure,CMS
63015,Remove spine lamina >2 crvcl,20.33,2026,Procedure,CMS
63016,Remove spine lamina >2 thrc,21.48,2026,Procedure,CMS
63017,Remove spine lamina >2 lmbr,16.9,2026,Procedure,CMS
63020,Lamot dcmprn nrv rt 1 cerv,14.54,2026,Procedure,CMS
63030,Lamot dcmprn nrv rt 1 lmbr,11.7,2026,Procedure,CMS
63032,Lamot rpr anulr dfct 1 lmbr,2.5,2026,Procedure,CMS
63035,Lamot dcmprn nrv rt ea addl,3.76,2026,Procedure,CMS
63040,Laminotomy single cervical,19.8,2026,Procedure,CMS
63042,Laminotomy single lumbar,18.29,2026,Procedure,CMS
63043,Laminotomy addl cervical,0.0,2026,Procedure,CMS
63044,Laminotomy addl lumbar,0.0,2026,Procedure,CMS
63045,Lam facetec & foramot crv,17.5,2026,Procedure,CMS
63046,Lam facetec & foramot thrc,16.82,2026,Procedure,CMS
63047,Lam facetec & foramot lumbar,14.99,2026,Procedure,CMS
63048,Lam facetec &foramot ea addl,3.38,2026,Procedure,CMS
63050,Cervical laminoplsty 2/> seg,21.46,2026,Procedure,CMS
63051,C-laminoplasty w/graft/plate,24.87,2026,Procedure,CMS
63052,Lam facetc/frmt arthrd lum 1,4.14,2026,Procedure,CMS
63053,Lam factc/frmt arthrd lum ea,3.69,2026,Procedure,CMS
63055,Decompress spinal cord thrc,22.96,2026,Procedure,CMS
63056,Decompress spinal cord lmbr,21.31,2026,Procedure,CMS
63057,Decompress spine cord add-on,5.12,2026,Procedure,CMS
63064,Decompress spinal cord thrc,25.56,2026,Procedure,CMS
63066,Decompress spine cord add-on,3.18,2026,Procedure,CMS
63075,Neck spine disk surgery,19.11,2026,Procedure,CMS
63076,Neck spine disk surgery,3.94,2026,Procedure,CMS
63077,Spine disk surgery thorax,22.31,2026,Procedure,CMS
63078,Spine disk surgery thorax,3.2,2026,Procedure,CMS
63081,Remove vert body dcmprn crvl,25.45,2026,Procedure,CMS
63082,Remove vertebral body add-on,4.25,2026,Procedure,CMS
63085,Remove vert body dcmprn thrc,28.73,2026,Procedure,CMS
63086,Remove vertebral body add-on,3.11,2026,Procedure,CMS
63087,Remov vertbr dcmprn thrclmbr,36.59,2026,Procedure,CMS
63088,Remove vertebral body add-on,4.21,2026,Procedure,CMS
63090,Remove vert body dcmprn lmbr,30.16,2026,Procedure,CMS
63091,Remove vertebral body add-on,2.95,2026,Procedure,CMS
63101,Remove vert body dcmprn thrc,33.25,2026,Procedure,CMS
63102,Remove vert body dcmprn lmbr,33.25,2026,Procedure,CMS
63103,Remove vertebral body add-on,4.7,2026,Procedure,CMS
63170,Incise spinal cord tract(s),21.65,2026,Procedure,CMS
63172,Drainage of spinal cyst,19.27,2026,Procedure,CMS
63173,Drainage of spinal cyst,23.7,2026,Procedure,CMS
63185,Incise spine nrv half segmnt,16.08,2026,Procedure,CMS
63190,Incise spine nrv >2 segmnts,18.42,2026,Procedure,CMS
63191,Incise spine accessory nerve,18.45,2026,Procedure,CMS
63197,Lam w/cordotomy 1stg thrc,23.48,2026,Procedure,CMS
63200,Release spinal cord lumbar,20.9,2026,Procedure,CMS
63250,Revise spinal cord vsls crvl,42.76,2026,Procedure,CMS
63251,Revise spinal cord vsls thrc,43.52,2026,Procedure,CMS
63252,Revise spine cord vsl thrlmb,43.51,2026,Procedure,CMS
63265,Excise intraspinl lesion crv,23.22,2026,Procedure,CMS
63266,Excise intrspinl lesion thrc,24.06,2026,Procedure,CMS
63267,Excise intrspinl lesion lmbr,18.96,2026,Procedure,CMS
63268,Excise intrspinl lesion scrl,19.52,2026,Procedure,CMS
63270,Excise intrspinl lesion crvl,29.06,2026,Procedure,CMS
63271,Excise intrspinl lesion thrc,29.17,2026,Procedure,CMS
63272,Excise intrspinl lesion lmbr,26.81,2026,Procedure,CMS
63273,Excise intrspinl lesion scrl,25.81,2026,Procedure,CMS
63275,Bx/exc xdrl spine lesn crvl,25.21,2026,Procedure,CMS
63276,Bx/exc xdrl spine lesn thrc,25.05,2026,Procedure,CMS
63277,Bx/exc xdrl spine lesn lmbr,21.83,2026,Procedure,CMS
63278,Bx/exc xdrl spine lesn scrl,21.57,2026,Procedure,CMS
63280,Bx/exc idrl spine lesn crvl,29.53,2026,Procedure,CMS
63281,Bx/exc idrl spine lesn thrc,29.24,2026,Procedure,CMS
63282,Bx/exc idrl spine lesn lmbr,27.45,2026,Procedure,CMS
63283,Bx/exc idrl spine lesn scrl,26.09,2026,Procedure,CMS
63285,Bx/exc idrl imed lesn cervl,37.1,2026,Procedure,CMS
63286,Bx/exc idrl imed lesn thrc,36.68,2026,Procedure,CMS
63287,Bx/exc idrl imed lesn thrlmb,39.08,2026,Procedure,CMS
63290,Bx/exc xdrl/idrl lsn any lvl,39.8,2026,Procedure,CMS
63295,Repair laminectomy defect,5.12,2026,Procedure,CMS
63300,Remove vert xdrl body crvcl,26.13,2026,Procedure,CMS
63301,Remove vert xdrl body thrc,30.78,2026,Procedure,CMS
63302,Remove vert xdrl body thrlmb,30.37,2026,Procedure,CMS
63303,Remov vert xdrl bdy lmbr/sac,32.71,2026,Procedure,CMS
63304,Remove vert idrl body crvcl,33.0,2026,Procedure,CMS
63305,Remove vert idrl body thrc,35.33,2026,Procedure,CMS
63306,Remov vert idrl bdy thrclmbr,34.66,2026,Procedure,CMS
63307,Remov vert idrl bdy lmbr/sac,34.09,2026,Procedure,CMS
63308,Remove vertebral body add-on,5.11,2026,Procedure,CMS
63600,Remove spinal cord lesion,14.74,2026,Procedure,CMS
63610,Stimulation of spinal cord,8.5,2026,Procedure,CMS
63620,Srs spinal lesion,15.21,2026,Procedure,CMS
63621,Srs spinal lesion addl,3.9,2026,Procedure,CMS
63650,Implant neuroelectrodes,6.97,2026,Procedure,CMS
63655,Implant neuroelectrodes,10.65,2026,Procedure,CMS
63661,Remove spine eltrd perq aray,4.95,2026,Procedure,CMS
63662,Remove spine eltrd plate,10.73,2026,Procedure,CMS
63663,Revise spine eltrd perq aray,7.56,2026,Procedure,CMS
63664,Revise spine eltrd plate,11.23,2026,Procedure,CMS
63685,Ins/rplc spi npg/rcvr pocket,5.06,2026,Procedure,CMS
63688,Rev/rmv imp sp npg/r dtch cn,4.24,2026,Procedure,CMS
63700,Repair of spinal herniation,17.03,2026,Procedure,CMS
63702,Repair of spinal herniation,18.92,2026,Procedure,CMS
63704,Repair of spinal herniation,21.87,2026,Procedure,CMS
63706,Repair of spinal herniation,24.72,2026,Procedure,CMS
63707,Repair spinal fluid leakage,12.33,2026,Procedure,CMS
63709,Repair spinal fluid leakage,15.26,2026,Procedure,CMS
63710,Graft repair of spine defect,15.02,2026,Procedure,CMS
63740,Install spinal shunt,12.31,2026,Procedure,CMS
63741,Install spinal shunt,8.89,2026,Procedure,CMS
63744,Revision of spinal shunt,8.72,2026,Procedure,CMS
63746,Removal of spinal shunt,7.15,2026,Procedure,CMS
64400,Njx aa&/strd trigeminal nrv,0.73,2026,Procedure,CMS
64405,Njx aa&/strd gr ocpl nrv,0.92,2026,Procedure,CMS
64408,Njx aa&/strd vagus nrv,0.73,2026,Procedure,CMS
64415,Njx aa&/strd brch plxs img,1.46,2026,Procedure,CMS
64416,Njx aa&/strd brch pl nfs img,1.76,2026,Procedure,CMS
64417,Njx aa&/strd ax nerve img,1.28,2026,Procedure,CMS
64418,Njx aa&/strd sprscap nrv,1.07,2026,Procedure,CMS
64420,Njx aa&/strd ntrcost nrv 1,1.05,2026,Procedure,CMS
64421,Njx aa&/strd ntrcost nrv ea,0.49,2026,Procedure,CMS
64425,Njx aa&/strd ii ih nerves,0.98,2026,Procedure,CMS
64430,Njx aa&/strd pudendal nerve,0.98,2026,Procedure,CMS
64435,Njx aa&/strd paracrv nrv,0.73,2026,Procedure,CMS
64445,Njx aa&/strd sciatic nrv img,1.36,2026,Procedure,CMS
64446,Njx aa&/strd sc nrv nfs img,1.71,2026,Procedure,CMS
64447,Njx aa&/strd femoral nrv img,1.31,2026,Procedure,CMS
64448,Njx aa&/strd fem nrv nfs img,1.64,2026,Procedure,CMS
64449,Njx aa&/strd lmbr plex nfs,1.24,2026,Procedure,CMS
64450,Njx aa&/strd other pn/branch,0.73,2026,Procedure,CMS
64451,Njx aa&/strd nrv nrvtg si jt,1.48,2026,Procedure,CMS
64454,Njx aa&/strd gnclr nrv brnch,1.48,2026,Procedure,CMS
64455,Njx aa&/strd pltr com dg nrv,0.73,2026,Procedure,CMS
64461,Pvb thoracic single inj site,1.71,2026,Procedure,CMS
64462,Pvb thoracic 2nd+ inj site,1.07,2026,Procedure,CMS
64463,Pvb thoracic cont infusion,1.85,2026,Procedure,CMS
64466,Thrc fascial pln blk uni njx,1.46,2026,Procedure,CMS
64467,Thrc fascial pln blk uni nfs,1.7,2026,Procedure,CMS
64468,Thrc fascial pln blk bi njx,1.63,2026,Procedure,CMS
64469,Thrc fascial pln blk bi nfs,1.78,2026,Procedure,CMS
64473,Lwr xtr fscl pln blk uni njx,1.31,2026,Procedure,CMS
64474,Lwr xtr fscl pln blk uni nfs,1.63,2026,Procedure,CMS
64479,Njx aa&/strd tfrm epi c/t 1,2.23,2026,Procedure,CMS
64480,Njx aa&/strd tfrm epi c/t ea,1.17,2026,Procedure,CMS
64483,Njx aa&/strd tfrm epi l/s 1,1.85,2026,Procedure,CMS
64484,Njx aa&/strd tfrm epi l/s ea,0.98,2026,Procedure,CMS
64486,Tap block unil by injection,1.17,2026,Procedure,CMS
64487,Tap block uni by infusion,1.36,2026,Procedure,CMS
64488,Tap block bi injection,1.37,2026,Procedure,CMS
64489,Tap block bi by infusion,1.71,2026,Procedure,CMS
64490,Inj paravert f jnt c/t 1 lev,1.77,2026,Procedure,CMS
64491,Inj paravert f jnt c/t 2 lev,1.13,2026,Procedure,CMS
64492,Inj paravert f jnt c/t 3 lev,1.13,2026,Procedure,CMS
64493,Inj paravert f jnt l/s 1 lev,1.48,2026,Procedure,CMS
64494,Inj paravert f jnt l/s 2 lev,0.98,2026,Procedure,CMS
64495,Inj paravert f jnt l/s 3 lev,0.98,2026,Procedure,CMS
64505,N block spenopalatine gangl,1.33,2026,Procedure,CMS
64510,N block stellate ganglion,1.19,2026,Procedure,CMS
64517,N block inj hypogas plxs,2.15,2026,Procedure,CMS
64520,N block lumbar/thoracic,1.32,2026,Procedure,CMS
64530,N block inj celiac pelus,1.54,2026,Procedure,CMS
64553,Implant neuroelectrodes,5.98,2026,Procedure,CMS
64555,Implant neuroelectrodes,5.62,2026,Procedure,CMS
64561,Implant neuroelectrodes,5.3,2026,Procedure,CMS
64566,Neuroeltrd stim post tibial,0.59,2026,Procedure,CMS
64567,Perq elec nrv field stimj cn,1.5,2026,Procedure,CMS
64568,Opn impltj crnl nrv nea&pg,8.78,2026,Procedure,CMS
64569,Revise/repl vagus n eltrd,10.73,2026,Procedure,CMS
64570,Remove vagus n eltrd,8.87,2026,Procedure,CMS
64575,Opn impltj nea perph nerve,4.31,2026,Procedure,CMS
64580,Opn impltj nea neuromuscular,4.09,2026,Procedure,CMS
64581,Opn impltj nea sacral nerve,11.9,2026,Procedure,CMS
64582,Opn mpltj hpglsl nstm ary pg,13.65,2026,Procedure,CMS
64583,Rev/rplct hpglsl nstm ary pg,14.14,2026,Procedure,CMS
64584,Rmvl hpglsl nstim ary pg,11.7,2026,Procedure,CMS
64585,Rev/rmv perph nstim eltrd ra,2.06,2026,Procedure,CMS
64590,Ins/rpl prph sac/gstr npg/r,4.97,2026,Procedure,CMS
64595,Rev/rmv prph sac/gstr npg/r,3.7,2026,Procedure,CMS
64596,Ins/rplcmt prq eltrd ra pn 1,0.0,2026,Procedure,CMS
64597,Ins/rplcm prq eltrd ra pn ea,0.0,2026,Procedure,CMS
64598,Revj/rmvl nea pn w/int nstim,0.0,2026,Procedure,CMS
64600,Injection treatment of nerve,3.4,2026,Procedure,CMS
64605,Injection treatment of nerve,5.51,2026,Procedure,CMS
64610,Injection treatment of nerve,7.02,2026,Procedure,CMS
64611,Chemodenerv saliv glands,1.0,2026,Procedure,CMS
64612,Destroy nerve face muscle,1.37,2026,Procedure,CMS
64615,Chemodenerv musc migraine,1.8,2026,Procedure,CMS
64616,Chemodenerv musc neck dyston,1.49,2026,Procedure,CMS
64617,Chemodener muscle larynx emg,1.85,2026,Procedure,CMS
64620,Injection treatment of nerve,2.82,2026,Procedure,CMS
64624,Dstrj nulyt agt gnclr nrv,2.44,2026,Procedure,CMS
64625,Rf abltj nrv nrvtg si jt,3.31,2026,Procedure,CMS
64628,Trml dstrj ios bvn 1st 2 l/s,6.97,2026,Procedure,CMS
64629,Trml dstrj ios bvn ea addl,3.68,2026,Procedure,CMS
64630,Injection treatment of nerve,2.97,2026,Procedure,CMS
64632,N block inj common digit,1.2,2026,Procedure,CMS
64633,Destroy cerv/thor facet jnt,3.24,2026,Procedure,CMS
64634,Destroy c/th facet jnt addl,1.29,2026,Procedure,CMS
64635,Destroy lumb/sac facet jnt,3.24,2026,Procedure,CMS
64636,Destroy l/s facet jnt addl,1.13,2026,Procedure,CMS
64640,Injection treatment of nerve,1.93,2026,Procedure,CMS
64642,Chemodenerv 1 extremity 1-4,1.61,2026,Procedure,CMS
64643,Chemodenerv 1 extrem 1-4 ea,1.19,2026,Procedure,CMS
64644,Chemodenerv 1 extrem 5/> mus,1.77,2026,Procedure,CMS
64645,Chemodenerv 1 extrem 5/> ea,1.36,2026,Procedure,CMS
64646,Chemodenerv trunk musc 1-5,1.76,2026,Procedure,CMS
64647,Chemodenerv trunk musc 6/>,2.06,2026,Procedure,CMS
64650,Chemodenerv eccrine glands,0.68,2026,Procedure,CMS
64653,Chemodenerv eccrine glands,0.86,2026,Procedure,CMS
64654,1st opn implt bat modulj sys,11.0,2026,Procedure,CMS
64655,Revj/rplcmt bat mod sys lead,11.3,2026,Procedure,CMS
64656,Revj/rplcmt bat mod sys pg,8.01,2026,Procedure,CMS
64657,Rmvl bat modulj sys tot sys,12.13,2026,Procedure,CMS
64658,Rmvl bat modul sys lead only,8.95,2026,Procedure,CMS
64659,Rmvl bat modulj sys pg only,8.23,2026,Procedure,CMS
64680,Injection treatment of nerve,2.6,2026,Procedure,CMS
64681,Injection treatment of nerve,3.69,2026,Procedure,CMS
64702,Revise finger/toe nerve,6.1,2026,Procedure,CMS
64704,Revise hand/foot nerve,4.57,2026,Procedure,CMS
64708,Revise arm/leg nerve,6.2,2026,Procedure,CMS
64712,Revision of sciatic nerve,7.87,2026,Procedure,CMS
64713,Revision of arm nerve(s),11.12,2026,Procedure,CMS
64714,Revise low back nerve(s),10.29,2026,Procedure,CMS
64716,Revision of cranial nerve,6.82,2026,Procedure,CMS
64718,Revise ulnar nerve at elbow,7.08,2026,Procedure,CMS
64719,Revise ulnar nerve at wrist,4.85,2026,Procedure,CMS
64721,Carpal tunnel surgery,4.85,2026,Procedure,CMS
64722,Decompression unspec nerve,4.7,2026,Procedure,CMS
64726,Dcmprn plantar digital nerve,4.16,2026,Procedure,CMS
64727,Internal neurolysis,3.02,2026,Procedure,CMS
64728,Dcmprn median nrv carpl tunl,2.7,2026,Procedure,CMS
64732,Incision of brow nerve,4.77,2026,Procedure,CMS
64734,Incision of cheek nerve,5.41,2026,Procedure,CMS
64736,Incision of chin nerve,5.1,2026,Procedure,CMS
64738,Incision of jaw nerve,6.2,2026,Procedure,CMS
64740,Incision of tongue nerve,6.06,2026,Procedure,CMS
64742,Incision of facial nerve,6.68,2026,Procedure,CMS
64744,Incise nerve back of head,5.58,2026,Procedure,CMS
64746,Incise diaphragm nerve,6.4,2026,Procedure,CMS
64755,Incision of stomach nerves,14.67,2026,Procedure,CMS
64760,Incision of vagus nerve,7.4,2026,Procedure,CMS
64763,Incise hip/thigh nerve,7.37,2026,Procedure,CMS
64766,Incise hip/thigh nerve,9.23,2026,Procedure,CMS
64771,Sever cranial nerve,7.95,2026,Procedure,CMS
64772,Incision of spinal nerve,7.64,2026,Procedure,CMS
64774,Remove skin nerve lesion,5.66,2026,Procedure,CMS
64776,Remove digit nerve lesion,5.46,2026,Procedure,CMS
64778,Digit nerve surgery add-on,3.03,2026,Procedure,CMS
64782,Remove limb nerve lesion,6.69,2026,Procedure,CMS
64783,Limb nerve surgery add-on,3.62,2026,Procedure,CMS
64784,Remove nerve lesion,10.35,2026,Procedure,CMS
64786,Remove sciatic nerve lesion,15.84,2026,Procedure,CMS
64787,Implant nerve end,4.18,2026,Procedure,CMS
64788,Remove skin nerve lesion,5.11,2026,Procedure,CMS
64790,Removal of nerve lesion,11.8,2026,Procedure,CMS
64792,Removal of nerve lesion,15.46,2026,Procedure,CMS
64795,Biopsy of nerve,2.93,2026,Procedure,CMS
64802,Sympathectomy cervical,10.11,2026,Procedure,CMS
64804,Sympathectomy cervicothorac,15.51,2026,Procedure,CMS
64809,Sympathectomy thoracolumbar,14.34,2026,Procedure,CMS
64818,Sympathectomy lumbar,11.06,2026,Procedure,CMS
64820,Sympathectomy digital artery,10.47,2026,Procedure,CMS
64821,Sympathectomy radial artery,9.1,2026,Procedure,CMS
64822,Sympathectomy ulnar artery,9.1,2026,Procedure,CMS
64823,Sympathectomy supfc palmar,10.67,2026,Procedure,CMS
64831,Repair of digit nerve,8.93,2026,Procedure,CMS
64832,Repair nerve add-on,5.51,2026,Procedure,CMS
64834,Repair of hand or foot nerve,10.54,2026,Procedure,CMS
64835,Repair of hand or foot nerve,11.44,2026,Procedure,CMS
64836,Repair of hand or foot nerve,11.44,2026,Procedure,CMS
64837,Repair nerve add-on,6.09,2026,Procedure,CMS
64840,Repair of leg nerve,13.67,2026,Procedure,CMS
64856,Repair/transpose nerve,14.69,2026,Procedure,CMS
64857,Repair arm/leg nerve,15.42,2026,Procedure,CMS
64858,Repair sciatic nerve,17.37,2026,Procedure,CMS
64859,Nerve surgery,4.14,2026,Procedure,CMS
64861,Repair of arm nerves,20.37,2026,Procedure,CMS
64862,Repair of low back nerves,20.56,2026,Procedure,CMS
64864,Repair of facial nerve,13.07,2026,Procedure,CMS
64865,Repair of facial nerve,15.69,2026,Procedure,CMS
64866,Fusion of facial/other nerve,16.41,2026,Procedure,CMS
64868,Fusion of facial/other nerve,14.53,2026,Procedure,CMS
64872,Subsequent repair of nerve,1.94,2026,Procedure,CMS
64874,Repair & revise nerve add-on,2.91,2026,Procedure,CMS
64876,Repair nerve/shorten bone,3.29,2026,Procedure,CMS
64885,Nerve graft head/neck <4 cm,17.16,2026,Procedure,CMS
64886,Nerve graft head/neck >4 cm,20.3,2026,Procedure,CMS
64890,Nrv grf 1strnd hnd/foot <4cm,15.83,2026,Procedure,CMS
64891,Nrv grf 1strnd hnd/foot >4cm,16.92,2026,Procedure,CMS
64892,Nrv grf 1strnd arm/leg <4cm,15.35,2026,Procedure,CMS
64893,Nrv grf 1strnd arm/leg >4 cm,16.45,2026,Procedure,CMS
64895,Nrv grf mltst hnd/foot <4 cm,19.88,2026,Procedure,CMS
64896,Nrv grf mltst hnd/foot >4 cm,21.41,2026,Procedure,CMS
64897,Nrv grf mltst arm/leg <4 cm,18.9,2026,Procedure,CMS
64898,Nrv grf mltst arm/leg >4 cm,20.45,2026,Procedure,CMS
64901,Nerve graft add-on,9.95,2026,Procedure,CMS
64902,Nerve graft add-on,11.51,2026,Procedure,CMS
64905,Nerve pedicle transfer,14.73,2026,Procedure,CMS
64907,Nerve pedicle transfer,19.53,2026,Procedure,CMS
64910,Nerve repair w/allograft,10.26,2026,Procedure,CMS
64911,Neurorraphy w/vein autograft,13.65,2026,Procedure,CMS
64912,Nrv rpr w/nrv algrft 1st,11.7,2026,Procedure,CMS
64913,Nrv rpr w/nrv algrft ea addl,2.93,2026,Procedure,CMS
64999,Unlisted px nervous system,0.0,2026,Procedure,CMS
65091,Revise eye,7.08,2026,Procedure,CMS
65093,Revise eye with implant,6.86,2026,Procedure,CMS
65101,Removal of eye,8.09,2026,Procedure,CMS
65103,Remove eye/insert implant,8.62,2026,Procedure,CMS
65105,Remove eye/attach implant,9.68,2026,Procedure,CMS
65110,Removal of eye,15.31,2026,Procedure,CMS
65112,Remove eye/revise socket,18.05,2026,Procedure,CMS
65114,Remove eye/revise socket,19.16,2026,Procedure,CMS
65125,Revise ocular implant,3.19,2026,Procedure,CMS
65130,Insert ocular implant,8.21,2026,Procedure,CMS
65135,Insert ocular implant,8.39,2026,Procedure,CMS
65140,Attach ocular implant,9.22,2026,Procedure,CMS
65150,Revise ocular implant,6.27,2026,Procedure,CMS
65155,Reinsert ocular implant,9.85,2026,Procedure,CMS
65175,Removal of ocular implant,7.22,2026,Procedure,CMS
65205,Remove foreign body from eye,0.48,2026,Procedure,CMS
65210,Remove foreign body from eye,0.59,2026,Procedure,CMS
65220,Remove foreign body from eye,0.69,2026,Procedure,CMS
65222,Remove foreign body from eye,0.82,2026,Procedure,CMS
65235,Remove foreign body from eye,8.78,2026,Procedure,CMS
65260,Remove foreign body from eye,12.23,2026,Procedure,CMS
65265,Remove foreign body from eye,13.98,2026,Procedure,CMS
65270,Repair of eye wound,1.9,2026,Procedure,CMS
65272,Repair of eye wound,4.5,2026,Procedure,CMS
65273,Repair of eye wound,5.03,2026,Procedure,CMS
65275,Repair of eye wound,6.13,2026,Procedure,CMS
65280,Repair of eye wound,8.87,2026,Procedure,CMS
65285,Repair of eye wound,14.98,2026,Procedure,CMS
65286,Repair of eye wound,6.46,2026,Procedure,CMS
65290,Repair of eye socket wound,6.37,2026,Procedure,CMS
65400,Removal of eye lesion,7.31,2026,Procedure,CMS
65410,Biopsy of cornea,1.43,2026,Procedure,CMS
65420,Removal of eye lesion,4.25,2026,Procedure,CMS
65426,Removal of eye lesion,5.9,2026,Procedure,CMS
65430,Corneal smear,1.43,2026,Procedure,CMS
65435,Curette/treat cornea,0.9,2026,Procedure,CMS
65436,Curette/treat cornea,4.7,2026,Procedure,CMS
65450,Treatment of corneal lesion,3.38,2026,Procedure,CMS
65600,Revision of cornea,4.1,2026,Procedure,CMS
65710,Corneal transplant,14.09,2026,Procedure,CMS
65730,Corneal transplant,15.94,2026,Procedure,CMS
65750,Corneal transplant,16.48,2026,Procedure,CMS
65755,Corneal transplant,16.37,2026,Procedure,CMS
65756,Corneal trnspl endothelial,16.42,2026,Procedure,CMS
65757,Prep corneal endo allograft,0.0,2026,Procedure,CMS
65760,Keratomileusis,0.0,2026,Procedure,CMS
65765,Keratophakia,0.0,2026,Procedure,CMS
65767,Epikeratoplasty,0.0,2026,Procedure,CMS
65770,Keratoprosthesis,19.25,2026,Procedure,CMS
65771,Radial keratotomy,0.0,2026,Procedure,CMS
65772,Correction of astigmatism,4.96,2026,Procedure,CMS
65775,Correction of astigmatism,6.74,2026,Procedure,CMS
65778,Cover eye w/membrane,0.82,2026,Procedure,CMS
65779,Cover eye w/membrane suture,1.71,2026,Procedure,CMS
65780,Ocular reconst transplant,6.85,2026,Procedure,CMS
65781,Ocular reconst transplant,17.69,2026,Procedure,CMS
65782,Ocular reconst transplant,15.04,2026,Procedure,CMS
65785,Impltj ntrstrml crnl rng seg,5.26,2026,Procedure,CMS
65800,Drainage of eye,1.49,2026,Procedure,CMS
65810,Drainage of eye,5.67,2026,Procedure,CMS
65815,Drainage of eye,5.85,2026,Procedure,CMS
65820,Goniotomy,8.69,2026,Procedure,CMS
65850,Trabeculotomy ab externo,11.11,2026,Procedure,CMS
65855,Trabeculoplasty laser surg,2.93,2026,Procedure,CMS
65860,Severing ads ant sgm laser,3.5,2026,Procedure,CMS
65865,Incise inner eye adhesions,5.63,2026,Procedure,CMS
65870,Incise inner eye adhesions,7.21,2026,Procedure,CMS
65875,Incise inner eye adhesions,7.61,2026,Procedure,CMS
65880,Incise inner eye adhesions,8.15,2026,Procedure,CMS
65900,Remove eye lesion,12.2,2026,Procedure,CMS
65920,Remove implant of eye,9.74,2026,Procedure,CMS
65930,Remove blood clot from eye,8.18,2026,Procedure,CMS
66020,Injection treatment of eye,1.6,2026,Procedure,CMS
66030,Injection treatment of eye,1.27,2026,Procedure,CMS
66130,Remove eye lesion,7.63,2026,Procedure,CMS
66150,Glaucoma surgery,10.27,2026,Procedure,CMS
66155,Glaucoma surgery,10.26,2026,Procedure,CMS
66160,Glaucoma surgery,12.08,2026,Procedure,CMS
66170,Glaucoma surgery,13.59,2026,Procedure,CMS
66172,Incision of eye,14.47,2026,Procedure,CMS
66174,Trluml dil aq o/f can w/o st,7.43,2026,Procedure,CMS
66175,Trluml dil aq o/f can w/st,9.11,2026,Procedure,CMS
66179,Aqueous shunt eye w/o graft,13.65,2026,Procedure,CMS
66180,Aqueous shunt eye w/graft,14.63,2026,Procedure,CMS
66183,Insert ant drainage device,12.87,2026,Procedure,CMS
66184,Revision of aqueous shunt,9.34,2026,Procedure,CMS
66185,Revise aqueous shunt eye,10.32,2026,Procedure,CMS
66225,Repair/graft eye lesion,12.31,2026,Procedure,CMS
66250,Follow-up surgery of eye,6.92,2026,Procedure,CMS
66500,Incision of iris,3.73,2026,Procedure,CMS
66505,Incision of iris,4.11,2026,Procedure,CMS
66600,Remove iris and lesion,9.87,2026,Procedure,CMS
66605,Removal of iris,13.86,2026,Procedure,CMS
66625,Removal of iris,5.17,2026,Procedure,CMS
66630,Removal of iris,7.1,2026,Procedure,CMS
66635,Removal of iris,7.19,2026,Procedure,CMS
66680,Repair iris & ciliary body,7.77,2026,Procedure,CMS
66682,Repair iris & ciliary body,8.52,2026,Procedure,CMS
66683,Implantation iris prosthesis,10.4,2026,Procedure,CMS
66700,Destruction ciliary body,5.01,2026,Procedure,CMS
66710,Ciliary transsleral therapy,5.01,2026,Procedure,CMS
66711,Ecp ciliary body destruction,5.48,2026,Procedure,CMS
66720,Destruction ciliary body,4.63,2026,Procedure,CMS
66740,Destruction ciliary body,5.01,2026,Procedure,CMS
66761,Revision of iris,2.93,2026,Procedure,CMS
66762,Revision of iris,5.25,2026,Procedure,CMS
66770,Removal of inner eye lesion,5.98,2026,Procedure,CMS
66820,Incision secondary cataract,3.91,2026,Procedure,CMS
66821,After cataract laser surgery,3.33,2026,Procedure,CMS
66825,Reposition intraocular lens,8.78,2026,Procedure,CMS
66830,Removal of lens lesion,9.23,2026,Procedure,CMS
66840,Removal of lens material,8.95,2026,Procedure,CMS
66850,Removal of lens material,10.29,2026,Procedure,CMS
66852,Removal of lens material,11.12,2026,Procedure,CMS
66920,Extraction of lens,9.88,2026,Procedure,CMS
66930,Extraction of lens,11.32,2026,Procedure,CMS
66940,Extraction of lens,10.11,2026,Procedure,CMS
66982,Xcapsl ctrc rmvl cplx wo ecp,9.99,2026,Procedure,CMS
66983,Cataract surg w/iol 1 stage,0.0,2026,Procedure,CMS
66984,Xcapsl ctrc rmvl w/o ecp,7.17,2026,Procedure,CMS
66985,Insert lens prosthesis,9.73,2026,Procedure,CMS
66986,Exchange lens prosthesis,11.95,2026,Procedure,CMS
66987,Xcapsl ctrc rmvl cplx w/ecp,0.0,2026,Procedure,CMS
66988,Xcapsl ctrc rmvl w/ecp,0.0,2026,Procedure,CMS
66989,Xcpsl ctrc rmvl cplx insj 1+,11.83,2026,Procedure,CMS
66990,Ophthalmic endoscope add-on,1.47,2026,Procedure,CMS
66991,Xcapsl ctrc rmvl insj 1+,9.0,2026,Procedure,CMS
66999,Unlisted px ant segment eye,0.0,2026,Procedure,CMS
67005,Partial removal of eye fluid,5.74,2026,Procedure,CMS
67010,Partial removal of eye fluid,6.88,2026,Procedure,CMS
67015,Release of eye fluid,6.96,2026,Procedure,CMS
67025,Replace eye fluid,7.91,2026,Procedure,CMS
67027,Implant eye drug system,11.33,2026,Procedure,CMS
67028,Injection eye drug,1.4,2026,Procedure,CMS
67030,Incise inner eye strands,5.96,2026,Procedure,CMS
67031,Laser surgery eye strands,4.36,2026,Procedure,CMS
67036,Removal of inner eye fluid,11.83,2026,Procedure,CMS
67039,Laser treatment of retina,12.87,2026,Procedure,CMS
67040,Laser treatment of retina,14.14,2026,Procedure,CMS
67041,Vit for macular pucker,15.92,2026,Procedure,CMS
67042,Vit for macular hole,15.92,2026,Procedure,CMS
67043,Vit for membrane dissect,16.97,2026,Procedure,CMS
67101,Repair detached retina crtx,3.41,2026,Procedure,CMS
67105,Repair detached retina pc,3.31,2026,Procedure,CMS
67107,Repair detached retina,15.6,2026,Procedure,CMS
67108,Repair detached retina,16.7,2026,Procedure,CMS
67110,Repair detached retina,9.99,2026,Procedure,CMS
67113,Repair retinal detach cplx,18.53,2026,Procedure,CMS
67115,Release encircling material,5.96,2026,Procedure,CMS
67120,Remove eye implant material,6.92,2026,Procedure,CMS
67121,Remove eye implant material,11.94,2026,Procedure,CMS
67141,Proph rta dtchmnt crtx dthrm,2.47,2026,Procedure,CMS
67145,Proph rta dtchmnt pc,2.47,2026,Procedure,CMS
67208,Treatment of retinal lesion,7.46,2026,Procedure,CMS
67210,Treatment of retinal lesion,6.2,2026,Procedure,CMS
67218,Treatment of retinal lesion,19.85,2026,Procedure,CMS
67220,Treatment of choroid lesion,6.2,2026,Procedure,CMS
67221,Ocular photodynamic ther,3.36,2026,Procedure,CMS
67225,Eye photodynamic ther add-on,0.46,2026,Procedure,CMS
67227,Dstrj extensive retinopathy,3.41,2026,Procedure,CMS
67228,Treatment x10sv retinopathy,4.28,2026,Procedure,CMS
67229,Tr retinal les preterm inf,15.89,2026,Procedure,CMS
67250,Reinforce eye wall,9.37,2026,Procedure,CMS
67255,Reinforce/graft eye wall,8.17,2026,Procedure,CMS
67299,Unlisted px posterior segmnt,0.0,2026,Procedure,CMS
67311,Revise eye muscle,5.78,2026,Procedure,CMS
67312,Revise two eye muscles,9.26,2026,Procedure,CMS
67314,Revise eye muscle,5.78,2026,Procedure,CMS
67316,Revise two eye muscles,10.05,2026,Procedure,CMS
67318,Revise eye muscle(s),9.56,2026,Procedure,CMS
67320,Revise eye muscle(s) add-on,2.93,2026,Procedure,CMS
67331,Eye surgery follow-up add-on,1.95,2026,Procedure,CMS
67332,Rerevise eye muscles add-on,3.41,2026,Procedure,CMS
67334,Revise eye muscle w/suture,2.01,2026,Procedure,CMS
67335,Eye suture during surgery,3.15,2026,Procedure,CMS
67340,Revise eye muscle add-on,4.88,2026,Procedure,CMS
67343,Release eye tissue,8.26,2026,Procedure,CMS
67345,Destroy nerve of eye muscle,2.93,2026,Procedure,CMS
67346,Biopsy eye muscle,2.8,2026,Procedure,CMS
67399,Unlisted px extraocular musc,0.0,2026,Procedure,CMS
67400,Explore/biopsy eye socket,10.92,2026,Procedure,CMS
67405,Explore/drain eye socket,8.97,2026,Procedure,CMS
67412,Explore/treat eye socket,10.04,2026,Procedure,CMS
67413,Explore/treat eye socket,9.98,2026,Procedure,CMS
67414,Explr/decompress eye socket,17.49,2026,Procedure,CMS
67415,Aspiration orbital contents,1.72,2026,Procedure,CMS
67420,Explore/treat eye socket,21.32,2026,Procedure,CMS
67430,Explore/treat eye socket,14.91,2026,Procedure,CMS
67440,Explore/drain eye socket,14.47,2026,Procedure,CMS
67445,Explr/decompress eye socket,18.64,2026,Procedure,CMS
67450,Explore/biopsy eye socket,15.02,2026,Procedure,CMS
67500,Inject/treat eye socket,1.15,2026,Procedure,CMS
67505,Inject/treat eye socket,1.15,2026,Procedure,CMS
67515,Inject/treat eye socket,0.73,2026,Procedure,CMS
67516,Sprchoroidal spc njx rx agt,1.49,2026,Procedure,CMS
67550,Insert eye socket implant,11.48,2026,Procedure,CMS
67560,Revise eye socket implant,11.88,2026,Procedure,CMS
67570,Decompress optic nerve,14.04,2026,Procedure,CMS
67599,Unlisted procedure orbit,0.0,2026,Procedure,CMS
67700,Blepharotomy drg absc eyelid,1.37,2026,Procedure,CMS
67710,Severing tarsorrhaphy,1.04,2026,Procedure,CMS
67715,Canthotomy,1.24,2026,Procedure,CMS
67800,Remove eyelid lesion,1.37,2026,Procedure,CMS
67801,Remove eyelid lesions,1.86,2026,Procedure,CMS
67805,Remove eyelid lesions,2.21,2026,Procedure,CMS
67808,Remove eyelid lesion(s),4.49,2026,Procedure,CMS
67810,Incal bx eyelid skn lid mrgn,1.15,2026,Procedure,CMS
67820,Revise eyelashes,0.31,2026,Procedure,CMS
67825,Revise eyelashes,1.39,2026,Procedure,CMS
67830,Revise eyelashes,1.71,2026,Procedure,CMS
67835,Revise eyelashes,5.56,2026,Procedure,CMS
67840,Remove eyelid lesion,2.04,2026,Procedure,CMS
67850,Dstrj lesion lid margin <1cm,1.7,2026,Procedure,CMS
67875,Closure of eyelid by suture,1.32,2026,Procedure,CMS
67880,Revision of eyelid,4.49,2026,Procedure,CMS
67882,Revision of eyelid,5.87,2026,Procedure,CMS
67900,Repair brow defect,6.65,2026,Procedure,CMS
67901,Repair eyelid defect,7.4,2026,Procedure,CMS
67902,Repair eyelid defect,9.57,2026,Procedure,CMS
67903,Repair eyelid defect,6.35,2026,Procedure,CMS
67904,Repair eyelid defect,7.77,2026,Procedure,CMS
67906,Repair eyelid defect,6.76,2026,Procedure,CMS
67908,Repair eyelid defect,5.17,2026,Procedure,CMS
67909,Revise eyelid defect,5.43,2026,Procedure,CMS
67911,Revise eyelid defect,7.31,2026,Procedure,CMS
67912,Correction eyelid w/implant,6.2,2026,Procedure,CMS
67914,Repair eyelid defect,3.66,2026,Procedure,CMS
67915,Repair eyelid defect,1.98,2026,Procedure,CMS
67916,Repair eyelid defect,5.34,2026,Procedure,CMS
67917,Repair eyelid defect,5.78,2026,Procedure,CMS
67921,Repair eyelid defect,3.38,2026,Procedure,CMS
67922,Repair eyelid defect,1.98,2026,Procedure,CMS
67923,Repair eyelid defect,5.34,2026,Procedure,CMS
67924,Repair eyelid defect,5.78,2026,Procedure,CMS
67930,Repair eyelid wound,3.56,2026,Procedure,CMS
67935,Repair eyelid wound,6.2,2026,Procedure,CMS
67938,Remove eyelid foreign body,1.35,2026,Procedure,CMS
67950,Revision of eyelid,5.84,2026,Procedure,CMS
67961,Revision of eyelid,5.71,2026,Procedure,CMS
67966,Revision of eyelid,8.75,2026,Procedure,CMS
67971,Reconstruction of eyelid,9.76,2026,Procedure,CMS
67973,Reconstruction of eyelid,12.8,2026,Procedure,CMS
67974,Reconstruction of eyelid,12.77,2026,Procedure,CMS
67975,Reconstruction of eyelid,9.12,2026,Procedure,CMS
67999,Unlisted procedure eyelids,0.0,2026,Procedure,CMS
68020,Incise/drain eyelid lining,1.38,2026,Procedure,CMS
68040,Treatment of eyelid lesions,0.83,2026,Procedure,CMS
68100,Biopsy conjunctiva,1.32,2026,Procedure,CMS
68110,Exc les conjunctiva <1 cm,1.77,2026,Procedure,CMS
68115,Exc les conjunctiva >1 cm,2.35,2026,Procedure,CMS
68130,Exc les conjunctiva adj scl,4.97,2026,Procedure,CMS
68135,Destruction les conjunctiva,1.84,2026,Procedure,CMS
68200,Treat eyelid by injection,0.48,2026,Procedure,CMS
68320,Revise/graft eyelid lining,6.47,2026,Procedure,CMS
68325,Revise/graft eyelid lining,8.41,2026,Procedure,CMS
68326,Revise/graft eyelid lining,8.21,2026,Procedure,CMS
68328,Revise/graft eyelid lining,9.21,2026,Procedure,CMS
68330,Revise eyelid lining,5.64,2026,Procedure,CMS
68335,Revise/graft eyelid lining,8.25,2026,Procedure,CMS
68340,Separate eyelid adhesions,4.85,2026,Procedure,CMS
68360,Revise eyelid lining,5.04,2026,Procedure,CMS
68362,Revise eyelid lining,8.39,2026,Procedure,CMS
68371,Harvest eye tissue alograft,4.96,2026,Procedure,CMS
68399,Unlisted px conjunctiva,0.0,2026,Procedure,CMS
68400,I&d lacrimal gland,1.7,2026,Procedure,CMS
68420,I&d lacrimal sac,2.29,2026,Procedure,CMS
68440,Snip inc lacrimal punctum,0.97,2026,Procedure,CMS
68500,Removal of tear gland,12.45,2026,Procedure,CMS
68505,Partial removal tear gland,12.37,2026,Procedure,CMS
68510,Biopsy of tear gland,4.49,2026,Procedure,CMS
68520,Removal of tear sac,8.56,2026,Procedure,CMS
68525,Biopsy of tear sac,4.31,2026,Procedure,CMS
68530,Clearance of tear duct,3.61,2026,Procedure,CMS
68540,Remove tear gland lesion,11.88,2026,Procedure,CMS
68550,Remove tear gland lesion,14.78,2026,Procedure,CMS
68700,Repair tear ducts,7.67,2026,Procedure,CMS
68705,Revise tear duct opening,2.06,2026,Procedure,CMS
68720,Create tear sac drain,9.71,2026,Procedure,CMS
68745,Create tear duct drain,9.65,2026,Procedure,CMS
68750,Create tear duct drain,9.85,2026,Procedure,CMS
68760,Close tear duct opening,1.74,2026,Procedure,CMS
68761,Close tear duct opening,1.37,2026,Procedure,CMS
68770,Close tear system fistula,8.08,2026,Procedure,CMS
68801,Dilate tear duct opening,0.8,2026,Procedure,CMS
68810,Probe nasolacrimal duct,1.5,2026,Procedure,CMS
68811,Probe nasolacrimal duct,1.7,2026,Procedure,CMS
68815,Probe nasolacrimal duct,2.63,2026,Procedure,CMS
68816,Probe nl duct w/balloon,2.05,2026,Procedure,CMS
68840,Explore/irrigate tear ducts,1.27,2026,Procedure,CMS
68841,Insj rx elut implt lac canal,0.48,2026,Procedure,CMS
68850,Injection for tear sac x-ray,0.78,2026,Procedure,CMS
68899,Unlisted px lacrimal system,0.0,2026,Procedure,CMS
69000,Drg xtrnl ear absc/hem smpl,1.46,2026,Procedure,CMS
69005,Drg xtrnl ear absc/hem comp,2.11,2026,Procedure,CMS
69020,Drg xtrnl aud canal abscess,1.49,2026,Procedure,CMS
69090,Ear piercing,0.0,2026,Procedure,CMS
69100,Biopsy of external ear,0.79,2026,Procedure,CMS
69105,Biopsy of external ear canal,0.83,2026,Procedure,CMS
69110,Remove external ear partial,3.44,2026,Procedure,CMS
69120,Removal of external ear,4.04,2026,Procedure,CMS
69140,Remove ear canal lesion(s),7.94,2026,Procedure,CMS
69145,Remove ear canal lesion(s),2.63,2026,Procedure,CMS
69150,Extensive ear canal surgery,13.27,2026,Procedure,CMS
69155,Extensive ear/neck surgery,22.77,2026,Procedure,CMS
69200,Clear outer ear canal,0.75,2026,Procedure,CMS
69205,Clear outer ear canal,1.18,2026,Procedure,CMS
69209,Remove impacted ear wax uni,0.0,2026,Procedure,CMS
69210,Remove impacted ear wax uni,0.59,2026,Procedure,CMS
69220,Clean out mastoid cavity,0.81,2026,Procedure,CMS
69222,Clean out mastoid cavity,1.41,2026,Procedure,CMS
69300,Revise external ear,6.44,2026,Procedure,CMS
69310,Rebuild outer ear canal,10.7,2026,Procedure,CMS
69320,Rebuild outer ear canal,16.75,2026,Procedure,CMS
69399,Unlisted px external ear,0.0,2026,Procedure,CMS
69420,Incision of eardrum,1.35,2026,Procedure,CMS
69421,Incision of eardrum,1.74,2026,Procedure,CMS
69424,Remove ventilating tube,0.83,2026,Procedure,CMS
69433,Create eardrum opening,1.53,2026,Procedure,CMS
69436,Create eardrum opening,1.96,2026,Procedure,CMS
69440,Exploration of middle ear,7.52,2026,Procedure,CMS
69450,Eardrum revision,5.55,2026,Procedure,CMS
69501,Mastoidectomy,8.98,2026,Procedure,CMS
69502,Mastoidectomy,12.25,2026,Procedure,CMS
69505,Remove mastoid structures,12.84,2026,Procedure,CMS
69511,Extensive mastoid surgery,13.36,2026,Procedure,CMS
69530,Extensive mastoid surgery,19.87,2026,Procedure,CMS
69535,Remove part of temporal bone,36.48,2026,Procedure,CMS
69540,Excision aural polyp,1.22,2026,Procedure,CMS
69550,Exc aurl glomus tum trnscanl,10.87,2026,Procedure,CMS
69552,Exc aurl glomus tum trnsmstd,19.31,2026,Procedure,CMS
69554,Exc aurl glomus tum extended,35.07,2026,Procedure,CMS
69601,Revj mstdc rsltg compl mstdc,13.11,2026,Procedure,CMS
69602,Rev mstdc rslt mod rad mstdc,13.42,2026,Procedure,CMS
69603,Revj mstdc rsltg rad mstdc,13.85,2026,Procedure,CMS
69604,Revj mstdc rsltg tympanplsty,13.85,2026,Procedure,CMS
69610,Tympanic membrane repair,4.36,2026,Procedure,CMS
69620,Myringoplasty,5.88,2026,Procedure,CMS
69631,Repair eardrum structures,9.8,2026,Procedure,CMS
69632,Rebuild eardrum structures,12.64,2026,Procedure,CMS
69633,Rebuild eardrum structures,12.0,2026,Procedure,CMS
69635,Repair eardrum structures,13.17,2026,Procedure,CMS
69636,Rebuild eardrum structures,15.04,2026,Procedure,CMS
69637,Rebuild eardrum structures,14.94,2026,Procedure,CMS
69641,Revise middle ear & mastoid,12.57,2026,Procedure,CMS
69642,Revise middle ear & mastoid,16.63,2026,Procedure,CMS
69643,Revise middle ear & mastoid,15.2,2026,Procedure,CMS
69644,Revise middle ear & mastoid,16.8,2026,Procedure,CMS
69645,Revise middle ear & mastoid,16.29,2026,Procedure,CMS
69646,Revise middle ear & mastoid,17.91,2026,Procedure,CMS
69650,Stapes mobilization,9.56,2026,Procedure,CMS
69660,Revise middle ear bone,11.73,2026,Procedure,CMS
69661,Revise middle ear bone,15.52,2026,Procedure,CMS
69662,Revise middle ear bone,15.21,2026,Procedure,CMS
69666,Repair middle ear structures,9.64,2026,Procedure,CMS
69667,Repair middle ear structures,9.65,2026,Procedure,CMS
69670,Remove mastoid air cells,11.44,2026,Procedure,CMS
69676,Remove middle ear nerve,9.45,2026,Procedure,CMS
69700,Close mastoid fistula,8.16,2026,Procedure,CMS
69705,Nps surg dilat eust tube uni,2.93,2026,Procedure,CMS
69706,Nps surg dilat eust tube bi,4.16,2026,Procedure,CMS
69710,Implant/replace hearing aid,0.0,2026,Procedure,CMS
69711,Remove/repair hearing aid,10.35,2026,Procedure,CMS
69714,Impl oi implt skull perq esp,6.51,2026,Procedure,CMS
69716,Impl oi implt sk tc esp<100,8.8,2026,Procedure,CMS
69717,Rplcmt oi implt skl prq esp,7.71,2026,Procedure,CMS
69719,Rplcm oi implt sk tc esp<100,9.22,2026,Procedure,CMS
69720,Release facial nerve,14.34,2026,Procedure,CMS
69725,Release facial nerve,26.95,2026,Procedure,CMS
69726,Rmv ntr oi implt skl prq esp,6.2,2026,Procedure,CMS
69727,Rmv ntr oi imp sk tc esp<100,7.2,2026,Procedure,CMS
69728,Rmv ntr oi imp sk tc>=100,8.29,2026,Procedure,CMS
69729,Impl oi implt sk tc esp>=100,9.72,2026,Procedure,CMS
69730,Rplc oi implt sk tc esp>=100,9.99,2026,Procedure,CMS
69740,Repair facial nerve,15.86,2026,Procedure,CMS
69745,Repair facial nerve,16.59,2026,Procedure,CMS
69799,Unlisted px middle ear,0.0,2026,Procedure,CMS
69801,Incise inner ear,2.01,2026,Procedure,CMS
69805,Explore inner ear,14.34,2026,Procedure,CMS
69806,Explore inner ear,12.31,2026,Procedure,CMS
69905,Remove inner ear,10.98,2026,Procedure,CMS
69910,Remove inner ear & mastoid,13.56,2026,Procedure,CMS
69915,Incise inner ear nerve,22.2,2026,Procedure,CMS
69930,Implant cochlear device,17.29,2026,Procedure,CMS
69949,Unlisted px inner ear,0.0,2026,Procedure,CMS
69950,Incise inner ear nerve,26.94,2026,Procedure,CMS
69955,Release facial nerve,28.68,2026,Procedure,CMS
69960,Release inner ear canal,28.68,2026,Procedure,CMS
69970,Remove inner ear lesion,31.6,2026,Procedure,CMS
69979,Unlisted px temporal bone,0.0,2026,Procedure,CMS
69990,Microsurgery add-on,3.37,2026,Procedure,CMS
70010,Contrast x-ray of brain,1.16,2026,Procedure,CMS
70015,Contrast x-ray of brain,1.16,2026,Procedure,CMS
70030,X-ray eye for foreign body,0.18,2026,Procedure,CMS
70100,X-ray exam of jaw <4views,0.18,2026,Procedure,CMS
7010F,Pt info into recall system,0.0,2026,Procedure,CMS
70110,X-ray exam of jaw 4/> views,0.24,2026,Procedure,CMS
70120,X-ray exam of mastoids,0.18,2026,Procedure,CMS
70130,X-ray exam of mastoids,0.33,2026,Procedure,CMS
70134,X-ray exam of middle ear,0.33,2026,Procedure,CMS
70140,X-ray exam of facial bones,0.19,2026,Procedure,CMS
70150,X-ray exam of facial bones,0.25,2026,Procedure,CMS
70160,X-ray exam of nasal bones,0.17,2026,Procedure,CMS
70170,X-ray exam of tear duct,0.0,2026,Procedure,CMS
70190,X-ray exam of eye sockets,0.2,2026,Procedure,CMS
70200,X-ray exam of eye sockets,0.27,2026,Procedure,CMS
7020F,Mammo assess cat in dbase,0.0,2026,Procedure,CMS
70210,X-ray exam of sinuses,0.17,2026,Procedure,CMS
70220,X-ray exam of sinuses,0.21,2026,Procedure,CMS
70240,X-ray exam pituitary saddle,0.19,2026,Procedure,CMS
70250,X-ray exam of skull,0.18,2026,Procedure,CMS
7025F,Pt infosys alarm 4 nxt mammo,0.0,2026,Procedure,CMS
70260,X-ray exam of skull,0.27,2026,Procedure,CMS
70300,X-ray exam of teeth,0.1,2026,Procedure,CMS
70310,X-ray exam of teeth,0.16,2026,Procedure,CMS
70320,Full mouth x-ray of teeth,0.21,2026,Procedure,CMS
70328,X-ray exam of jaw joint,0.18,2026,Procedure,CMS
70330,X-ray exam of jaw joints,0.23,2026,Procedure,CMS
70332,X-ray exam of jaw joint,0.53,2026,Procedure,CMS
70336,Magnetic image jaw joint,1.44,2026,Procedure,CMS
70350,X-ray head for orthodontia,0.17,2026,Procedure,CMS
70355,Panoramic x-ray of jaws,0.2,2026,Procedure,CMS
70360,X-ray exam of neck,0.18,2026,Procedure,CMS
70370,Throat x-ray & fluoroscopy,0.31,2026,Procedure,CMS
70371,Speech evaluation complex,0.82,2026,Procedure,CMS
70380,X-ray exam of salivary gland,0.17,2026,Procedure,CMS
70390,X-ray exam of salivary duct,0.37,2026,Procedure,CMS
70450,Ct head/brain w/o dye,0.83,2026,Procedure,CMS
70460,Ct head/brain w/dye,1.1,2026,Procedure,CMS
70470,Ct head/brain w/o & w/dye,1.24,2026,Procedure,CMS
70471,Cta h&n c+ w/noncontrast img,2.5,2026,Procedure,CMS
70472,Ct cere prfu alys c+w/ct/cta,0.77,2026,Procedure,CMS
70473,Ct cere prfu aly c+wo ct/cta,1.0,2026,Procedure,CMS
70480,Ct orbit/ear/fossa w/o dye,1.25,2026,Procedure,CMS
70481,Ct orbit/ear/fossa w/dye,1.1,2026,Procedure,CMS
70482,Ct orbit/ear/fossa w/o&w/dye,1.24,2026,Procedure,CMS
70486,Ct maxillofacial w/o dye,0.83,2026,Procedure,CMS
70487,Ct maxillofacial w/dye,1.1,2026,Procedure,CMS
70488,Ct maxillofacial w/o & w/dye,1.24,2026,Procedure,CMS
70490,Ct soft tissue neck w/o dye,1.25,2026,Procedure,CMS
70491,Ct soft tissue neck w/dye,1.35,2026,Procedure,CMS
70492,Ct sft tsue nck w/o & w/dye,1.58,2026,Procedure,CMS
70496,Ct angiography head,1.71,2026,Procedure,CMS
70498,Ct angiography neck,1.71,2026,Procedure,CMS
70540,Mri orbit/face/neck w/o dye,1.32,2026,Procedure,CMS
70542,Mri orbit/face/neck w/dye,1.58,2026,Procedure,CMS
70543,Mri orbt/fac/nck w/o &w/dye,2.1,2026,Procedure,CMS
70544,Mr angiography head w/o dye,1.17,2026,Procedure,CMS
70545,Mr angiography head w/dye,1.17,2026,Procedure,CMS
70546,Mr angiograph head w/o&w/dye,1.44,2026,Procedure,CMS
70547,Mr angiography neck w/o dye,1.17,2026,Procedure,CMS
70548,Mr angiography neck w/dye,1.46,2026,Procedure,CMS
70549,Mr angiograph neck w/o&w/dye,1.76,2026,Procedure,CMS
70551,Mri brain stem w/o dye,1.44,2026,Procedure,CMS
70552,Mri brain stem w/dye,1.74,2026,Procedure,CMS
70553,Mri brain stem w/o & w/dye,2.23,2026,Procedure,CMS
70554,Fmri brain by tech,2.06,2026,Procedure,CMS
70555,Fmri brain by phys/psych,0.0,2026,Procedure,CMS
70557,Mri brain w/o dye,0.0,2026,Procedure,CMS
70558,Mri brain w/dye,0.0,2026,Procedure,CMS
70559,Mri brain w/o & w/dye,0.0,2026,Procedure,CMS
71045,X-ray exam chest 1 view,0.18,2026,Procedure,CMS
71046,X-ray exam chest 2 views,0.21,2026,Procedure,CMS
71047,X-ray exam chest 3 views,0.26,2026,Procedure,CMS
71048,X-ray exam chest 4+ views,0.3,2026,Procedure,CMS
71100,X-ray exam ribs uni 2 views,0.21,2026,Procedure,CMS
71101,X-ray exam unilat ribs/chest,0.26,2026,Procedure,CMS
71110,X-ray exam ribs bil 3 views,0.28,2026,Procedure,CMS
71111,X-ray exam ribs/chest4/> vws,0.31,2026,Procedure,CMS
71120,X-ray exam breastbone 2/>vws,0.2,2026,Procedure,CMS
71130,X-ray strenoclavic jt 3/>vws,0.21,2026,Procedure,CMS
71250,Ct thorax dx c-,1.05,2026,Procedure,CMS
71260,Ct thorax dx c+,1.13,2026,Procedure,CMS
71270,Ct thorax dx c-/c+,1.22,2026,Procedure,CMS
71271,Ct thorax lung cancer scr c-,1.05,2026,Procedure,CMS
71275,Ct angiography chest,1.77,2026,Procedure,CMS
71550,Mri chest w/o dye,1.42,2026,Procedure,CMS
71551,Mri chest w/dye,1.69,2026,Procedure,CMS
71552,Mri chest w/o & w/dye,2.2,2026,Procedure,CMS
71555,Mri angio chest w or w/o dye,1.76,2026,Procedure,CMS
72020,X-ray exam of spine 1 view,0.16,2026,Procedure,CMS
72040,X-ray exam neck spine 2-3 vw,0.21,2026,Procedure,CMS
72050,X-ray exam neck spine 4/5vws,0.26,2026,Procedure,CMS
72052,X-ray exam neck spine 6/>vws,0.29,2026,Procedure,CMS
72070,X-ray exam thorac spine 2vws,0.2,2026,Procedure,CMS
72072,X-ray exam thorac spine 3vws,0.22,2026,Procedure,CMS
72074,X-ray exam thorac spine4/>vw,0.24,2026,Procedure,CMS
72080,X-ray exam thoracolmb 2/> vw,0.2,2026,Procedure,CMS
72081,X-ray exam entire spi 1 vw,0.25,2026,Procedure,CMS
72082,X-ray exam entire spi 2/3 vw,0.3,2026,Procedure,CMS
72083,X-ray exam entire spi 4/5 vw,0.34,2026,Procedure,CMS
72084,X-ray exam entire spi 6/> vw,0.4,2026,Procedure,CMS
72100,X-ray exam l-s spine 2/3 vws,0.21,2026,Procedure,CMS
72110,X-ray exam l-2 spine 4/>vws,0.25,2026,Procedure,CMS
72114,X-ray exam l-s spine bending,0.29,2026,Procedure,CMS
72120,X-ray bend only l-s spine,0.21,2026,Procedure,CMS
72125,Ct neck spine w/o dye,0.98,2026,Procedure,CMS
72126,Ct neck spine w/dye,1.19,2026,Procedure,CMS
72127,Ct neck spine w/o & w/dye,1.24,2026,Procedure,CMS
72128,Ct chest spine w/o dye,0.98,2026,Procedure,CMS
72129,Ct chest spine w/dye,1.19,2026,Procedure,CMS
72130,Ct chest spine w/o & w/dye,1.24,2026,Procedure,CMS
72131,Ct lumbar spine w/o dye,0.98,2026,Procedure,CMS
72132,Ct lumbar spine w/dye,1.19,2026,Procedure,CMS
72133,Ct lumbar spine w/o & w/dye,1.24,2026,Procedure,CMS
72141,Mri neck spine w/o dye,1.44,2026,Procedure,CMS
72142,Mri neck spine w/dye,1.74,2026,Procedure,CMS
72146,Mri chest spine w/o dye,1.44,2026,Procedure,CMS
72147,Mri chest spine w/dye,1.74,2026,Procedure,CMS
72148,Mri lumbar spine w/o dye,1.44,2026,Procedure,CMS
72149,Mri lumbar spine w/dye,1.74,2026,Procedure,CMS
72156,Mri neck spine w/o & w/dye,2.23,2026,Procedure,CMS
72157,Mri chest spine w/o & w/dye,2.23,2026,Procedure,CMS
72158,Mri lumbar spine w/o & w/dye,2.23,2026,Procedure,CMS
72159,Mr angio spine w/o&w/dye,1.76,2026,Procedure,CMS
72170,X-ray exam of pelvis,0.17,2026,Procedure,CMS
72190,X-ray exam of pelvis,0.24,2026,Procedure,CMS
72191,Ct angiograph pelv w/o&w/dye,1.76,2026,Procedure,CMS
72192,Ct pelvis w/o dye,1.06,2026,Procedure,CMS
72193,Ct pelvis w/dye,1.13,2026,Procedure,CMS
72194,Ct pelvis w/o & w/dye,1.19,2026,Procedure,CMS
72195,Mri pelvis w/o dye,1.42,2026,Procedure,CMS
72196,Mri pelvis w/dye,1.69,2026,Procedure,CMS
72197,Mri pelvis w/o & w/dye,2.15,2026,Procedure,CMS
72198,Mr angio pelvis w/o & w/dye,1.76,2026,Procedure,CMS
72200,X-ray exam si joints,0.17,2026,Procedure,CMS
72202,X-ray exam si joints 3/> vws,0.22,2026,Procedure,CMS
72220,X-ray exam sacrum tailbone,0.17,2026,Procedure,CMS
72240,Myelography neck spine,0.89,2026,Procedure,CMS
72255,Myelography thoracic spine,0.89,2026,Procedure,CMS
72265,Myelography l-s spine,0.81,2026,Procedure,CMS
72270,Myelogphy 2/> spine regions,1.3,2026,Procedure,CMS
72285,Discography cerv/thor spine,1.13,2026,Procedure,CMS
72295,X-ray of lower spine disk,0.81,2026,Procedure,CMS
73000,X-ray exam of collar bone,0.16,2026,Procedure,CMS
73010,X-ray exam of shoulder blade,0.17,2026,Procedure,CMS
73020,X-ray exam of shoulder,0.15,2026,Procedure,CMS
73030,X-ray exam of shoulder,0.18,2026,Procedure,CMS
73040,Contrast x-ray of shoulder,0.53,2026,Procedure,CMS
73050,X-ray exam of shoulders,0.18,2026,Procedure,CMS
73060,X-ray exam of humerus,0.16,2026,Procedure,CMS
73070,X-ray exam of elbow,0.16,2026,Procedure,CMS
73080,X-ray exam of elbow,0.17,2026,Procedure,CMS
73085,Contrast x-ray of elbow,0.53,2026,Procedure,CMS
73090,X-ray exam of forearm,0.16,2026,Procedure,CMS
73092,X-ray exam of arm infant,0.16,2026,Procedure,CMS
73100,X-ray exam of wrist,0.16,2026,Procedure,CMS
73110,X-ray exam of wrist,0.17,2026,Procedure,CMS
73115,Contrast x-ray of wrist,0.53,2026,Procedure,CMS
73120,X-ray exam of hand,0.16,2026,Procedure,CMS
73130,X-ray exam of hand,0.17,2026,Procedure,CMS
73140,X-ray exam of finger(s),0.13,2026,Procedure,CMS
73200,Ct upper extremity w/o dye,0.98,2026,Procedure,CMS
73201,Ct upper extremity w/dye,1.13,2026,Procedure,CMS
73202,Ct uppr extremity w/o&w/dye,1.19,2026,Procedure,CMS
73206,Ct angio upr extrm w/o&w/dye,1.76,2026,Procedure,CMS
73218,Mri upper extremity w/o dye,1.32,2026,Procedure,CMS
73219,Mri upper extremity w/dye,1.58,2026,Procedure,CMS
73220,Mri uppr extremity w/o&w/dye,2.1,2026,Procedure,CMS
73221,Mri joint upr extrem w/o dye,1.32,2026,Procedure,CMS
73222,Mri joint upr extrem w/dye,1.58,2026,Procedure,CMS
73223,Mri joint upr extr w/o&w/dye,2.1,2026,Procedure,CMS
73225,Mr angio upr extr w/o&w/dye,1.69,2026,Procedure,CMS
73501,X-ray exam hip uni 1 view,0.18,2026,Procedure,CMS
73502,X-ray exam hip uni 2-3 views,0.21,2026,Procedure,CMS
73503,X-ray exam hip uni 4/> views,0.26,2026,Procedure,CMS
73521,X-ray exam hips bi 2 views,0.21,2026,Procedure,CMS
73522,X-ray exam hips bi 3-4 views,0.28,2026,Procedure,CMS
73523,X-ray exam hips bi 5/> views,0.3,2026,Procedure,CMS
73525,Contrast x-ray of hip,0.53,2026,Procedure,CMS
73551,X-ray exam of femur 1,0.16,2026,Procedure,CMS
73552,X-ray exam of femur 2/>,0.18,2026,Procedure,CMS
73560,X-ray exam of knee 1 or 2,0.16,2026,Procedure,CMS
73562,X-ray exam of knee 3,0.18,2026,Procedure,CMS
73564,X-ray exam knee 4 or more,0.21,2026,Procedure,CMS
73565,X-ray exam of knees,0.16,2026,Procedure,CMS
73580,Contrast x-ray of knee joint,0.58,2026,Procedure,CMS
73590,X-ray exam of lower leg,0.16,2026,Procedure,CMS
73592,X-ray exam of leg infant,0.16,2026,Procedure,CMS
73600,X-ray exam of ankle,0.16,2026,Procedure,CMS
73610,X-ray exam of ankle,0.17,2026,Procedure,CMS
73615,Contrast x-ray of ankle,0.53,2026,Procedure,CMS
73620,X-ray exam of foot,0.16,2026,Procedure,CMS
73630,X-ray exam of foot,0.17,2026,Procedure,CMS
73650,X-ray exam of heel,0.16,2026,Procedure,CMS
73660,X-ray exam of toe(s),0.13,2026,Procedure,CMS
73700,Ct lower extremity w/o dye,0.98,2026,Procedure,CMS
73701,Ct lower extremity w/dye,1.13,2026,Procedure,CMS
73702,Ct lwr extremity w/o&w/dye,1.19,2026,Procedure,CMS
73706,Ct angio lwr extr w/o&w/dye,1.85,2026,Procedure,CMS
73718,Mri lower extremity w/o dye,1.32,2026,Procedure,CMS
73719,Mri lower extremity w/dye,1.58,2026,Procedure,CMS
73720,Mri lwr extremity w/o&w/dye,2.1,2026,Procedure,CMS
73721,Mri jnt of lwr extre w/o dye,1.32,2026,Procedure,CMS
73722,Mri joint of lwr extr w/dye,1.58,2026,Procedure,CMS
73723,Mri joint lwr extr w/o&w/dye,2.1,2026,Procedure,CMS
73725,Mr ang lwr ext w or w/o dye,1.77,2026,Procedure,CMS
74018,Radex abdomen 1 view,0.18,2026,Procedure,CMS
74019,Radex abdomen 2 views,0.22,2026,Procedure,CMS
74021,Radex abdomen 3+ views,0.26,2026,Procedure,CMS
74022,Radex compl aqt abd series,0.31,2026,Procedure,CMS
74150,Ct abdomen w/o contrast,1.16,2026,Procedure,CMS
74160,Ct abdomen w/contrast,1.24,2026,Procedure,CMS
74170,Ct abd wo cntrst flwd cntrst,1.37,2026,Procedure,CMS
74174,Cta abd&plvs w/contrast,2.15,2026,Procedure,CMS
74175,Cta abdomen w/contrast,1.77,2026,Procedure,CMS
74176,Ct abd & pelvis w/o contrast,1.7,2026,Procedure,CMS
74177,Ct abd & pelvis w/contrast,1.77,2026,Procedure,CMS
74178,Ct abd&plv wo cntr flwd cntr,1.96,2026,Procedure,CMS
74181,Mri abdomen w/o contrast,1.42,2026,Procedure,CMS
74182,Mri abdomen w/contrast,1.69,2026,Procedure,CMS
74183,Mri abd w/o cntr flwd cntr,2.15,2026,Procedure,CMS
74185,Mra abd w or w/o cntrst,1.76,2026,Procedure,CMS
74190,Peritoneogram rs&i,0.0,2026,Procedure,CMS
74210,X-ray xm phrnx&/crv esoph c+,0.58,2026,Procedure,CMS
74220,X-ray xm esophagus 1cntrst,0.59,2026,Procedure,CMS
74221,X-ray xm esophagus 2cntrst,0.68,2026,Procedure,CMS
74230,X-ray xm swlng funcj c+,0.52,2026,Procedure,CMS
74235,Remove esophagus obstruction,0.0,2026,Procedure,CMS
74240,X-ray xm upr gi trc 1cntrst,0.78,2026,Procedure,CMS
74246,X-ray xm upr gi trc 2cntrst,0.88,2026,Procedure,CMS
74248,X-ray sm int f-thru std,0.68,2026,Procedure,CMS
74250,X-ray xm sm int 1cntrst std,0.79,2026,Procedure,CMS
74251,X-ray xm sm int 2cntrst std,1.14,2026,Procedure,CMS
74261,Ct colonography dx,2.34,2026,Procedure,CMS
74262,Ct colonography dx w/dye,2.44,2026,Procedure,CMS
74263,Ct colonography screening,2.22,2026,Procedure,CMS
74270,X-ray xm colon 1cntrst std,1.01,2026,Procedure,CMS
74280,X-ray xm colon 2cntrst std,1.23,2026,Procedure,CMS
74283,Ther nma rdctj intus/obstrcj,1.97,2026,Procedure,CMS
74290,Contrast x-ray gallbladder,0.31,2026,Procedure,CMS
74300,X-ray bile ducts/pancreas,0.0,2026,Procedure,CMS
74301,X-rays at surgery add-on,0.0,2026,Procedure,CMS
74328,X-ray bile duct endoscopy,0.0,2026,Procedure,CMS
74329,X-ray for pancreas endoscopy,0.0,2026,Procedure,CMS
74330,X-ray bile/panc endoscopy,0.0,2026,Procedure,CMS
74340,X-ray guide for gi tube,0.0,2026,Procedure,CMS
74355,X-ray guide intestinal tube,0.0,2026,Procedure,CMS
74360,X-ray guide gi dilation,0.0,2026,Procedure,CMS
74363,X-ray bile duct dilation,0.0,2026,Procedure,CMS
74400,Urography iv +-kub tomog,0.48,2026,Procedure,CMS
74410,Urography nfs drip&/bolus,0.48,2026,Procedure,CMS
74415,Urography nfs drip&/bls w/nf,0.48,2026,Procedure,CMS
74420,Urography rtrgr +-kub,0.51,2026,Procedure,CMS
74425,Urography antegrade rs&i,0.5,2026,Procedure,CMS
74430,Contrast x-ray bladder,0.31,2026,Procedure,CMS
74440,X-ray male genital tract,0.37,2026,Procedure,CMS
74445,X-ray exam of penis,0.0,2026,Procedure,CMS
74450,X-ray urethra/bladder,0.0,2026,Procedure,CMS
74455,X-ray urethra/bladder,0.32,2026,Procedure,CMS
74470,X-ray exam of kidney lesion,0.0,2026,Procedure,CMS
74485,Dilation urtr/urt rs&i,0.81,2026,Procedure,CMS
74712,Mri fetal sngl/1st gestation,2.93,2026,Procedure,CMS
74713,Mri fetal ea addl gestation,1.8,2026,Procedure,CMS
74740,X-ray female genital tract,0.37,2026,Procedure,CMS
74742,X-ray fallopian tube,0.0,2026,Procedure,CMS
74775,X-ray exam of perineum,0.0,2026,Procedure,CMS
75557,Cardiac mri for morph,2.29,2026,Procedure,CMS
75559,Cardiac mri w/stress img,2.88,2026,Procedure,CMS
75561,Cardiac mri for morph w/dye,2.54,2026,Procedure,CMS
75563,Card mri w/stress img & dye,2.93,2026,Procedure,CMS
75565,Card mri veloc flow mapping,0.24,2026,Procedure,CMS
75571,Ct hrt w/o dye w/ca test,0.57,2026,Procedure,CMS
75572,Ct hrt w/3d image,1.71,2026,Procedure,CMS
75573,Ct hrt c+ strux cgen hrt ds,2.49,2026,Procedure,CMS
75574,Ct angio hrt w/3d image,2.34,2026,Procedure,CMS
75577,Quan&char c athrosclrtc plaq,0.85,2026,Procedure,CMS
75580,N-invas est c ffr sw aly cta,0.73,2026,Procedure,CMS
75600,Contrast exam thoracic aorta,0.48,2026,Procedure,CMS
75605,Contrast exam thoracic aorta,1.11,2026,Procedure,CMS
75625,Contrast exam abdominl aorta,1.4,2026,Procedure,CMS
75630,X-ray aorta leg arteries,1.95,2026,Procedure,CMS
75635,Ct angio abdominal arteries,2.34,2026,Procedure,CMS
75705,Artery x-rays spine,2.13,2026,Procedure,CMS
75710,Artery x-rays arm/leg,1.71,2026,Procedure,CMS
75716,Artery x-rays arms/legs,1.92,2026,Procedure,CMS
75726,Artery x-rays abdomen,2.0,2026,Procedure,CMS
75731,Artery x-rays adrenal gland,1.11,2026,Procedure,CMS
75733,Artery x-rays adrenals,1.28,2026,Procedure,CMS
75736,Artery x-rays pelvis,1.11,2026,Procedure,CMS
75741,Artery x-rays lung,1.28,2026,Procedure,CMS
75743,Artery x-rays lungs,1.62,2026,Procedure,CMS
75746,Artery x-rays lung,1.11,2026,Procedure,CMS
75756,Artery x-rays chest,1.11,2026,Procedure,CMS
75774,Artery x-ray each vessel,0.98,2026,Procedure,CMS
75801,Lymph vessel x-ray arm/leg,0.0,2026,Procedure,CMS
75803,Lymph vessel x-ray arms/legs,0.0,2026,Procedure,CMS
75805,Lymph vessel x-ray trunk,0.0,2026,Procedure,CMS
75807,Lymph vessel x-ray trunk,0.0,2026,Procedure,CMS
75809,Nonvascular shunt x-ray,0.46,2026,Procedure,CMS
75810,Vein x-ray spleen/liver,0.0,2026,Procedure,CMS
75820,Vein x-ray arm/leg,1.02,2026,Procedure,CMS
75822,Vein x-ray arms/legs,1.44,2026,Procedure,CMS
75825,Vein x-ray trunk,1.11,2026,Procedure,CMS
75827,Vein x-ray chest,1.11,2026,Procedure,CMS
75831,Vein x-ray kidney,1.11,2026,Procedure,CMS
75833,Vein x-ray kidneys,1.45,2026,Procedure,CMS
75840,Vein x-ray adrenal gland,1.11,2026,Procedure,CMS
75860,Vein x-ray neck,1.11,2026,Procedure,CMS
75870,Vein x-ray skull,1.11,2026,Procedure,CMS
75872,Vein x-ray skull epidural,1.11,2026,Procedure,CMS
75880,Vein x-ray eye socket,0.68,2026,Procedure,CMS
75885,Vein x-ray liver w/hemodynam,1.4,2026,Procedure,CMS
75887,Vein x-ray liver w/o hemodyn,1.4,2026,Procedure,CMS
75889,Vein x-ray liver w/hemodynam,1.11,2026,Procedure,CMS
75891,Vein x-ray liver,1.11,2026,Procedure,CMS
75893,Venous sampling by catheter,0.53,2026,Procedure,CMS
75894,X-rays transcath therapy,2.19,2026,Procedure,CMS
75898,Follow-up angiography,1.8,2026,Procedure,CMS
75901,Remove cva device obstruct,0.48,2026,Procedure,CMS
75902,Remove cva lumen obstruct,0.38,2026,Procedure,CMS
75970,Vascular biopsy,0.0,2026,Procedure,CMS
75984,Xray control catheter change,0.81,2026,Procedure,CMS
75989,Abscess drainage under x-ray,1.16,2026,Procedure,CMS
76000,Fluoroscopy <1 hr phys/qhp,0.3,2026,Procedure,CMS
76010,X-ray nose to rectum,0.18,2026,Procedure,CMS
76014,Mr sfty implt&/fb asmt stf 1,0.0,2026,Procedure,CMS
76015,Mr sfty mplt&/fb asmt stf ea,0.0,2026,Procedure,CMS
76016,Mr safety deter phys/qhp,0.59,2026,Procedure,CMS
76017,Mr sfty med physics xm cstmz,0.74,2026,Procedure,CMS
76018,Mr safety implant elec prepj,0.73,2026,Procedure,CMS
76019,Mr safety implt pos&/immoblj,0.59,2026,Procedure,CMS
76080,X-ray exam of fistula,0.53,2026,Procedure,CMS
76098,X-ray exam surgical specimen,0.3,2026,Procedure,CMS
76100,X-ray exam of body section,0.57,2026,Procedure,CMS
76120,Cine/video x-rays,0.37,2026,Procedure,CMS
76125,Cine/video x-rays add-on,0.0,2026,Procedure,CMS
76140,X-ray consultation,0.0,2026,Procedure,CMS
76145,Med physic dos eval rad exps,0.0,2026,Procedure,CMS
76376,3d render w/intrp postproces,0.2,2026,Procedure,CMS
76377,3d render w/intrp postproces,0.77,2026,Procedure,CMS
76380,Cat scan follow-up study,0.96,2026,Procedure,CMS
76390,Mr spectroscopy,0.0,2026,Procedure,CMS
76391,Mr elastography,1.07,2026,Procedure,CMS
76496,Unlisted fluoroscopic px,0.0,2026,Procedure,CMS
76497,Unlisted ct procedure,0.0,2026,Procedure,CMS
76498,Unlisted mr procedure,0.0,2026,Procedure,CMS
76499,Unlisted dx radiographic px,0.0,2026,Procedure,CMS
76506,Echo exam of head,0.61,2026,Procedure,CMS
76510,Oph us dx b-scan&quan a-scan,0.68,2026,Procedure,CMS
76511,Oph us dx quan a-scan only,0.62,2026,Procedure,CMS
76512,Oph us dx b-scan,0.55,2026,Procedure,CMS
76513,Oph us dx ant sgm us uni/bi,0.59,2026,Procedure,CMS
76514,Echo exam of eye thickness,0.14,2026,Procedure,CMS
76516,Echo exam of eye,0.39,2026,Procedure,CMS
76519,Echo exam of eye,0.53,2026,Procedure,CMS
76529,Echo exam of eye,0.56,2026,Procedure,CMS
76536,Us exam of head and neck,0.55,2026,Procedure,CMS
76604,Us exam chest,0.58,2026,Procedure,CMS
76641,Ultrasound breast complete,0.71,2026,Procedure,CMS
76642,Ultrasound breast limited,0.66,2026,Procedure,CMS
76700,Us exam abdom complete,0.79,2026,Procedure,CMS
76705,Echo exam of abdomen,0.58,2026,Procedure,CMS
76706,Us abdl aorta screen aaa,0.54,2026,Procedure,CMS
76770,Us exam abdo back wall comp,0.72,2026,Procedure,CMS
76775,Us exam abdo back wall lim,0.57,2026,Procedure,CMS
76776,Us exam k transpl w/doppler,0.74,2026,Procedure,CMS
76800,Us exam spinal canal,1.1,2026,Procedure,CMS
76801,Ob us < 14 wks single fetus,0.97,2026,Procedure,CMS
76802,Ob us < 14 wks addl fetus,0.81,2026,Procedure,CMS
76805,Ob us >/= 14 wks sngl fetus,0.97,2026,Procedure,CMS
76810,Ob us >/= 14 wks addl fetus,0.96,2026,Procedure,CMS
76811,Ob us detailed sngl fetus,1.85,2026,Procedure,CMS
76812,Ob us detailed addl fetus,1.74,2026,Procedure,CMS
76813,Ob us nuchal meas 1 gest,1.15,2026,Procedure,CMS
76814,Ob us nuchal meas add-on,0.97,2026,Procedure,CMS
76815,Ob us limited fetus(s),0.63,2026,Procedure,CMS
76816,Ob us follow-up per fetus,0.83,2026,Procedure,CMS
76817,Transvaginal us obstetric,0.73,2026,Procedure,CMS
76818,Fetal biophys profile w/nst,1.02,2026,Procedure,CMS
76819,Fetal biophys profil w/o nst,0.75,2026,Procedure,CMS
76820,Umbilical artery echo,0.49,2026,Procedure,CMS
76821,Middle cerebral artery echo,0.68,2026,Procedure,CMS
76825,Echo exam of fetal heart,1.63,2026,Procedure,CMS
76826,Echo exam of fetal heart,0.81,2026,Procedure,CMS
76827,Echo exam of fetal heart,0.57,2026,Procedure,CMS
76828,Echo exam of fetal heart,0.55,2026,Procedure,CMS
76830,Transvaginal us non-ob,0.67,2026,Procedure,CMS
76831,Echo exam uterus,0.7,2026,Procedure,CMS
76856,Us exam pelvic complete,0.67,2026,Procedure,CMS
76857,Us exam pelvic limited,0.49,2026,Procedure,CMS
76870,Us exam scrotum,0.62,2026,Procedure,CMS
76872,Us transrectal,0.65,2026,Procedure,CMS
76873,Echograp trans r pros study,1.51,2026,Procedure,CMS
76881,Us compl joint r-t w/img,0.88,2026,Procedure,CMS
76882,Us lmtd jt/fcl evl nvasc xtr,0.67,2026,Procedure,CMS
76883,Us nrv&acc strux 1xtr compre,1.18,2026,Procedure,CMS
76885,Us exam infant hips dynamic,0.72,2026,Procedure,CMS
76886,Us exam infant hips static,0.6,2026,Procedure,CMS
76932,Echo guide for heart biopsy,0.0,2026,Procedure,CMS
76936,Echo guide for artery repair,1.94,2026,Procedure,CMS
76937,Us guide vascular access,0.29,2026,Procedure,CMS
76940,Us guide tissue ablation,0.0,2026,Procedure,CMS
76941,Echo guide for transfusion,0.0,2026,Procedure,CMS
76942,Echo guide for biopsy,0.65,2026,Procedure,CMS
76945,Echo guide villus sampling,0.0,2026,Procedure,CMS
76946,Echo guide for amniocentesis,0.37,2026,Procedure,CMS
76948,Echo guide ova aspiration,0.65,2026,Procedure,CMS
76965,Echo guidance radiotherapy,1.31,2026,Procedure,CMS
76975,Gi endoscopic ultrasound,0.0,2026,Procedure,CMS
76977,Us bone density measure,0.05,2026,Procedure,CMS
76978,Us trgt dyn mbubb 1st les,1.58,2026,Procedure,CMS
76979,Us trgt dyn mbubb ea addl,0.83,2026,Procedure,CMS
76981,Use parenchyma,0.58,2026,Procedure,CMS
76982,Use 1st target lesion,0.58,2026,Procedure,CMS
76983,Use ea addl target lesion,0.46,2026,Procedure,CMS
76984,Dx intraop thoracic aorta us,0.0,2026,Procedure,CMS
76987,Dx intraop epicar car us chd,0.0,2026,Procedure,CMS
76988,Dx ntrop epcr us chd img acq,0.0,2026,Procedure,CMS
76989,Dx intraop epcar us chd i&r,0.0,2026,Procedure,CMS
76998,Us guide intraop,0.0,2026,Procedure,CMS
76999,Echo examination procedure,0.0,2026,Procedure,CMS
77001,Fluoroguide for vein device,0.37,2026,Procedure,CMS
77002,Needle localization by xray,0.53,2026,Procedure,CMS
77003,Fluoroguide for spine inject,0.59,2026,Procedure,CMS
77011,Ct scan for localization,1.18,2026,Procedure,CMS
77012,Ct scan for needle biopsy,1.46,2026,Procedure,CMS
77013,Ct guide for tissue ablation,0.0,2026,Procedure,CMS
77021,Mri guidance ndl plmt rs&i,1.46,2026,Procedure,CMS
77022,Mri gdn parnchyma tiss abltj,0.0,2026,Procedure,CMS
77046,Mri breast c- unilateral,1.41,2026,Procedure,CMS
77047,Mri breast c- bilateral,1.56,2026,Procedure,CMS
77048,Mri breast c-+ w/cad uni,2.05,2026,Procedure,CMS
77049,Mri breast c-+ w/cad bi,2.24,2026,Procedure,CMS
77053,X-ray of mammary duct,0.35,2026,Procedure,CMS
77054,X-ray of mammary ducts,0.44,2026,Procedure,CMS
77061,Breast tomosynthesis uni,0.0,2026,Procedure,CMS
77062,Breast tomosynthesis bi,0.0,2026,Procedure,CMS
77063,Breast tomosynthesis bi,0.59,2026,Procedure,CMS
77065,Dx mammo incl cad uni,0.79,2026,Procedure,CMS
77066,Dx mammo incl cad bi,0.98,2026,Procedure,CMS
77067,Scr mammo bi incl cad,0.74,2026,Procedure,CMS
77071,Mnl appl strs jt radiography,0.4,2026,Procedure,CMS
77072,Bone age studies,0.19,2026,Procedure,CMS
77073,Bone length studies,0.25,2026,Procedure,CMS
77074,Radex osseous survey lmtd,0.43,2026,Procedure,CMS
77075,Radex osseous survey compl,0.54,2026,Procedure,CMS
77076,Radex osseous survey infant,0.68,2026,Procedure,CMS
77077,Joint survey single view,0.32,2026,Procedure,CMS
77078,Ct bone density axial,0.24,2026,Procedure,CMS
77080,Dxa bone density axial,0.2,2026,Procedure,CMS
77081,Dxa bone density appendiculr,0.2,2026,Procedure,CMS
77084,Mri bone marrow blood supply,1.56,2026,Procedure,CMS
77085,Dxa bone density axl vrt fx,0.29,2026,Procedure,CMS
77086,Vrt fracture assmt via dxa,0.17,2026,Procedure,CMS
77089,Tbs dxa cal w/i&r fx risk,0.2,2026,Procedure,CMS
77090,Tbs techl prep&transmis data,0.0,2026,Procedure,CMS
77091,Tbs techl calculation only,0.0,2026,Procedure,CMS
77092,Tbs i&r fx rsk qhp,0.2,2026,Procedure,CMS
77261,Ther radiology tx plng smpl,1.27,2026,Procedure,CMS
77262,Ther radiology tx plng intrm,1.95,2026,Procedure,CMS
77263,Ther radiology tx plng cplx,3.06,2026,Procedure,CMS
77280,Ther rad simulaj field smpl,0.68,2026,Procedure,CMS
77285,Ther rad simulaj field intrm,1.02,2026,Procedure,CMS
77290,Ther rad simulaj field cplx,1.52,2026,Procedure,CMS
77293,Respirator motion mgmt simul,1.95,2026,Procedure,CMS
77295,3-d radiotherapy plan,4.18,2026,Procedure,CMS
77299,Unlisted px ther rad tx plng,0.0,2026,Procedure,CMS
77300,Radiation therapy dose plan,0.6,2026,Procedure,CMS
77301,Radiotherapy dose plan imrt,7.79,2026,Procedure,CMS
77306,Telethx isodose plan simple,1.37,2026,Procedure,CMS
77307,Telethx isodose plan cplx,2.83,2026,Procedure,CMS
77316,Brachytx isodose plan simple,1.37,2026,Procedure,CMS
77317,Brachytx isodose intermed,1.78,2026,Procedure,CMS
77318,Brachytx isodose complex,2.83,2026,Procedure,CMS
77321,Special teletx port plan,0.93,2026,Procedure,CMS
77331,Special radiation dosimetry,0.85,2026,Procedure,CMS
77332,Radiation treatment aid(s),0.44,2026,Procedure,CMS
77333,Radiation treatment aid(s),0.73,2026,Procedure,CMS
77334,Radiation treatment aid(s),1.12,2026,Procedure,CMS
77336,Radiation physics consult,0.0,2026,Procedure,CMS
77338,Design mlc device for imrt,4.18,2026,Procedure,CMS
77370,Radiation physics consult,0.0,2026,Procedure,CMS
77371,Srs multisource,0.0,2026,Procedure,CMS
77372,Srs linear based,0.0,2026,Procedure,CMS
77373,Strtctc bdy rad ther tx dlvr,0.0,2026,Procedure,CMS
77387,Guidance for radj tx dlvr,0.68,2026,Procedure,CMS
77399,Unlisted px med radj physics,0.0,2026,Procedure,CMS
77402,Radiation tx delivery lvl 1,0.0,2026,Procedure,CMS
77407,Radiation tx delivery lvl 2,0.0,2026,Procedure,CMS
77412,Radiation tx delivery lvl 3,0.0,2026,Procedure,CMS
77417,Ther radiology port image(s),0.0,2026,Procedure,CMS
77423,Neutron beam tx complex,0.0,2026,Procedure,CMS
77424,Io rad tx delivery by x-ray,0.0,2026,Procedure,CMS
77425,Io rad tx deliver by elctrns,0.0,2026,Procedure,CMS
77427,Radiation tx management x5,3.37,2026,Procedure,CMS
77431,Radiation therapy management,1.76,2026,Procedure,CMS
77432,Stereotactic radiation trmt,7.72,2026,Procedure,CMS
77435,Sbrt management,11.57,2026,Procedure,CMS
77436,Surf radj ther tx planning,0.77,2026,Procedure,CMS
77437,Surf radj ther supfc<=150kv,0.0,2026,Procedure,CMS
77438,Surf rad thr orthvlt>150-500,0.0,2026,Procedure,CMS
77439,Surf rad thr img gdn us plmt,0.3,2026,Procedure,CMS
77469,Io radiation tx management,5.61,2026,Procedure,CMS
77470,Special radiation treatment,1.98,2026,Procedure,CMS
77499,Unlisted px ther rad tx mgmt,0.0,2026,Procedure,CMS
77520,Proton trmt simple w/o comp,0.0,2026,Procedure,CMS
77522,Proton trmt simple w/comp,0.0,2026,Procedure,CMS
77523,Proton trmt intermediate,0.0,2026,Procedure,CMS
77525,Proton treatment complex,0.0,2026,Procedure,CMS
77600,Hyperthermia ext gen supfc,1.28,2026,Procedure,CMS
77605,Hyperthermia ext gen deep,1.79,2026,Procedure,CMS
77610,Hyperthermia ntrstl prb 5/<,1.28,2026,Procedure,CMS
77615,Hyperthermia ntrstl prb>5,1.79,2026,Procedure,CMS
77620,Hyperthermia gen intrcv prb,1.52,2026,Procedure,CMS
77750,Infuse radioactive materials,4.88,2026,Procedure,CMS
77761,Apply intrcav radiat simple,3.75,2026,Procedure,CMS
77762,Apply intrcav radiat interm,5.62,2026,Procedure,CMS
77763,Apply intrcav radiat compl,8.44,2026,Procedure,CMS
77767,Hdr rdncl skn surf brachytx,1.02,2026,Procedure,CMS
77768,Hdr rdncl skn surf brachytx,1.37,2026,Procedure,CMS
77770,Hdr rdncl ntrstl/icav brchtx,1.9,2026,Procedure,CMS
77771,Hdr rdncl ntrstl/icav brchtx,3.71,2026,Procedure,CMS
77772,Hdr rdncl ntrstl/icav brchtx,5.27,2026,Procedure,CMS
77778,Apply interstit radiat compl,8.56,2026,Procedure,CMS
77789,Apply surf ldr radionuclide,1.11,2026,Procedure,CMS
77790,Radiation handling,0.0,2026,Procedure,CMS
77799,Unlisted px clin brachytx,0.0,2026,Procedure,CMS
78012,Thyroid uptake measurement,0.19,2026,Procedure,CMS
78013,Thyroid imaging w/blood flow,0.36,2026,Procedure,CMS
78014,Thyroid imaging w/blood flow,0.49,2026,Procedure,CMS
78015,Thyroid met imaging,0.65,2026,Procedure,CMS
78016,Thyroid met imaging/studies,0.8,2026,Procedure,CMS
78018,Thyroid met imaging body,0.84,2026,Procedure,CMS
78020,Thyroid met uptake,0.59,2026,Procedure,CMS
78070,Parathyroid planar imaging,0.78,2026,Procedure,CMS
78071,Parathyrd planar w/wo subtrj,1.17,2026,Procedure,CMS
78072,Parathyrd planar w/spect&ct,1.56,2026,Procedure,CMS
78075,Adrenal cortex & medulla img,0.72,2026,Procedure,CMS
78099,Unlisted endocrine px dx nuc,0.0,2026,Procedure,CMS
78102,Bone marrow imaging ltd,0.54,2026,Procedure,CMS
78103,Bone marrow imaging mult,0.73,2026,Procedure,CMS
78104,Bone marrow imaging body,0.78,2026,Procedure,CMS
78110,Plasma volume single,0.19,2026,Procedure,CMS
78111,Plasma volume multiple,0.21,2026,Procedure,CMS
78120,Red cell mass single,0.22,2026,Procedure,CMS
78121,Red cell mass multiple,0.31,2026,Procedure,CMS
78122,Whl bld volume determination,0.44,2026,Procedure,CMS
78130,Red cell survival study,0.59,2026,Procedure,CMS
78140,Red cell sequestration,0.59,2026,Procedure,CMS
78185,Spleen imaging,0.39,2026,Procedure,CMS
78191,Platelet survival study,0.59,2026,Procedure,CMS
78195,Lymph system imaging,1.17,2026,Procedure,CMS
78199,Unlstd hematop ret/endo lymp,0.0,2026,Procedure,CMS
78201,Liver imaging static only,0.43,2026,Procedure,CMS
78202,Liver imaging with vasc flow,0.5,2026,Procedure,CMS
78215,Lvr&spleen img static only,0.48,2026,Procedure,CMS
78216,Lvr&spleen img w/vasc flow,0.56,2026,Procedure,CMS
78226,Hepatobiliary system imaging,0.72,2026,Procedure,CMS
78227,Hepatobil syst image w/drug,0.88,2026,Procedure,CMS
78230,Salivary gland imaging,0.44,2026,Procedure,CMS
78231,Salivary glnd img serial img,0.51,2026,Procedure,CMS
78232,Salivary gland function std,0.46,2026,Procedure,CMS
78258,Esophageal motility,0.72,2026,Procedure,CMS
78261,Gastric mucosa imaging,0.67,2026,Procedure,CMS
78262,Gastroesophageal reflux std,0.66,2026,Procedure,CMS
78264,Gastric emptying img study,0.77,2026,Procedure,CMS
78265,Gstr emptg img sm bwl trnst,0.96,2026,Procedure,CMS
78266,Gstr empt img sm bwl&colon,1.05,2026,Procedure,CMS
78267,Urea breath tst c-14 acquisj,0.0,2026,Procedure,CMS
78268,Urea breath test c-14 alys,0.0,2026,Procedure,CMS
78278,Acute gi blood loss imaging,0.97,2026,Procedure,CMS
78282,Gi protein loss,0.0,2026,Procedure,CMS
78290,Intestine imaging,0.66,2026,Procedure,CMS
78291,Pertl-ven shunt patency test,0.86,2026,Procedure,CMS
78299,Unlisted gi px dx nuc med,0.0,2026,Procedure,CMS
78300,Bone imaging limited area,0.6,2026,Procedure,CMS
78305,Bone imaging multiple areas,0.81,2026,Procedure,CMS
78306,Bone imaging whole body,0.84,2026,Procedure,CMS
78315,Bone imaging 3 phase,0.99,2026,Procedure,CMS
78350,Bone mineral single photon,0.21,2026,Procedure,CMS
78351,Bone mineral dual photon,0.29,2026,Procedure,CMS
78399,Unlisted muscskel px dx nuc,0.0,2026,Procedure,CMS
78414,Non-imaging heart function,0.0,2026,Procedure,CMS
78428,Cardiac shunt imaging,0.76,2026,Procedure,CMS
78429,Myocrd img pet 1 std w/ct,0.0,2026,Procedure,CMS
78430,Myocrd img pet rst/strs w/ct,0.0,2026,Procedure,CMS
78431,Myocrd img pet rst&strs ct,0.0,2026,Procedure,CMS
78432,Myocrd img pet 2rtracer,0.0,2026,Procedure,CMS
78433,Myocrd img pet 2rtracer ct,0.0,2026,Procedure,CMS
78434,Aqmbf pet rest & rx stress,0.0,2026,Procedure,CMS
78445,Vascular flow imaging,0.48,2026,Procedure,CMS
78451,Ht muscle image spect sing,1.35,2026,Procedure,CMS
78452,Ht muscle image spect mult,1.58,2026,Procedure,CMS
78453,Ht muscle image planar sing,0.98,2026,Procedure,CMS
78454,Ht musc image planar mult,1.31,2026,Procedure,CMS
78456,Acute venous thrombus image,0.98,2026,Procedure,CMS
78457,Venous thrombosis imaging,0.75,2026,Procedure,CMS
78458,Ven thrombosis images bilat,0.88,2026,Procedure,CMS
78459,Myocrd img pet single study,0.0,2026,Procedure,CMS
78466,Heart infarct image,0.67,2026,Procedure,CMS
78468,Heart infarct image (ef),0.78,2026,Procedure,CMS
78469,Heart infarct image (3d),0.9,2026,Procedure,CMS
78472,Gated heart planar single,0.96,2026,Procedure,CMS
78473,Gated heart multiple,1.43,2026,Procedure,CMS
78481,Heart first pass single,0.96,2026,Procedure,CMS
78483,Heart first pass multiple,1.43,2026,Procedure,CMS
78491,Myocrd img pet 1std rst/strs,0.0,2026,Procedure,CMS
78492,Myocrd img pet mlt rst&strs,0.0,2026,Procedure,CMS
78494,Heart image spect,1.16,2026,Procedure,CMS
78496,Heart first pass add-on,0.49,2026,Procedure,CMS
78499,Unlisted cv px dx nuc med,0.0,2026,Procedure,CMS
78579,Lung ventilation imaging,0.48,2026,Procedure,CMS
78580,Lung perfusion imaging,0.72,2026,Procedure,CMS
78582,Lung ventilat&perfus imaging,1.04,2026,Procedure,CMS
78597,Lung perfusion differential,0.73,2026,Procedure,CMS
78598,Lung perf&ventilat diferentl,0.83,2026,Procedure,CMS
78599,Unlisted resp px dx nuc med,0.0,2026,Procedure,CMS
78600,Brain image < 4 views,0.43,2026,Procedure,CMS
78601,Brain image w/flow < 4 views,0.5,2026,Procedure,CMS
78605,Brain image 4+ views,0.52,2026,Procedure,CMS
78606,Brain image w/flow 4 + views,0.62,2026,Procedure,CMS
78608,Brain imaging (pet),0.0,2026,Procedure,CMS
78609,Brain imaging (pet),1.46,2026,Procedure,CMS
78610,Brain flow imaging only,0.29,2026,Procedure,CMS
78630,Cerebrospinal fluid scan,0.66,2026,Procedure,CMS
78635,Csf ventriculography,0.59,2026,Procedure,CMS
78645,Csf shunt evaluation,0.56,2026,Procedure,CMS
78650,Csf leakage imaging,0.59,2026,Procedure,CMS
78660,Nuclear exam of tear flow,0.52,2026,Procedure,CMS
78699,Unlisted nrvs sys px dx nuc,0.0,2026,Procedure,CMS
78700,Kidney imaging morphol,0.44,2026,Procedure,CMS
78701,Kidney imaging with flow,0.48,2026,Procedure,CMS
78707,K flow/funct image w/o drug,0.94,2026,Procedure,CMS
78708,K flow/funct image w/drug,1.18,2026,Procedure,CMS
78709,K flow/funct image multiple,1.37,2026,Procedure,CMS
78725,Kidney function study,0.37,2026,Procedure,CMS
78730,Urinary bladder retention,0.15,2026,Procedure,CMS
78740,Ureteral reflux study,0.56,2026,Procedure,CMS
78761,Testicular imaging w/flow,0.69,2026,Procedure,CMS
78799,Unlisted gu px dx nuc med,0.0,2026,Procedure,CMS
78800,Rp loclzj tum 1 area 1 d img,0.62,2026,Procedure,CMS
78801,Rp loclzj tum 2+area 1+d img,0.71,2026,Procedure,CMS
78802,Rp loclzj tum whbdy 1 d img,0.78,2026,Procedure,CMS
78803,Rp loclzj tum spect 1 area,1.06,2026,Procedure,CMS
78804,Rp loclzj tum whbdy 2+d img,0.98,2026,Procedure,CMS
78808,Iv inj ra drug dx study,0.18,2026,Procedure,CMS
78811,Pet image ltd area,0.0,2026,Procedure,CMS
78812,Pet image skull-thigh,0.0,2026,Procedure,CMS
78813,Pet image full body,0.0,2026,Procedure,CMS
78814,Pet image w/ct lmtd,0.0,2026,Procedure,CMS
78815,Pet image w/ct skull-thigh,0.0,2026,Procedure,CMS
78816,Pet image w/ct full body,0.0,2026,Procedure,CMS
78830,Rp loclzj tum spect w/ct 1,1.45,2026,Procedure,CMS
78831,Rp loclzj tum spect 2 areas,1.77,2026,Procedure,CMS
78832,Rp loclzj tum spect w/ct 2,2.07,2026,Procedure,CMS
78835,Rp quan meas single area,0.46,2026,Procedure,CMS
78999,Unlisted misc px dx nuc med,0.0,2026,Procedure,CMS
79005,Nuclear rx oral admin,1.76,2026,Procedure,CMS
79101,Nuclear rx iv admin,1.91,2026,Procedure,CMS
79200,Nuclear rx intracav admin,1.94,2026,Procedure,CMS
79300,Nuclr rx interstit colloid,0.0,2026,Procedure,CMS
79403,Hematopoietic nuclear tx,2.19,2026,Procedure,CMS
79440,Nuclear rx intra-articular,1.94,2026,Procedure,CMS
79445,Nuclear rx intra-arterial,0.0,2026,Procedure,CMS
79999,Rp therapy unlisted px,0.0,2026,Procedure,CMS
80047,Basic metablc pnl ionized ca,0.0,2026,Procedure,CMS
80048,Basic metabolic pnl total ca,0.0,2026,Procedure,CMS
80050,General health panel,0.0,2026,Procedure,CMS
80051,Electrolyte panel,0.0,2026,Procedure,CMS
80053,Comprehen metabolic panel,0.0,2026,Procedure,CMS
80055,Obstetric panel,0.0,2026,Procedure,CMS
80061,Lipid panel,0.0,2026,Procedure,CMS
80069,Renal function panel,0.0,2026,Procedure,CMS
80074,Acute hepatitis panel,0.0,2026,Procedure,CMS
80076,Hepatic function panel,0.0,2026,Procedure,CMS
80081,Obstetric panel inc hiv tstg,0.0,2026,Procedure,CMS
80143,Drug assay acetaminophen,0.0,2026,Procedure,CMS
80145,Drug assay adalimumab,0.0,2026,Procedure,CMS
80150,Assay of amikacin,0.0,2026,Procedure,CMS
80151,Drug assay amiodarone,0.0,2026,Procedure,CMS
80155,Drug assay caffeine,0.0,2026,Procedure,CMS
80156,Assay carbamazepine total,0.0,2026,Procedure,CMS
80157,Assay carbamazepine free,0.0,2026,Procedure,CMS
80158,Drug assay cyclosporine,0.0,2026,Procedure,CMS
80159,Drug assay clozapine,0.0,2026,Procedure,CMS
80161,"Asy carbamazepin 10,11-epxid",0.0,2026,Procedure,CMS
80162,Assay of digoxin total,0.0,2026,Procedure,CMS
80163,Assay of digoxin free,0.0,2026,Procedure,CMS
80164,Assay dipropylacetic acd tot,0.0,2026,Procedure,CMS
80165,Dipropylacetic acid free,0.0,2026,Procedure,CMS
80167,Drug assay felbamate,0.0,2026,Procedure,CMS
80168,Assay of ethosuximide,0.0,2026,Procedure,CMS
80169,Drug assay everolimus,0.0,2026,Procedure,CMS
80170,Assay of gentamicin,0.0,2026,Procedure,CMS
80171,Drug screen quant gabapentin,0.0,2026,Procedure,CMS
80173,Assay of haloperidol,0.0,2026,Procedure,CMS
80175,Drug screen quan lamotrigine,0.0,2026,Procedure,CMS
80176,Assay of lidocaine,0.0,2026,Procedure,CMS
80177,Drug scrn quan levetiracetam,0.0,2026,Procedure,CMS
80178,Assay of lithium,0.0,2026,Procedure,CMS
80179,Drug assay salicylate,0.0,2026,Procedure,CMS
80180,Drug scrn quan mycophenolate,0.0,2026,Procedure,CMS
80181,Drug assay flecainide,0.0,2026,Procedure,CMS
80183,Drug scrn quant oxcarbazepin,0.0,2026,Procedure,CMS
80184,Assay of phenobarbital,0.0,2026,Procedure,CMS
80185,Assay of phenytoin total,0.0,2026,Procedure,CMS
80186,Assay of phenytoin free,0.0,2026,Procedure,CMS
80187,Drug assay posaconazole,0.0,2026,Procedure,CMS
80188,Assay of primidone,0.0,2026,Procedure,CMS
80189,Drug assay itraconazole,0.0,2026,Procedure,CMS
80190,Assay of procainamide,0.0,2026,Procedure,CMS
80192,Assay of procainamide,0.0,2026,Procedure,CMS
80193,Drug assay leflunomide,0.0,2026,Procedure,CMS
80194,Assay of quinidine,0.0,2026,Procedure,CMS
80195,Assay of sirolimus,0.0,2026,Procedure,CMS
80197,Assay of tacrolimus,0.0,2026,Procedure,CMS
80198,Assay of theophylline,0.0,2026,Procedure,CMS
80199,Drug screen quant tiagabine,0.0,2026,Procedure,CMS
80200,Assay of tobramycin,0.0,2026,Procedure,CMS
80201,Assay of topiramate,0.0,2026,Procedure,CMS
80202,Assay of vancomycin,0.0,2026,Procedure,CMS
80203,Drug screen quant zonisamide,0.0,2026,Procedure,CMS
80204,Drug assay methotrexate,0.0,2026,Procedure,CMS
80210,Drug assay rufinamide,0.0,2026,Procedure,CMS
80220,Drug asy hydroxychloroquine,0.0,2026,Procedure,CMS
80230,Drug assay infliximab,0.0,2026,Procedure,CMS
80235,Drug assay lacosamide,0.0,2026,Procedure,CMS
80280,Drug assay vedolizumab,0.0,2026,Procedure,CMS
80285,Drug assay voriconazole,0.0,2026,Procedure,CMS
80299,Quantitative assay drug,0.0,2026,Procedure,CMS
80305,Drug test prsmv dir opt obs,0.0,2026,Procedure,CMS
80306,Drug test prsmv instrmnt,0.0,2026,Procedure,CMS
80307,Drug test prsmv chem anlyzr,0.0,2026,Procedure,CMS
80320,Drug screen quantalcohols,0.0,2026,Procedure,CMS
80321,Alcohols biomarkers 1or 2,0.0,2026,Procedure,CMS
80322,Alcohols biomarkers 3/more,0.0,2026,Procedure,CMS
80323,Alkaloids nos,0.0,2026,Procedure,CMS
80324,Drug screen amphetamines 1/2,0.0,2026,Procedure,CMS
80325,Amphetamines 3or 4,0.0,2026,Procedure,CMS
80326,Amphetamines 5 or more,0.0,2026,Procedure,CMS
80327,Anabolic steroid 1 or 2,0.0,2026,Procedure,CMS
80328,Anabolic steroid 3 or more,0.0,2026,Procedure,CMS
80329,Analgesics non-opioid 1 or 2,0.0,2026,Procedure,CMS
80330,Analgesics non-opioid 3-5,0.0,2026,Procedure,CMS
80331,Analgesics non-opioid 6/more,0.0,2026,Procedure,CMS
80332,Antidepressants class 1 or 2,0.0,2026,Procedure,CMS
80333,Antidepressants class 3-5,0.0,2026,Procedure,CMS
80334,Antidepressants class 6/more,0.0,2026,Procedure,CMS
80335,Antidepressant tricyclic 1/2,0.0,2026,Procedure,CMS
80336,Antidepressant tricyclic 3-5,0.0,2026,Procedure,CMS
80337,Tricyclic & cyclicals 6/more,0.0,2026,Procedure,CMS
80338,Antidepressant not specified,0.0,2026,Procedure,CMS
80339,Antiepileptics nos 1-3,0.0,2026,Procedure,CMS
80340,Antiepileptics nos 4-6,0.0,2026,Procedure,CMS
80341,Antiepileptics nos 7/more,0.0,2026,Procedure,CMS
80342,Antipsychotics nos 1-3,0.0,2026,Procedure,CMS
80343,Antipsychotics nos 4-6,0.0,2026,Procedure,CMS
80344,Antipsychotics nos 7/more,0.0,2026,Procedure,CMS
80345,Drug screening barbiturates,0.0,2026,Procedure,CMS
80346,Benzodiazepines1-12,0.0,2026,Procedure,CMS
80347,Benzodiazepines 13 or more,0.0,2026,Procedure,CMS
80348,Drug screening buprenorphine,0.0,2026,Procedure,CMS
80349,Cannabinoids natural,0.0,2026,Procedure,CMS
80350,Cannabinoids synthetic 1-3,0.0,2026,Procedure,CMS
80351,Cannabinoids synthetic 4-6,0.0,2026,Procedure,CMS
80352,Cannabinoid synthetic 7/more,0.0,2026,Procedure,CMS
80353,Drug screening cocaine,0.0,2026,Procedure,CMS
80354,Drug screening fentanyl,0.0,2026,Procedure,CMS
80355,Gabapentin non-blood,0.0,2026,Procedure,CMS
80356,Heroin metabolite,0.0,2026,Procedure,CMS
80357,Ketamine and norketamine,0.0,2026,Procedure,CMS
80358,Drug screening methadone,0.0,2026,Procedure,CMS
80359,Methylenedioxyamphetamines,0.0,2026,Procedure,CMS
80360,Methylphenidate,0.0,2026,Procedure,CMS
80361,Opiates 1 or more,0.0,2026,Procedure,CMS
80362,Opioids & opiate analogs 1/2,0.0,2026,Procedure,CMS
80363,Opioids & opiate analogs 3/4,0.0,2026,Procedure,CMS
80364,Opioid &opiate analog 5/more,0.0,2026,Procedure,CMS
80365,Drug screening oxycodone,0.0,2026,Procedure,CMS
80366,Drug screening pregabalin,0.0,2026,Procedure,CMS
80367,Drug screening propoxyphene,0.0,2026,Procedure,CMS
80368,Sedative hypnotics,0.0,2026,Procedure,CMS
80369,Skeletal muscle relaxant 1/2,0.0,2026,Procedure,CMS
80370,Skel musc relaxant 3 or more,0.0,2026,Procedure,CMS
80371,Stimulants synthetic,0.0,2026,Procedure,CMS
80372,Drug screening tapentadol,0.0,2026,Procedure,CMS
80373,Drug screening tramadol,0.0,2026,Procedure,CMS
80374,Stereoisomer analysis,0.0,2026,Procedure,CMS
80375,Drug/substance nos 1-3,0.0,2026,Procedure,CMS
80376,Drug/substance nos 4-6,0.0,2026,Procedure,CMS
80377,Drug/substance nos 7/more,0.0,2026,Procedure,CMS
80400,Acth stimulation panel,0.0,2026,Procedure,CMS
80402,Acth stimulation panel,0.0,2026,Procedure,CMS
80406,Acth stimulation panel,0.0,2026,Procedure,CMS
80408,Aldosterone suppression eval,0.0,2026,Procedure,CMS
80410,Calcitonin stimul panel,0.0,2026,Procedure,CMS
80412,Crh stimulation panel,0.0,2026,Procedure,CMS
80414,Testosterone response panel,0.0,2026,Procedure,CMS
80415,Tot estradiol response panel,0.0,2026,Procedure,CMS
80416,Renin stimulation panel,0.0,2026,Procedure,CMS
80417,Renin stimulation panel,0.0,2026,Procedure,CMS
80418,Pituitary evaluation panel,0.0,2026,Procedure,CMS
80420,Dexamethasone panel,0.0,2026,Procedure,CMS
80422,Glucagon tolerance panel,0.0,2026,Procedure,CMS
80424,Glucagon tolerance panel,0.0,2026,Procedure,CMS
80426,Gonadotropin hormone panel,0.0,2026,Procedure,CMS
80428,Growth hormone panel,0.0,2026,Procedure,CMS
80430,Growth hormone panel,0.0,2026,Procedure,CMS
80432,Insulin suppression panel,0.0,2026,Procedure,CMS
80434,Insulin tolerance panel,0.0,2026,Procedure,CMS
80435,Insulin tolerance panel,0.0,2026,Procedure,CMS
80436,Metyrapone panel,0.0,2026,Procedure,CMS
80438,Trh stimulation panel,0.0,2026,Procedure,CMS
80439,Trh stimulation panel,0.0,2026,Procedure,CMS
80503,Path clin consltj sf 5-20,0.43,2026,Procedure,CMS
80504,Path clin consltj mod 21-40,0.91,2026,Procedure,CMS
80505,Path clin consltj high 41-60,1.71,2026,Procedure,CMS
80506,Path clin consltj prolng svc,0.8,2026,Procedure,CMS
81000,Urinalysis nonauto w/scope,0.0,2026,Procedure,CMS
81001,Urinalysis auto w/scope,0.0,2026,Procedure,CMS
81002,Urinalysis nonauto w/o scope,0.0,2026,Procedure,CMS
81003,Urinalysis auto w/o scope,0.0,2026,Procedure,CMS
81005,Urinalysis,0.0,2026,Procedure,CMS
81007,Urine screen for bacteria,0.0,2026,Procedure,CMS
81015,Microscopic exam of urine,0.0,2026,Procedure,CMS
81020,Urinalysis glass test,0.0,2026,Procedure,CMS
81025,Urine pregnancy test,0.0,2026,Procedure,CMS
81050,Urinalysis volume measure,0.0,2026,Procedure,CMS
81099,Unlisted urinalysis px,0.0,2026,Procedure,CMS
81105,Hpa-1 genotyping,0.0,2026,Procedure,CMS
81106,Hpa-2 genotyping,0.0,2026,Procedure,CMS
81107,Hpa-3 genotyping,0.0,2026,Procedure,CMS
81108,Hpa-4 genotyping,0.0,2026,Procedure,CMS
81109,Hpa-5 genotyping,0.0,2026,Procedure,CMS
81110,Hpa-6 genotyping,0.0,2026,Procedure,CMS
81111,Hpa-9 genotyping,0.0,2026,Procedure,CMS
81112,Hpa-15 genotyping,0.0,2026,Procedure,CMS
81120,Idh1 common variants,0.0,2026,Procedure,CMS
81121,Idh2 common variants,0.0,2026,Procedure,CMS
81161,Dmd dup/delet analysis,0.0,2026,Procedure,CMS
81162,Brca1&2 gen full seq dup/del,0.0,2026,Procedure,CMS
81163,Brca1&2 gene full seq alys,0.0,2026,Procedure,CMS
81164,Brca1&2 gen ful dup/del alys,0.0,2026,Procedure,CMS
81165,Brca1 gene full seq alys,0.0,2026,Procedure,CMS
81166,Brca1 gene full dup/del alys,0.0,2026,Procedure,CMS
81167,Brca2 gene full dup/del alys,0.0,2026,Procedure,CMS
81168,Ccnd1/igh translocation alys,0.0,2026,Procedure,CMS
81170,Abl1 gene,0.0,2026,Procedure,CMS
81171,Aff2 gen aly detc abnl allel,0.0,2026,Procedure,CMS
81172,Aff2 gen alys charac alleles,0.0,2026,Procedure,CMS
81173,Ar gene full gene sequence,0.0,2026,Procedure,CMS
81174,Ar gene known famil variant,0.0,2026,Procedure,CMS
81175,Asxl1 full gene sequence,0.0,2026,Procedure,CMS
81176,Asxl1 gene target seq alys,0.0,2026,Procedure,CMS
81177,Atn1 gene detc abnor alleles,0.0,2026,Procedure,CMS
81178,Atxn1 gene detc abnor allele,0.0,2026,Procedure,CMS
81179,Atxn2 gene detc abnor allele,0.0,2026,Procedure,CMS
81180,Atxn3 gene detc abnor allele,0.0,2026,Procedure,CMS
81181,Atxn7 gene detc abnor allele,0.0,2026,Procedure,CMS
81182,Atxn8os gen detc abnor allel,0.0,2026,Procedure,CMS
81183,Atxn10 gene detc abnor allel,0.0,2026,Procedure,CMS
81184,Cacna1a gen detc abnor allel,0.0,2026,Procedure,CMS
81185,Cacna1a gene full gene seq,0.0,2026,Procedure,CMS
81186,Cacna1a gen known famil vrnt,0.0,2026,Procedure,CMS
81187,Cnbp gene detc abnor allele,0.0,2026,Procedure,CMS
81188,Cstb gene detc abnor allele,0.0,2026,Procedure,CMS
81189,Cstb gene full gene sequence,0.0,2026,Procedure,CMS
81190,Cstb gene known famil vrnt,0.0,2026,Procedure,CMS
81191,Ntrk1 translocation analysis,0.0,2026,Procedure,CMS
81192,Ntrk2 translocation analysis,0.0,2026,Procedure,CMS
81193,Ntrk3 translocation analysis,0.0,2026,Procedure,CMS
81194,Ntrk translocation analysis,0.0,2026,Procedure,CMS
81195,Cytog genom-wid alys hem mal,0.0,2026,Procedure,CMS
81200,Aspa gene,0.0,2026,Procedure,CMS
81201,Apc gene full sequence,0.0,2026,Procedure,CMS
81202,Apc gene known fam variants,0.0,2026,Procedure,CMS
81203,Apc gene dup/delet variants,0.0,2026,Procedure,CMS
81204,Ar gene charac alleles,0.0,2026,Procedure,CMS
81205,Bckdhb gene,0.0,2026,Procedure,CMS
81206,Bcr/abl1 gene major bp,0.0,2026,Procedure,CMS
81207,Bcr/abl1 gene minor bp,0.0,2026,Procedure,CMS
81208,Bcr/abl1 gene other bp,0.0,2026,Procedure,CMS
81209,Blm gene,0.0,2026,Procedure,CMS
81210,Braf gene,0.0,2026,Procedure,CMS
81212,Brca1&2 185&5385&6174 vrnt,0.0,2026,Procedure,CMS
81215,Brca1 gene known famil vrnt,0.0,2026,Procedure,CMS
81216,Brca2 gene full seq alys,0.0,2026,Procedure,CMS
81217,Brca2 gene known famil vrnt,0.0,2026,Procedure,CMS
81218,Cebpa gene full sequence,0.0,2026,Procedure,CMS
81219,Calr gene com variants,0.0,2026,Procedure,CMS
81220,Cftr gene com variants,0.0,2026,Procedure,CMS
81221,Cftr gene known fam variants,0.0,2026,Procedure,CMS
81222,Cftr gene dup/delet variants,0.0,2026,Procedure,CMS
81223,Cftr gene full sequence,0.0,2026,Procedure,CMS
81224,Cftr gene intron poly t,0.0,2026,Procedure,CMS
81225,Cyp2c19 gene com variants,0.0,2026,Procedure,CMS
81226,Cyp2d6 gene com variants,0.0,2026,Procedure,CMS
81227,Cyp2c9 gene com variants,0.0,2026,Procedure,CMS
81228,Cytog alys chrml abnr cgh,0.0,2026,Procedure,CMS
81229,Cytog alys chrml abnr snpcgh,0.0,2026,Procedure,CMS
81230,Cyp3a4 gene common variants,0.0,2026,Procedure,CMS
81231,Cyp3a5 gene common variants,0.0,2026,Procedure,CMS
81232,Dpyd gene common variants,0.0,2026,Procedure,CMS
81233,Btk gene common variants,0.0,2026,Procedure,CMS
81234,Dmpk gene detc abnor allele,0.0,2026,Procedure,CMS
81235,Egfr gene com variants,0.0,2026,Procedure,CMS
81236,Ezh2 gene full gene sequence,0.0,2026,Procedure,CMS
81237,Ezh2 gene common variants,0.0,2026,Procedure,CMS
81238,F9 full gene sequence,0.0,2026,Procedure,CMS
81239,Dmpk gene charac alleles,0.0,2026,Procedure,CMS
81240,F2 gene,0.0,2026,Procedure,CMS
81241,F5 gene,0.0,2026,Procedure,CMS
81242,Fancc gene,0.0,2026,Procedure,CMS
81243,Fmr1 gen aly detc abnl allel,0.0,2026,Procedure,CMS
81244,Fmr1 gen alys charac alleles,0.0,2026,Procedure,CMS
81245,Flt3 gene,0.0,2026,Procedure,CMS
81246,Flt3 gene analysis,0.0,2026,Procedure,CMS
81247,G6pd gene alys cmn variant,0.0,2026,Procedure,CMS
81248,G6pd known familial variant,0.0,2026,Procedure,CMS
81249,G6pd full gene sequence,0.0,2026,Procedure,CMS
81250,G6pc gene,0.0,2026,Procedure,CMS
81251,Gba gene,0.0,2026,Procedure,CMS
81252,Gjb2 gene full sequence,0.0,2026,Procedure,CMS
81253,Gjb2 gene known fam variants,0.0,2026,Procedure,CMS
81254,Gjb6 gene com variants,0.0,2026,Procedure,CMS
81255,Hexa gene,0.0,2026,Procedure,CMS
81256,Hfe gene,0.0,2026,Procedure,CMS
81257,Hba1/hba2 gene,0.0,2026,Procedure,CMS
81258,Hba1/hba2 gene fam vrnt,0.0,2026,Procedure,CMS
81259,Hba1/hba2 full gene sequence,0.0,2026,Procedure,CMS
81260,Ikbkap gene,0.0,2026,Procedure,CMS
81261,Igh gene rearrange amp meth,0.0,2026,Procedure,CMS
81262,Igh gene rearrang dir probe,0.0,2026,Procedure,CMS
81263,Igh vari regional mutation,0.0,2026,Procedure,CMS
81264,Igk rearrangeabn clonal pop,0.0,2026,Procedure,CMS
81265,Str markers specimen anal,0.0,2026,Procedure,CMS
81266,Str markers spec anal addl,0.0,2026,Procedure,CMS
81267,Chimerism anal no cell selec,0.0,2026,Procedure,CMS
81268,Chimerism anal w/cell select,0.0,2026,Procedure,CMS
81269,Hba1/hba2 gene dup/del vrnts,0.0,2026,Procedure,CMS
81270,Jak2 gene,0.0,2026,Procedure,CMS
81271,Htt gene detc abnor alleles,0.0,2026,Procedure,CMS
81272,Kit gene targeted seq analys,0.0,2026,Procedure,CMS
81273,Kit gene analys d816 variant,0.0,2026,Procedure,CMS
81274,Htt gene charac alleles,0.0,2026,Procedure,CMS
81275,Kras gene variants exon 2,0.0,2026,Procedure,CMS
81276,Kras gene addl variants,0.0,2026,Procedure,CMS
81277,Cytogenomic neo microra alys,0.0,2026,Procedure,CMS
81278,Igh@/bcl2 translocation alys,0.0,2026,Procedure,CMS
81279,Jak2 gene trgt sequence alys,0.0,2026,Procedure,CMS
81283,Ifnl3 gene,0.0,2026,Procedure,CMS
81284,Fxn gene detc abnor alleles,0.0,2026,Procedure,CMS
81285,Fxn gene charac alleles,0.0,2026,Procedure,CMS
81286,Fxn gene full gene sequence,0.0,2026,Procedure,CMS
81287,Mgmt gene prmtr mthyltn alys,0.0,2026,Procedure,CMS
81288,Mlh1 gene,0.0,2026,Procedure,CMS
81289,Fxn gene known famil variant,0.0,2026,Procedure,CMS
81290,Mcoln1 gene,0.0,2026,Procedure,CMS
81291,Mthfr gene,0.0,2026,Procedure,CMS
81292,Mlh1 gene full seq,0.0,2026,Procedure,CMS
81293,Mlh1 gene known variants,0.0,2026,Procedure,CMS
81294,Mlh1 gene dup/delete variant,0.0,2026,Procedure,CMS
81295,Msh2 gene full seq,0.0,2026,Procedure,CMS
81296,Msh2 gene known variants,0.0,2026,Procedure,CMS
81297,Msh2 gene dup/delete variant,0.0,2026,Procedure,CMS
81298,Msh6 gene full seq,0.0,2026,Procedure,CMS
81299,Msh6 gene known variants,0.0,2026,Procedure,CMS
81300,Msh6 gene dup/delete variant,0.0,2026,Procedure,CMS
81301,Microsatellite instability,0.0,2026,Procedure,CMS
81302,Mecp2 gene full seq,0.0,2026,Procedure,CMS
81303,Mecp2 gene known variant,0.0,2026,Procedure,CMS
81304,Mecp2 gene dup/delet variant,0.0,2026,Procedure,CMS
81305,Myd88 gene p.leu265pro vrnt,0.0,2026,Procedure,CMS
81306,Nudt15 gene common variants,0.0,2026,Procedure,CMS
81307,Palb2 gene full gene seq,0.0,2026,Procedure,CMS
81308,Palb2 gene known famil vrnt,0.0,2026,Procedure,CMS
81309,Pik3ca gene trgt seq alys,0.0,2026,Procedure,CMS
81310,Npm1 gene,0.0,2026,Procedure,CMS
81311,Nras gene variants exon 2&3,0.0,2026,Procedure,CMS
81312,Pabpn1 gene detc abnor allel,0.0,2026,Procedure,CMS
81313,Pca3/klk3 antigen,0.0,2026,Procedure,CMS
81314,Pdgfra gene,0.0,2026,Procedure,CMS
81315,Pml/raralpha com breakpoints,0.0,2026,Procedure,CMS
81316,Pml/raralpha 1 breakpoint,0.0,2026,Procedure,CMS
81317,Pms2 gene full seq analysis,0.0,2026,Procedure,CMS
81318,Pms2 known familial variants,0.0,2026,Procedure,CMS
81319,Pms2 gene dup/delet variants,0.0,2026,Procedure,CMS
81320,Plcg2 gene common variants,0.0,2026,Procedure,CMS
81321,Pten gene full sequence,0.0,2026,Procedure,CMS
81322,Pten gene known fam variant,0.0,2026,Procedure,CMS
81323,Pten gene dup/delet variant,0.0,2026,Procedure,CMS
81324,Pmp22 gene dup/delet,0.0,2026,Procedure,CMS
81325,Pmp22 gene full sequence,0.0,2026,Procedure,CMS
81326,Pmp22 gene known fam variant,0.0,2026,Procedure,CMS
81327,Sept9 gen prmtr mthyltn alys,0.0,2026,Procedure,CMS
81328,Slco1b1 gene com variants,0.0,2026,Procedure,CMS
81329,Smn1 gene dos/deletion alys,0.0,2026,Procedure,CMS
81330,Smpd1 gene common variants,0.0,2026,Procedure,CMS
81331,Snrpn/ube3a gene,0.0,2026,Procedure,CMS
81332,Serpina1 gene,0.0,2026,Procedure,CMS
81333,Tgfbi gene common variants,0.0,2026,Procedure,CMS
81334,Runx1 gene targeted seq alys,0.0,2026,Procedure,CMS
81335,Tpmt gene com variants,0.0,2026,Procedure,CMS
81336,Smn1 gene full gene sequence,0.0,2026,Procedure,CMS
81337,Smn1 gen nown famil seq vrnt,0.0,2026,Procedure,CMS
81338,Mpl gene common variants,0.0,2026,Procedure,CMS
81339,Mpl gene seq alys exon 10,0.0,2026,Procedure,CMS
81340,Trb@ gene rearrange amplify,0.0,2026,Procedure,CMS
81341,Trb@ gene rearrange dirprobe,0.0,2026,Procedure,CMS
81342,Trg gene rearrangement anal,0.0,2026,Procedure,CMS
81343,Ppp2r2b gen detc abnor allel,0.0,2026,Procedure,CMS
81344,Tbp gene detc abnor alleles,0.0,2026,Procedure,CMS
81345,Tert gene targeted seq alys,0.0,2026,Procedure,CMS
81346,Tyms gene com variants,0.0,2026,Procedure,CMS
81347,Sf3b1 gene common variants,0.0,2026,Procedure,CMS
81348,Srsf2 gene common variants,0.0,2026,Procedure,CMS
81349,Cytog alys chrml abnr lw-ps,0.0,2026,Procedure,CMS
81350,Ugt1a1 gene common variants,0.0,2026,Procedure,CMS
81351,Tp53 gene full gene sequence,0.0,2026,Procedure,CMS
81352,Tp53 gene trgt sequence alys,0.0,2026,Procedure,CMS
81353,Tp53 gene known famil vrnt,0.0,2026,Procedure,CMS
81354,Cytog alys chrml abnor ogm,0.0,2026,Procedure,CMS
81355,Vkorc1 gene,0.0,2026,Procedure,CMS
81357,U2af1 gene common variants,0.0,2026,Procedure,CMS
81360,Zrsr2 gene common variants,0.0,2026,Procedure,CMS
81361,Hbb gene com variants,0.0,2026,Procedure,CMS
81362,Hbb gene known fam variant,0.0,2026,Procedure,CMS
81363,Hbb gene dup/del variants,0.0,2026,Procedure,CMS
81364,Hbb full gene sequence,0.0,2026,Procedure,CMS
81370,Hla i & ii typing lr,0.0,2026,Procedure,CMS
81371,Hla i & ii type verify lr,0.0,2026,Procedure,CMS
81372,Hla i typing complete lr,0.0,2026,Procedure,CMS
81373,Hla i typing 1 locus lr,0.0,2026,Procedure,CMS
81374,Hla i typing 1 antigen lr,0.0,2026,Procedure,CMS
81375,Hla ii typing ag equiv lr,0.0,2026,Procedure,CMS
81376,Hla ii typing 1 locus lr,0.0,2026,Procedure,CMS
81377,Hla ii type 1 ag equiv lr,0.0,2026,Procedure,CMS
81378,Hla i & ii typing hr,0.0,2026,Procedure,CMS
81379,Hla i typing complete hr,0.0,2026,Procedure,CMS
81380,Hla i typing 1 locus hr,0.0,2026,Procedure,CMS
81381,Hla i typing 1 allele hr,0.0,2026,Procedure,CMS
81382,Hla ii typing 1 loc hr,0.0,2026,Procedure,CMS
81383,Hla ii typing 1 allele hr,0.0,2026,Procedure,CMS
81400,Mopath procedure level 1,0.0,2026,Procedure,CMS
81401,Mopath procedure level 2,0.0,2026,Procedure,CMS
81402,Mopath procedure level 3,0.0,2026,Procedure,CMS
81403,Mopath procedure level 4,0.0,2026,Procedure,CMS
81404,Mopath procedure level 5,0.0,2026,Procedure,CMS
81405,Mopath procedure level 6,0.0,2026,Procedure,CMS
81406,Mopath procedure level 7,0.0,2026,Procedure,CMS
81407,Mopath procedure level 8,0.0,2026,Procedure,CMS
81408,Mopath procedure level 9,0.0,2026,Procedure,CMS
81410,Aortic dysfunction/dilation,0.0,2026,Procedure,CMS
81411,Aortic dysfunction/dilation,0.0,2026,Procedure,CMS
81412,Ashkenazi jewish assoc dis,0.0,2026,Procedure,CMS
81413,Car ion chnnlpath inc 10 gns,0.0,2026,Procedure,CMS
81414,Car ion chnnlpath inc 2 gns,0.0,2026,Procedure,CMS
81415,Exome sequence analysis,0.0,2026,Procedure,CMS
81416,Exome sequence analysis,0.0,2026,Procedure,CMS
81417,Exome re-evaluation,0.0,2026,Procedure,CMS
81418,Rx metab gen seq alys pnl 6,0.0,2026,Procedure,CMS
81419,Epilepsy gen seq alys panel,0.0,2026,Procedure,CMS
81420,Fetal chrmoml aneuploidy,0.0,2026,Procedure,CMS
81422,Fetal chrmoml microdeltj,0.0,2026,Procedure,CMS
81425,Genome sequence analysis,0.0,2026,Procedure,CMS
81426,Genome sequence analysis,0.0,2026,Procedure,CMS
81427,Genome re-evaluation,0.0,2026,Procedure,CMS
81430,Hearing loss sequence analys,0.0,2026,Procedure,CMS
81431,Hearing loss dup/del analys,0.0,2026,Procedure,CMS
81432,Hrdtry brst ca-rlatd do 5+,0.0,2026,Procedure,CMS
81434,Hered rta do gen seq 15,0.0,2026,Procedure,CMS
81435,Hered colon ca-rlatd do 5+,0.0,2026,Procedure,CMS
81437,Hered neuroend tum-rlt do 5+,0.0,2026,Procedure,CMS
81439,Hrdtry cardmypy gene panel,0.0,2026,Procedure,CMS
81440,Mitochondrial gene,0.0,2026,Procedure,CMS
81441,Ibmfs seq alys pnl 30 genes,0.0,2026,Procedure,CMS
81442,Noonan spectrum disorders,0.0,2026,Procedure,CMS
81443,Genetic tstg severe inh cond,0.0,2026,Procedure,CMS
81445,So neo gsap 5-50dna/dna&rna,0.0,2026,Procedure,CMS
81448,Hrdtry perph neurphy panel,0.0,2026,Procedure,CMS
81449,So neo gsap 5-50 rna alys,0.0,2026,Procedure,CMS
81450,Hl neo gsap 5-50dna/dna&rna,0.0,2026,Procedure,CMS
81451,Hl neo gsap 5-50 rna alys,0.0,2026,Procedure,CMS
81455,So/hl 51/>gsap dna/dna&rna,0.0,2026,Procedure,CMS
81456,So/hl 51/>gsap rna alys,0.0,2026,Procedure,CMS
81457,So neo gsap dna mcrstl ins,0.0,2026,Procedure,CMS
81458,So gsap dna cpy nmbr&mcrstl,0.0,2026,Procedure,CMS
81459,So neo gsap dna/dna&rna,0.0,2026,Procedure,CMS
81460,Whole mitochondrial genome,0.0,2026,Procedure,CMS
81462,So gsap cll fr dna/dna&rna,0.0,2026,Procedure,CMS
81463,So gsap cl fr cpy nmbr&mcrst,0.0,2026,Procedure,CMS
81464,So gsap cll fr mcrstl ins,0.0,2026,Procedure,CMS
81465,Whole mitochondrial genome,0.0,2026,Procedure,CMS
81470,X-linked intellectual dblt,0.0,2026,Procedure,CMS
81471,X-linked intellectual dblt,0.0,2026,Procedure,CMS
81479,Unlisted molecular pathology,0.0,2026,Procedure,CMS
81490,Autoimmune ra alys 12 bmrk,0.0,2026,Procedure,CMS
81493,Cor artery disease mrna,0.0,2026,Procedure,CMS
81500,Onco (ovar) two proteins,0.0,2026,Procedure,CMS
81503,Onco (ovar) five proteins,0.0,2026,Procedure,CMS
81504,Oncology tissue of origin,0.0,2026,Procedure,CMS
81506,Endo assay seven anal,0.0,2026,Procedure,CMS
81507,Fetal aneuploidy trisom risk,0.0,2026,Procedure,CMS
81508,Ftl cgen abnor two proteins,0.0,2026,Procedure,CMS
81509,Ftl cgen abnor 3 proteins,0.0,2026,Procedure,CMS
81510,Ftl cgen abnor three anal,0.0,2026,Procedure,CMS
81511,Ftl cgen abnor four anal,0.0,2026,Procedure,CMS
81512,Ftl cgen abnor five anal,0.0,2026,Procedure,CMS
81513,Nfct ds bv rna vag flu alg,0.0,2026,Procedure,CMS
81514,Nfct ds bv&vaginitis dna alg,0.0,2026,Procedure,CMS
81515,Nfct ds bv&vaginitis dna alg,0.0,2026,Procedure,CMS
81517,Liver ds alys 3 bmrk srm alg,0.0,2026,Procedure,CMS
81518,Onc brst mrna 11 genes,0.0,2026,Procedure,CMS
81519,Oncology breast mrna,0.0,2026,Procedure,CMS
81520,Onc breast mrna 58 genes,0.0,2026,Procedure,CMS
81521,Onc breast mrna 70 genes,0.0,2026,Procedure,CMS
81522,Onc breast mrna 12 genes,0.0,2026,Procedure,CMS
81523,Onc brst mrna 70 cnt 31 gene,0.0,2026,Procedure,CMS
81524,"Onc cns tum dna mthyl 10,000",0.0,2026,Procedure,CMS
81525,Oncology colon mrna,0.0,2026,Procedure,CMS
81528,Oncology colorectal scr,0.0,2026,Procedure,CMS
81529,Onc cutan mlnma mrna 31 gene,0.0,2026,Procedure,CMS
81535,Oncology gynecologic,0.0,2026,Procedure,CMS
81536,Oncology gynecologic,0.0,2026,Procedure,CMS
81538,Oncology lung,0.0,2026,Procedure,CMS
81539,Oncology prostate prob score,0.0,2026,Procedure,CMS
81540,Oncology tum unknown origin,0.0,2026,Procedure,CMS
81541,Onc prostate mrna 46 genes,0.0,2026,Procedure,CMS
81542,Onc prostate mrna 22 cnt gen,0.0,2026,Procedure,CMS
81546,"Onc thyr mrna 10,196 gen alg",0.0,2026,Procedure,CMS
81551,Onc prostate 3 genes,0.0,2026,Procedure,CMS
81552,Onc uveal mlnma mrna 15 gene,0.0,2026,Procedure,CMS
81554,Pulm ds ipf mrna 190 gen alg,0.0,2026,Procedure,CMS
81558,Trnspl rej kdn mrna qpcr 139,0.0,2026,Procedure,CMS
81560,Trnsplj pd lvr&bwl cd154+cll,0.0,2026,Procedure,CMS
81595,Cardiology hrt trnspl mrna,0.0,2026,Procedure,CMS
81596,Nfct ds chrnc hcv 6 assays,0.0,2026,Procedure,CMS
81599,Unlisted maaa,0.0,2026,Procedure,CMS
82009,Ketone bodys qual,0.0,2026,Procedure,CMS
82010,Ketone bodys quan,0.0,2026,Procedure,CMS
82013,Acetylcholinesterase assay,0.0,2026,Procedure,CMS
82016,Acylcarnitines qual,0.0,2026,Procedure,CMS
82017,Acylcarnitines quant,0.0,2026,Procedure,CMS
82024,Assay of acth,0.0,2026,Procedure,CMS
82030,Assay of adp & amp,0.0,2026,Procedure,CMS
82040,Assay of serum albumin,0.0,2026,Procedure,CMS
82042,Other source albumin quan ea,0.0,2026,Procedure,CMS
82043,Ur albumin quantitative,0.0,2026,Procedure,CMS
82044,Ur albumin semiquantitative,0.0,2026,Procedure,CMS
82045,Albumin ischemia modified,0.0,2026,Procedure,CMS
82075,Assay of breath ethanol,0.0,2026,Procedure,CMS
82077,Assay spec xcp ur&breath ia,0.0,2026,Procedure,CMS
82085,Assay of aldolase,0.0,2026,Procedure,CMS
82088,Assay of aldosterone,0.0,2026,Procedure,CMS
82103,Alpha-1-antitrypsin total,0.0,2026,Procedure,CMS
82104,Alpha-1-antitrypsin pheno,0.0,2026,Procedure,CMS
82105,Alpha-fetoprotein serum,0.0,2026,Procedure,CMS
82106,Alpha-fetoprotein amniotic,0.0,2026,Procedure,CMS
82107,Alpha-fetoprotein l3,0.0,2026,Procedure,CMS
82108,Assay of aluminum,0.0,2026,Procedure,CMS
82120,Amines vaginal fluid qual,0.0,2026,Procedure,CMS
82127,Amino acid single qual,0.0,2026,Procedure,CMS
82128,Amino acids mult qual,0.0,2026,Procedure,CMS
82131,Amino acids single quant,0.0,2026,Procedure,CMS
82135,Assay aminolevulinic acid,0.0,2026,Procedure,CMS
82136,Amino acids quant 2-5,0.0,2026,Procedure,CMS
82139,Amino acids quan 6 or more,0.0,2026,Procedure,CMS
82140,Assay of ammonia,0.0,2026,Procedure,CMS
82143,Amniotic fluid scan,0.0,2026,Procedure,CMS
82150,Assay of amylase,0.0,2026,Procedure,CMS
82154,Androstanediol glucuronide,0.0,2026,Procedure,CMS
82157,Assay of androstenedione,0.0,2026,Procedure,CMS
82160,Assay of androsterone,0.0,2026,Procedure,CMS
82163,Assay of angiotensin ii,0.0,2026,Procedure,CMS
82164,Angiotensin i enzyme test,0.0,2026,Procedure,CMS
82166,Assay anti-mullerian horm,0.0,2026,Procedure,CMS
82172,Assay of apolipoprotein,0.0,2026,Procedure,CMS
82175,Assay of arsenic,0.0,2026,Procedure,CMS
82180,Assay of ascorbic acid,0.0,2026,Procedure,CMS
82190,Atomic absorption,0.0,2026,Procedure,CMS
82232,Assay of beta-2 protein,0.0,2026,Procedure,CMS
82233,Beta-amyloid 1-40 (abeta 40),0.0,2026,Procedure,CMS
82234,Beta-amyloid 1-42 (abeta 42),0.0,2026,Procedure,CMS
82239,Bile acids total,0.0,2026,Procedure,CMS
82240,Bile acids cholylglycine,0.0,2026,Procedure,CMS
82247,Bilirubin total,0.0,2026,Procedure,CMS
82248,Bilirubin direct,0.0,2026,Procedure,CMS
82252,Fecal bilirubin test,0.0,2026,Procedure,CMS
82261,Assay of biotinidase,0.0,2026,Procedure,CMS
82270,Occult blood feces,0.0,2026,Procedure,CMS
82271,Occult blood other sources,0.0,2026,Procedure,CMS
82272,Occult bld feces 1-3 tests,0.0,2026,Procedure,CMS
82274,Assay test for blood fecal,0.0,2026,Procedure,CMS
82286,Assay of bradykinin,0.0,2026,Procedure,CMS
82300,Assay of cadmium,0.0,2026,Procedure,CMS
82306,Vitamin d 25 hydroxy,0.0,2026,Procedure,CMS
82308,Assay of calcitonin,0.0,2026,Procedure,CMS
82310,Assay of calcium,0.0,2026,Procedure,CMS
82330,Assay of calcium,0.0,2026,Procedure,CMS
82331,Calcium infusion test,0.0,2026,Procedure,CMS
82340,Assay of calcium in urine,0.0,2026,Procedure,CMS
82355,Calculus analysis qual,0.0,2026,Procedure,CMS
82360,Calculus assay quant,0.0,2026,Procedure,CMS
82365,Calculus spectroscopy,0.0,2026,Procedure,CMS
82370,X-ray assay calculus,0.0,2026,Procedure,CMS
82373,Assay c-d transfer measure,0.0,2026,Procedure,CMS
82374,Assay blood carbon dioxide,0.0,2026,Procedure,CMS
82375,Assay carboxyhb quant,0.0,2026,Procedure,CMS
82376,Assay carboxyhb qual,0.0,2026,Procedure,CMS
82378,Carcinoembryonic antigen,0.0,2026,Procedure,CMS
82379,Assay of carnitine,0.0,2026,Procedure,CMS
82380,Assay of carotene,0.0,2026,Procedure,CMS
82382,Assay urine catecholamines,0.0,2026,Procedure,CMS
82383,Assay blood catecholamines,0.0,2026,Procedure,CMS
82384,Assay three catecholamines,0.0,2026,Procedure,CMS
82387,Assay of cathepsin-d,0.0,2026,Procedure,CMS
82390,Assay of ceruloplasmin,0.0,2026,Procedure,CMS
82397,Chemiluminescent assay,0.0,2026,Procedure,CMS
82415,Assay of chloramphenicol,0.0,2026,Procedure,CMS
82435,Assay of blood chloride,0.0,2026,Procedure,CMS
82436,Assay of urine chloride,0.0,2026,Procedure,CMS
82438,Assay other fluid chlorides,0.0,2026,Procedure,CMS
82441,Test for chlorohydrocarbons,0.0,2026,Procedure,CMS
82465,Assay bld/serum cholesterol,0.0,2026,Procedure,CMS
82480,Assay serum cholinesterase,0.0,2026,Procedure,CMS
82482,Assay rbc cholinesterase,0.0,2026,Procedure,CMS
82485,Assay chondroitin sulfate,0.0,2026,Procedure,CMS
82495,Assay of chromium,0.0,2026,Procedure,CMS
82507,Assay of citrate,0.0,2026,Procedure,CMS
82523,Collagen crosslinks,0.0,2026,Procedure,CMS
82525,Assay of copper,0.0,2026,Procedure,CMS
82528,Assay of corticosterone,0.0,2026,Procedure,CMS
82530,Cortisol free,0.0,2026,Procedure,CMS
82533,Total cortisol,0.0,2026,Procedure,CMS
82540,Assay of creatine,0.0,2026,Procedure,CMS
82542,Col chromotography qual/quan,0.0,2026,Procedure,CMS
82550,Assay of ck (cpk),0.0,2026,Procedure,CMS
82552,Assay of cpk in blood,0.0,2026,Procedure,CMS
82553,Creatine mb fraction,0.0,2026,Procedure,CMS
82554,Creatine isoforms,0.0,2026,Procedure,CMS
82565,Assay of creatinine,0.0,2026,Procedure,CMS
82570,Assay of urine creatinine,0.0,2026,Procedure,CMS
82575,Creatinine clearance test,0.0,2026,Procedure,CMS
82585,Assay of cryofibrinogen,0.0,2026,Procedure,CMS
82595,Assay of cryoglobulin,0.0,2026,Procedure,CMS
82600,Assay of cyanide,0.0,2026,Procedure,CMS
82607,Vitamin b-12,0.0,2026,Procedure,CMS
82608,B-12 binding capacity,0.0,2026,Procedure,CMS
82610,Cystatin c,0.0,2026,Procedure,CMS
82615,Test for urine cystines,0.0,2026,Procedure,CMS
82626,Dehydroepiandrosterone,0.0,2026,Procedure,CMS
82627,Dehydroepiandrosterone,0.0,2026,Procedure,CMS
82633,Desoxycorticosterone,0.0,2026,Procedure,CMS
82634,Deoxycortisol,0.0,2026,Procedure,CMS
82638,Assay of dibucaine number,0.0,2026,Procedure,CMS
82642,Dihydrotestosterone,0.0,2026,Procedure,CMS
82652,Vit d 1 25-dihydroxy,0.0,2026,Procedure,CMS
82653,El-1 fecal quantitative,0.0,2026,Procedure,CMS
82656,El-1 fecal qual/semiq,0.0,2026,Procedure,CMS
82657,Enzyme cell activity,0.0,2026,Procedure,CMS
82658,Enzyme cell activity ra,0.0,2026,Procedure,CMS
82664,Electrophoretic test,0.0,2026,Procedure,CMS
82668,Assay of erythropoietin,0.0,2026,Procedure,CMS
82670,Assay of total estradiol,0.0,2026,Procedure,CMS
82671,Assay of estrogens,0.0,2026,Procedure,CMS
82672,Assay of estrogen,0.0,2026,Procedure,CMS
82677,Assay of estriol,0.0,2026,Procedure,CMS
82679,Assay of estrone,0.0,2026,Procedure,CMS
82681,Assay dir meas fr estradiol,0.0,2026,Procedure,CMS
82693,Assay of ethylene glycol,0.0,2026,Procedure,CMS
82696,Assay of etiocholanolone,0.0,2026,Procedure,CMS
82705,Fats/lipids feces qual,0.0,2026,Procedure,CMS
82710,Fats/lipids feces quant,0.0,2026,Procedure,CMS
82715,Assay of fecal fat,0.0,2026,Procedure,CMS
82725,Assay of blood fatty acids,0.0,2026,Procedure,CMS
82726,Long chain fatty acids,0.0,2026,Procedure,CMS
82728,Assay of ferritin,0.0,2026,Procedure,CMS
82731,Assay of fetal fibronectin,0.0,2026,Procedure,CMS
82735,Assay of fluoride,0.0,2026,Procedure,CMS
82746,Assay of folic acid serum,0.0,2026,Procedure,CMS
82747,Assay of folic acid rbc,0.0,2026,Procedure,CMS
82757,Assay of semen fructose,0.0,2026,Procedure,CMS
82759,Assay of rbc galactokinase,0.0,2026,Procedure,CMS
82760,Assay of galactose,0.0,2026,Procedure,CMS
82775,Assay galactose transferase,0.0,2026,Procedure,CMS
82776,Galactose transferase test,0.0,2026,Procedure,CMS
82777,Galectin-3,0.0,2026,Procedure,CMS
82784,Assay iga/igd/igg/igm each,0.0,2026,Procedure,CMS
82785,Assay of ige,0.0,2026,Procedure,CMS
82787,Igg 1 2 3 or 4 each,0.0,2026,Procedure,CMS
82800,Blood ph,0.0,2026,Procedure,CMS
82803,Blood gases any combination,0.0,2026,Procedure,CMS
82805,Blood gases w/o2 saturation,0.0,2026,Procedure,CMS
82810,Blood gases o2 sat only,0.0,2026,Procedure,CMS
82820,Hemoglobin-oxygen affinity,0.0,2026,Procedure,CMS
82930,Gastric analy w/ph ea spec,0.0,2026,Procedure,CMS
82938,Gastrin test,0.0,2026,Procedure,CMS
82941,Assay of gastrin,0.0,2026,Procedure,CMS
82943,Assay of glucagon,0.0,2026,Procedure,CMS
82945,Glucose other fluid,0.0,2026,Procedure,CMS
82946,Glucagon tolerance test,0.0,2026,Procedure,CMS
82947,Assay glucose blood quant,0.0,2026,Procedure,CMS
82948,Reagent strip/blood glucose,0.0,2026,Procedure,CMS
82950,Glucose test,0.0,2026,Procedure,CMS
82951,Glucose tolerance test (gtt),0.0,2026,Procedure,CMS
82952,Gtt-added samples,0.0,2026,Procedure,CMS
82955,Assay of g6pd enzyme,0.0,2026,Procedure,CMS
82960,Test for g6pd enzyme,0.0,2026,Procedure,CMS
82962,Glucose blood test,0.0,2026,Procedure,CMS
82963,Assay of glucosidase,0.0,2026,Procedure,CMS
82965,Assay of gdh enzyme,0.0,2026,Procedure,CMS
82977,Assay of ggt,0.0,2026,Procedure,CMS
82978,Assay of glutathione,0.0,2026,Procedure,CMS
82979,Assay rbc glutathione,0.0,2026,Procedure,CMS
82985,Assay of glycated protein,0.0,2026,Procedure,CMS
83001,Assay of gonadotropin (fsh),0.0,2026,Procedure,CMS
83002,Assay of gonadotropin (lh),0.0,2026,Procedure,CMS
83003,Assay growth hormone (hgh),0.0,2026,Procedure,CMS
83006,Growth stimulation gene 2,0.0,2026,Procedure,CMS
83009,H pylori (c-13) blood,0.0,2026,Procedure,CMS
83010,Assay of haptoglobin quant,0.0,2026,Procedure,CMS
83012,Assay of haptoglobins,0.0,2026,Procedure,CMS
83013,H pylori (c-13) breath,0.0,2026,Procedure,CMS
83014,H pylori drug admin,0.0,2026,Procedure,CMS
83015,Heavy metal qual any number,0.0,2026,Procedure,CMS
83018,Heavy metal quan each nes,0.0,2026,Procedure,CMS
83020,Hemoglobin electrophoresis,0.0,2026,Procedure,CMS
83021,Hemoglobin chromotography,0.0,2026,Procedure,CMS
83026,Hemoglobin copper sulfate,0.0,2026,Procedure,CMS
83030,Hemoglobin f fetal chemical,0.0,2026,Procedure,CMS
83033,Hemoglobin ftl f assay qual,0.0,2026,Procedure,CMS
83036,Hemoglobin glycosylated a1c,0.0,2026,Procedure,CMS
83037,Hb glycosylated a1c home dev,0.0,2026,Procedure,CMS
83045,Hgb methemoglobin qual,0.0,2026,Procedure,CMS
83050,Hgb methemoglobin quan,0.0,2026,Procedure,CMS
83051,Hemoglobin plasma,0.0,2026,Procedure,CMS
83060,Hgb sulfhemoglobin quan,0.0,2026,Procedure,CMS
83065,Hemoglobin thermolabile,0.0,2026,Procedure,CMS
83068,Hemoglobin unstable screen,0.0,2026,Procedure,CMS
83069,Hemoglobin urine,0.0,2026,Procedure,CMS
83070,Assay of hemosiderin qual,0.0,2026,Procedure,CMS
83080,Assay of b hexosaminidase ea,0.0,2026,Procedure,CMS
83088,Assay of histamine,0.0,2026,Procedure,CMS
83090,Assay of homocysteine,0.0,2026,Procedure,CMS
83150,Assay of homovanillic acid,0.0,2026,Procedure,CMS
83491,Asy hydroxycorticosteroids17,0.0,2026,Procedure,CMS
83497,Assay of 5-hiaa,0.0,2026,Procedure,CMS
83498,Asy hydroxyprogesterone 17-d,0.0,2026,Procedure,CMS
83500,Assay free hydroxyproline,0.0,2026,Procedure,CMS
83505,Assay total hydroxyproline,0.0,2026,Procedure,CMS
83516,Immunoassay nonantibody,0.0,2026,Procedure,CMS
83518,Immunoassay dipstick,0.0,2026,Procedure,CMS
83519,Ria nonantibody,0.0,2026,Procedure,CMS
83520,Immunoassay quant nos nonab,0.0,2026,Procedure,CMS
83521,Ig light chains free each,0.0,2026,Procedure,CMS
83525,Assay of insulin,0.0,2026,Procedure,CMS
83527,Assay of insulin,0.0,2026,Procedure,CMS
83528,Assay of intrinsic factor,0.0,2026,Procedure,CMS
83529,Asay of interleukin-6 (il-6),0.0,2026,Procedure,CMS
83540,Assay of iron,0.0,2026,Procedure,CMS
83550,Iron binding test,0.0,2026,Procedure,CMS
83570,Assay of idh enzyme,0.0,2026,Procedure,CMS
83582,Assay of ketogenic steroids,0.0,2026,Procedure,CMS
83586,Assay 17- ketosteroids,0.0,2026,Procedure,CMS
83593,Fractionation ketosteroids,0.0,2026,Procedure,CMS
83605,Assay of lactic acid,0.0,2026,Procedure,CMS
83615,Lactate (ld) (ldh) enzyme,0.0,2026,Procedure,CMS
83625,Assay of ldh enzymes,0.0,2026,Procedure,CMS
83630,Lactoferrin fecal (qual),0.0,2026,Procedure,CMS
83631,Lactoferrin fecal (quant),0.0,2026,Procedure,CMS
83632,Placental lactogen,0.0,2026,Procedure,CMS
83633,Test urine for lactose,0.0,2026,Procedure,CMS
83655,Assay of lead,0.0,2026,Procedure,CMS
83661,L/s ratio fetal lung,0.0,2026,Procedure,CMS
83662,Foam stability fetal lung,0.0,2026,Procedure,CMS
83663,Fluoro polarize fetal lung,0.0,2026,Procedure,CMS
83664,Lamellar bdy fetal lung,0.0,2026,Procedure,CMS
83670,Assay of lap enzyme,0.0,2026,Procedure,CMS
83690,Assay of lipase,0.0,2026,Procedure,CMS
83695,Assay of lipoprotein(a),0.0,2026,Procedure,CMS
83698,Assay lipoprotein pla2,0.0,2026,Procedure,CMS
83700,Lipopro bld electrophoretic,0.0,2026,Procedure,CMS
83701,Lipoprotein bld hr fraction,0.0,2026,Procedure,CMS
83704,Lipoprotein bld quan part,0.0,2026,Procedure,CMS
83718,Assay of lipoprotein,0.0,2026,Procedure,CMS
83719,Assay of blood lipoprotein,0.0,2026,Procedure,CMS
83721,Assay of blood lipoprotein,0.0,2026,Procedure,CMS
83722,Lipoprtn dir meas sd ldl chl,0.0,2026,Procedure,CMS
83727,Assay of lrh hormone,0.0,2026,Procedure,CMS
83735,Assay of magnesium,0.0,2026,Procedure,CMS
83775,Assay malate dehydrogenase,0.0,2026,Procedure,CMS
83785,Assay of manganese,0.0,2026,Procedure,CMS
83789,Mass spectrometry qual/quan,0.0,2026,Procedure,CMS
83825,Assay of mercury,0.0,2026,Procedure,CMS
83835,Assay of metanephrines,0.0,2026,Procedure,CMS
83857,Assay of methemalbumin,0.0,2026,Procedure,CMS
83861,Microfluid analy tears,0.0,2026,Procedure,CMS
83864,Mucopolysaccharides,0.0,2026,Procedure,CMS
83872,Assay synovial fluid mucin,0.0,2026,Procedure,CMS
83873,Assay of csf protein,0.0,2026,Procedure,CMS
83874,Assay of myoglobin,0.0,2026,Procedure,CMS
83876,Assay myeloperoxidase,0.0,2026,Procedure,CMS
83880,Assay of natriuretic peptide,0.0,2026,Procedure,CMS
83883,Assay nephelometry not spec,0.0,2026,Procedure,CMS
83884,Assay neurflmnt light chain,0.0,2026,Procedure,CMS
83885,Assay of nickel,0.0,2026,Procedure,CMS
83915,Assay of nucleotidase,0.0,2026,Procedure,CMS
83916,Oligoclonal bands,0.0,2026,Procedure,CMS
83918,Organic acids total quant,0.0,2026,Procedure,CMS
83919,Organic acids qual each,0.0,2026,Procedure,CMS
83921,Organic acid single quant,0.0,2026,Procedure,CMS
83930,Assay of blood osmolality,0.0,2026,Procedure,CMS
83935,Assay of urine osmolality,0.0,2026,Procedure,CMS
83937,Assay of osteocalcin,0.0,2026,Procedure,CMS
83945,Assay of oxalate,0.0,2026,Procedure,CMS
83950,Oncoprotein her-2/neu,0.0,2026,Procedure,CMS
83951,Oncoprotein dcp,0.0,2026,Procedure,CMS
83970,Assay of parathormone,0.0,2026,Procedure,CMS
83986,Assay ph body fluid nos,0.0,2026,Procedure,CMS
83987,Exhaled breath condensate,0.0,2026,Procedure,CMS
83992,Assay for phencyclidine,0.0,2026,Procedure,CMS
83993,Assay for calprotectin fecal,0.0,2026,Procedure,CMS
84030,Assay of blood pku,0.0,2026,Procedure,CMS
84035,Assay of phenylketones,0.0,2026,Procedure,CMS
84060,Assay acid phosphatase,0.0,2026,Procedure,CMS
84066,Assay prostate phosphatase,0.0,2026,Procedure,CMS
84075,Assay alkaline phosphatase,0.0,2026,Procedure,CMS
84078,Assay alkaline phosphatase,0.0,2026,Procedure,CMS
84080,Assay alkaline phosphatases,0.0,2026,Procedure,CMS
84081,Assay phosphatidylglycerol,0.0,2026,Procedure,CMS
84085,Assay of rbc pg6d enzyme,0.0,2026,Procedure,CMS
84087,Assay phosphohexose enzymes,0.0,2026,Procedure,CMS
84100,Assay of phosphorus,0.0,2026,Procedure,CMS
84105,Assay of urine phosphorus,0.0,2026,Procedure,CMS
84106,Test for porphobilinogen,0.0,2026,Procedure,CMS
84110,Assay of porphobilinogen,0.0,2026,Procedure,CMS
84112,Eval amniotic fluid protein,0.0,2026,Procedure,CMS
84119,Test urine for porphyrins,0.0,2026,Procedure,CMS
84120,Assay of urine porphyrins,0.0,2026,Procedure,CMS
84126,Assay of feces porphyrins,0.0,2026,Procedure,CMS
84132,Assay of serum potassium,0.0,2026,Procedure,CMS
84133,Assay of urine potassium,0.0,2026,Procedure,CMS
84134,Assay of prealbumin,0.0,2026,Procedure,CMS
84135,Assay of pregnanediol,0.0,2026,Procedure,CMS
84138,Assay of pregnanetriol,0.0,2026,Procedure,CMS
84140,Assay of pregnenolone,0.0,2026,Procedure,CMS
84143,Assay of 17-hydroxypregneno,0.0,2026,Procedure,CMS
84144,Assay of progesterone,0.0,2026,Procedure,CMS
84145,Procalcitonin (pct),0.0,2026,Procedure,CMS
84146,Assay of prolactin,0.0,2026,Procedure,CMS
84150,Assay of prostaglandin,0.0,2026,Procedure,CMS
84152,Assay of psa complexed,0.0,2026,Procedure,CMS
84153,Assay of psa total,0.0,2026,Procedure,CMS
84154,Assay of psa free,0.0,2026,Procedure,CMS
84155,Assay of protein serum,0.0,2026,Procedure,CMS
84156,Assay of protein urine,0.0,2026,Procedure,CMS
84157,Assay of protein other,0.0,2026,Procedure,CMS
84160,Assay of protein any source,0.0,2026,Procedure,CMS
84163,Pappa serum,0.0,2026,Procedure,CMS
84165,Protein e-phoresis serum,0.0,2026,Procedure,CMS
84166,Protein e-phoresis/urine/csf,0.0,2026,Procedure,CMS
84181,Western blot test,0.0,2026,Procedure,CMS
84182,Protein western blot test,0.0,2026,Procedure,CMS
84202,Assay rbc protoporphyrin,0.0,2026,Procedure,CMS
84203,Test rbc protoporphyrin,0.0,2026,Procedure,CMS
84206,Assay of proinsulin,0.0,2026,Procedure,CMS
84207,Assay of vitamin b-6,0.0,2026,Procedure,CMS
84210,Assay of pyruvate,0.0,2026,Procedure,CMS
84220,Assay of pyruvate kinase,0.0,2026,Procedure,CMS
84228,Assay of quinine,0.0,2026,Procedure,CMS
84233,Assay of estrogen,0.0,2026,Procedure,CMS
84234,Assay of progesterone,0.0,2026,Procedure,CMS
84235,Assay of endocrine hormone,0.0,2026,Procedure,CMS
84238,Assay nonendocrine receptor,0.0,2026,Procedure,CMS
84244,Assay of renin,0.0,2026,Procedure,CMS
84252,Assay of vitamin b-2,0.0,2026,Procedure,CMS
84255,Assay of selenium,0.0,2026,Procedure,CMS
84260,Assay of serotonin,0.0,2026,Procedure,CMS
84270,Assay of sex hormone globul,0.0,2026,Procedure,CMS
84275,Assay of sialic acid,0.0,2026,Procedure,CMS
84285,Assay of silica,0.0,2026,Procedure,CMS
84295,Assay of serum sodium,0.0,2026,Procedure,CMS
84300,Assay of urine sodium,0.0,2026,Procedure,CMS
84302,Assay of sweat sodium,0.0,2026,Procedure,CMS
84305,Assay of somatomedin,0.0,2026,Procedure,CMS
84307,Assay of somatostatin,0.0,2026,Procedure,CMS
84311,Spectrophotometry,0.0,2026,Procedure,CMS
84315,Body fluid specific gravity,0.0,2026,Procedure,CMS
84375,Chromatogram assay sugars,0.0,2026,Procedure,CMS
84376,Sugars single qual,0.0,2026,Procedure,CMS
84377,Sugars multiple qual,0.0,2026,Procedure,CMS
84378,Sugars single quant,0.0,2026,Procedure,CMS
84379,Sugars multiple quant,0.0,2026,Procedure,CMS
84392,Assay of urine sulfate,0.0,2026,Procedure,CMS
84393,Tau phosphorylated ea,0.0,2026,Procedure,CMS
84394,Total tau,0.0,2026,Procedure,CMS
84402,Assay of free testosterone,0.0,2026,Procedure,CMS
84403,Assay of total testosterone,0.0,2026,Procedure,CMS
84410,Testosterone bioavailable,0.0,2026,Procedure,CMS
84425,Assay of vitamin b-1,0.0,2026,Procedure,CMS
84430,Assay of thiocyanate,0.0,2026,Procedure,CMS
84431,Thromboxane urine,0.0,2026,Procedure,CMS
84432,Assay of thyroglobulin,0.0,2026,Procedure,CMS
84433,Asy thiopurin s-mthyltrnsfrs,0.0,2026,Procedure,CMS
84436,Assay of total thyroxine,0.0,2026,Procedure,CMS
84437,Assay of neonatal thyroxine,0.0,2026,Procedure,CMS
84439,Assay of free thyroxine,0.0,2026,Procedure,CMS
84442,Assay of thyroid activity,0.0,2026,Procedure,CMS
84443,Assay thyroid stim hormone,0.0,2026,Procedure,CMS
84445,Assay of tsi globulin,0.0,2026,Procedure,CMS
84446,Assay of vitamin e,0.0,2026,Procedure,CMS
84449,Assay of transcortin,0.0,2026,Procedure,CMS
84450,Transferase (ast) (sgot),0.0,2026,Procedure,CMS
84460,Alanine amino (alt) (sgpt),0.0,2026,Procedure,CMS
84466,Assay of transferrin,0.0,2026,Procedure,CMS
84478,Assay of triglycerides,0.0,2026,Procedure,CMS
84479,Assay of thyroid (t3 or t4),0.0,2026,Procedure,CMS
84480,Assay triiodothyronine (t3),0.0,2026,Procedure,CMS
84481,Free assay (ft-3),0.0,2026,Procedure,CMS
84482,T3 reverse,0.0,2026,Procedure,CMS
84484,Assay of troponin quant,0.0,2026,Procedure,CMS
84485,Assay duodenal fluid trypsin,0.0,2026,Procedure,CMS
84488,Test feces for trypsin,0.0,2026,Procedure,CMS
84490,Assay of feces for trypsin,0.0,2026,Procedure,CMS
84510,Assay of tyrosine,0.0,2026,Procedure,CMS
84512,Assay of troponin qual,0.0,2026,Procedure,CMS
84520,Assay of urea nitrogen,0.0,2026,Procedure,CMS
84525,Urea nitrogen semi-quant,0.0,2026,Procedure,CMS
84540,Assay of urine/urea-n,0.0,2026,Procedure,CMS
84545,Urea-n clearance test,0.0,2026,Procedure,CMS
84550,Assay of blood/uric acid,0.0,2026,Procedure,CMS
84560,Assay of urine/uric acid,0.0,2026,Procedure,CMS
84577,Assay of feces/urobilinogen,0.0,2026,Procedure,CMS
84578,Test urine urobilinogen,0.0,2026,Procedure,CMS
84580,Assay of urine urobilinogen,0.0,2026,Procedure,CMS
84583,Assay of urine urobilinogen,0.0,2026,Procedure,CMS
84585,Assay of urine vma,0.0,2026,Procedure,CMS
84586,Assay of vip,0.0,2026,Procedure,CMS
84588,Assay of vasopressin,0.0,2026,Procedure,CMS
84590,Assay of vitamin a,0.0,2026,Procedure,CMS
84591,Assay of nos vitamin,0.0,2026,Procedure,CMS
84597,Assay of vitamin k,0.0,2026,Procedure,CMS
84600,Assay of volatiles,0.0,2026,Procedure,CMS
84620,Xylose tolerance test,0.0,2026,Procedure,CMS
84630,Assay of zinc,0.0,2026,Procedure,CMS
84681,Assay of c-peptide,0.0,2026,Procedure,CMS
84702,Chorionic gonadotropin test,0.0,2026,Procedure,CMS
84703,Chorionic gonadotropin assay,0.0,2026,Procedure,CMS
84704,Hcg free betachain test,0.0,2026,Procedure,CMS
84830,Ovulation tests,0.0,2026,Procedure,CMS
84999,Unlisted chemistry procedure,0.0,2026,Procedure,CMS
85002,Bleeding time test,0.0,2026,Procedure,CMS
85004,Automated diff wbc count,0.0,2026,Procedure,CMS
85007,Bl smear w/diff wbc count,0.0,2026,Procedure,CMS
85008,Bl smear w/o diff wbc count,0.0,2026,Procedure,CMS
85009,Manual diff wbc count b-coat,0.0,2026,Procedure,CMS
85013,Spun microhematocrit,0.0,2026,Procedure,CMS
85014,Hematocrit,0.0,2026,Procedure,CMS
85018,Hemoglobin,0.0,2026,Procedure,CMS
85025,Complete cbc w/auto diff wbc,0.0,2026,Procedure,CMS
85027,Complete cbc automated,0.0,2026,Procedure,CMS
85032,Manual cell count each,0.0,2026,Procedure,CMS
85041,Automated rbc count,0.0,2026,Procedure,CMS
85044,Manual reticulocyte count,0.0,2026,Procedure,CMS
85045,Automated reticulocyte count,0.0,2026,Procedure,CMS
85046,Reticyte/hgb concentrate,0.0,2026,Procedure,CMS
85048,Automated leukocyte count,0.0,2026,Procedure,CMS
85049,Automated platelet count,0.0,2026,Procedure,CMS
85055,Reticulated platelet assay,0.0,2026,Procedure,CMS
85060,Blood smear interpretation,0.44,2026,Procedure,CMS
85097,Bone marrow interpretation,0.92,2026,Procedure,CMS
85130,Chromogenic substrate assay,0.0,2026,Procedure,CMS
85170,Blood clot retraction,0.0,2026,Procedure,CMS
85175,Blood clot lysis time,0.0,2026,Procedure,CMS
85210,Clot factor ii prothrom spec,0.0,2026,Procedure,CMS
85220,Blooc clot factor v test,0.0,2026,Procedure,CMS
85230,Clot factor vii proconvertin,0.0,2026,Procedure,CMS
85240,Clot factor viii ahg 1 stage,0.0,2026,Procedure,CMS
85244,Clot factor viii reltd antgn,0.0,2026,Procedure,CMS
85245,Clot factor viii vw ristoctn,0.0,2026,Procedure,CMS
85246,Clot factor viii vw antigen,0.0,2026,Procedure,CMS
85247,Clot factor viii multimetric,0.0,2026,Procedure,CMS
85250,Clot factor ix ptc/chrstmas,0.0,2026,Procedure,CMS
85260,Clot factor x stuart-power,0.0,2026,Procedure,CMS
85270,Clot factor xi pta,0.0,2026,Procedure,CMS
85280,Clot factor xii hageman,0.0,2026,Procedure,CMS
85290,Clot factor xiii fibrin stab,0.0,2026,Procedure,CMS
85291,Clot factor xiii fibrin scrn,0.0,2026,Procedure,CMS
85292,Clot factor fletcher fact,0.0,2026,Procedure,CMS
85293,Clot factor wght kininogen,0.0,2026,Procedure,CMS
85300,Antithrombin iii activity,0.0,2026,Procedure,CMS
85301,Antithrombin iii antigen,0.0,2026,Procedure,CMS
85302,Clot inhibit prot c antigen,0.0,2026,Procedure,CMS
85303,Clot inhibit prot c activity,0.0,2026,Procedure,CMS
85305,Clot inhibit prot s total,0.0,2026,Procedure,CMS
85306,Clot inhibit prot s free,0.0,2026,Procedure,CMS
85307,Assay activated protein c,0.0,2026,Procedure,CMS
85335,Factor inhibitor test,0.0,2026,Procedure,CMS
85337,Thrombomodulin,0.0,2026,Procedure,CMS
85345,Coagulation time lee & white,0.0,2026,Procedure,CMS
85347,Coagulation time activated,0.0,2026,Procedure,CMS
85348,Coagulation time otr method,0.0,2026,Procedure,CMS
85360,Euglobulin lysis,0.0,2026,Procedure,CMS
85362,Fibrin degradation products,0.0,2026,Procedure,CMS
85366,Fibrinogen test,0.0,2026,Procedure,CMS
85370,Fibrinogen test,0.0,2026,Procedure,CMS
85378,Fibrin degrade semiquant,0.0,2026,Procedure,CMS
85379,Fibrin degradation quant,0.0,2026,Procedure,CMS
85380,Fibrin degradj d-dimer,0.0,2026,Procedure,CMS
85384,Fibrinogen activity,0.0,2026,Procedure,CMS
85385,Fibrinogen antigen,0.0,2026,Procedure,CMS
85390,Fibrinolysins screen i&r,0.0,2026,Procedure,CMS
85396,Clotting assay whole blood,0.36,2026,Procedure,CMS
85397,Clotting funct activity,0.0,2026,Procedure,CMS
85400,Fibrinolytic plasmin,0.0,2026,Procedure,CMS
85410,Fibrinolytic antiplasmin,0.0,2026,Procedure,CMS
85415,Fibrinolytic plasminogen,0.0,2026,Procedure,CMS
85420,Fibrinolytic plasminogen,0.0,2026,Procedure,CMS
85421,Fibrinolytic plasminogen,0.0,2026,Procedure,CMS
85441,Heinz bodies direct,0.0,2026,Procedure,CMS
85445,Heinz bodies induced,0.0,2026,Procedure,CMS
85460,Hemoglobin fetal,0.0,2026,Procedure,CMS
85461,Hemoglobin fetal,0.0,2026,Procedure,CMS
85475,Hemolysin acid,0.0,2026,Procedure,CMS
85520,Heparin assay,0.0,2026,Procedure,CMS
85525,Heparin neutralization,0.0,2026,Procedure,CMS
85530,Heparin-protamine tolerance,0.0,2026,Procedure,CMS
85536,Iron stain peripheral blood,0.0,2026,Procedure,CMS
85540,Wbc alkaline phosphatase,0.0,2026,Procedure,CMS
85547,Rbc mechanical fragility,0.0,2026,Procedure,CMS
85549,Muramidase,0.0,2026,Procedure,CMS
85555,Rbc osmotic fragility,0.0,2026,Procedure,CMS
85557,Rbc osmotic fragility,0.0,2026,Procedure,CMS
85576,Blood platelet aggregation,0.0,2026,Procedure,CMS
85597,Phospholipid pltlt neutraliz,0.0,2026,Procedure,CMS
85598,Hexagnal phosph pltlt neutrl,0.0,2026,Procedure,CMS
85610,Prothrombin time,0.0,2026,Procedure,CMS
85611,Prothrombin test,0.0,2026,Procedure,CMS
85612,Viper venom prothrombin time,0.0,2026,Procedure,CMS
85613,Russell viper venom diluted,0.0,2026,Procedure,CMS
85635,Reptilase test,0.0,2026,Procedure,CMS
85651,Rbc sed rate nonautomated,0.0,2026,Procedure,CMS
85652,Rbc sed rate automated,0.0,2026,Procedure,CMS
85660,Rbc sickle cell test,0.0,2026,Procedure,CMS
85670,Thrombin time plasma,0.0,2026,Procedure,CMS
85675,Thrombin time titer,0.0,2026,Procedure,CMS
85705,Thromboplastin inhibition,0.0,2026,Procedure,CMS
85730,Thromboplastin time partial,0.0,2026,Procedure,CMS
85732,Thromboplastin time partial,0.0,2026,Procedure,CMS
85810,Blood viscosity examination,0.0,2026,Procedure,CMS
85999,Unlisted hematology&coagj px,0.0,2026,Procedure,CMS
86000,Agglutinins febrile antigen,0.0,2026,Procedure,CMS
86001,Allergen specific igg,0.0,2026,Procedure,CMS
86003,Allg spec ige crude xtrc ea,0.0,2026,Procedure,CMS
86005,Allg spec ige multiallg scr,0.0,2026,Procedure,CMS
86008,Allg spec ige recomb ea,0.0,2026,Procedure,CMS
86015,Actin antibody each,0.0,2026,Procedure,CMS
86021,Wbc antibody identification,0.0,2026,Procedure,CMS
86022,Platelet antibodies,0.0,2026,Procedure,CMS
86023,Immunoglobulin assay,0.0,2026,Procedure,CMS
86036,Anca screen each antibody,0.0,2026,Procedure,CMS
86037,Anca titer each antibody,0.0,2026,Procedure,CMS
86038,Antinuclear antibodies,0.0,2026,Procedure,CMS
86039,Antinuclear antibodies (ana),0.0,2026,Procedure,CMS
86041,Acetylcholn rcptr bndng antb,0.0,2026,Procedure,CMS
86042,Acetylcholn rcptr blckg antb,0.0,2026,Procedure,CMS
86043,Acetylcholn rcptr modlg antb,0.0,2026,Procedure,CMS
86051,Aquaporin-4 antb elisa,0.0,2026,Procedure,CMS
86052,Aquaporin-4 antb cba each,0.0,2026,Procedure,CMS
86053,Aqaprn-4 antb flo cytmtry ea,0.0,2026,Procedure,CMS
86060,Antistreptolysin o titer,0.0,2026,Procedure,CMS
86063,Antistreptolysin o screen,0.0,2026,Procedure,CMS
86077,Phys blood bank serv xmatch,0.92,2026,Procedure,CMS
86078,Phys blood bank serv reactj,0.92,2026,Procedure,CMS
86079,Phys blood bank serv authrj,0.92,2026,Procedure,CMS
86140,C-reactive protein,0.0,2026,Procedure,CMS
86141,C-reactive protein hs,0.0,2026,Procedure,CMS
86146,Beta-2 glycoprotein antibody,0.0,2026,Procedure,CMS
86147,Cardiolipin antibody ea ig,0.0,2026,Procedure,CMS
86148,Anti-phospholipid antibody,0.0,2026,Procedure,CMS
86152,Cell enumeration & id,0.0,2026,Procedure,CMS
86153,Cell enumeration phys interp,0.67,2026,Procedure,CMS
86155,Chemotaxis assay,0.0,2026,Procedure,CMS
86156,Cold agglutinin screen,0.0,2026,Procedure,CMS
86157,Cold agglutinin titer,0.0,2026,Procedure,CMS
86160,Complement antigen,0.0,2026,Procedure,CMS
86161,Complement/function activity,0.0,2026,Procedure,CMS
86162,Complement total (ch50),0.0,2026,Procedure,CMS
86171,Complement fixation each,0.0,2026,Procedure,CMS
86200,Ccp antibody,0.0,2026,Procedure,CMS
86215,Deoxyribonuclease antibody,0.0,2026,Procedure,CMS
86225,Dna antibody native,0.0,2026,Procedure,CMS
86226,Dna antibody single strand,0.0,2026,Procedure,CMS
86231,Ema each ig class,0.0,2026,Procedure,CMS
86235,Nuclear antigen antibody,0.0,2026,Procedure,CMS
86255,Fluorescent antibody screen,0.0,2026,Procedure,CMS
86256,Fluorescent antibody titer,0.0,2026,Procedure,CMS
86258,Dgp antibody each ig class,0.0,2026,Procedure,CMS
86277,Growth hormone antibody,0.0,2026,Procedure,CMS
86280,Hemagglutination inhibition,0.0,2026,Procedure,CMS
86294,Immunoassay tumor qual,0.0,2026,Procedure,CMS
86300,Immunoassay tumor ca 15-3,0.0,2026,Procedure,CMS
86301,Immunoassay tumor ca 19-9,0.0,2026,Procedure,CMS
86304,Immunoassay tumor ca 125,0.0,2026,Procedure,CMS
86305,Human epididymis protein 4,0.0,2026,Procedure,CMS
86308,Heterophile antibody screen,0.0,2026,Procedure,CMS
86309,Heterophile antibody titer,0.0,2026,Procedure,CMS
86310,Heterophile antibody absrbj,0.0,2026,Procedure,CMS
86316,Immunoassay tumor other,0.0,2026,Procedure,CMS
86317,Immunoassay infectious agent,0.0,2026,Procedure,CMS
86318,Ia infectious agent antibody,0.0,2026,Procedure,CMS
86320,Serum immunoelectrophoresis,0.0,2026,Procedure,CMS
86325,Other immunoelectrophoresis,0.0,2026,Procedure,CMS
86328,Ia nfct ab sarscov2 covid19,0.0,2026,Procedure,CMS
86329,Immunodiffusion nes,0.0,2026,Procedure,CMS
86331,Immunodiffusion ouchterlony,0.0,2026,Procedure,CMS
86332,Immune complex assay,0.0,2026,Procedure,CMS
86334,Immunofix e-phoresis serum,0.0,2026,Procedure,CMS
86335,Immunfix e-phorsis/urine/csf,0.0,2026,Procedure,CMS
86336,Inhibin a,0.0,2026,Procedure,CMS
86337,Insulin antibodies,0.0,2026,Procedure,CMS
86340,Intrinsic factor antibody,0.0,2026,Procedure,CMS
86341,Islet cell antibody,0.0,2026,Procedure,CMS
86343,Leukocyte histamine release,0.0,2026,Procedure,CMS
86344,Leukocyte phagocytosis,0.0,2026,Procedure,CMS
86352,Cell function assay w/stim,0.0,2026,Procedure,CMS
86353,Lymphocyte transformation,0.0,2026,Procedure,CMS
86355,B cells total count,0.0,2026,Procedure,CMS
86356,Mononuclear cell antigen,0.0,2026,Procedure,CMS
86357,Nk cells total count,0.0,2026,Procedure,CMS
86359,T cells total count,0.0,2026,Procedure,CMS
86360,T cell absolute count/ratio,0.0,2026,Procedure,CMS
86361,T cell absolute count,0.0,2026,Procedure,CMS
86362,Mog-igg1 antb cba each,0.0,2026,Procedure,CMS
86363,Mog-igg1 antb flo cytmtry ea,0.0,2026,Procedure,CMS
86364,Tiss trnsgltmnase ea ig clas,0.0,2026,Procedure,CMS
86366,Muscle-specific kinase antb,0.0,2026,Procedure,CMS
86367,Stem cells total count,0.0,2026,Procedure,CMS
86376,Microsomal antibody each,0.0,2026,Procedure,CMS
86381,Mitochondrial antibody each,0.0,2026,Procedure,CMS
86382,Neutralization test viral,0.0,2026,Procedure,CMS
86384,Nitroblue tetrazolium dye,0.0,2026,Procedure,CMS
86386,Nuclear matrix protein 22,0.0,2026,Procedure,CMS
86403,Particle agglut antbdy scrn,0.0,2026,Procedure,CMS
86406,Particle agglut antbdy titr,0.0,2026,Procedure,CMS
86408,Neutrlzg antb sarscov2 scr,0.0,2026,Procedure,CMS
86409,Neutrlzg antb sarscov2 titer,0.0,2026,Procedure,CMS
86413,Sars-cov-2 antb quantitative,0.0,2026,Procedure,CMS
86430,Rheumatoid factor test qual,0.0,2026,Procedure,CMS
86431,Rheumatoid factor quant,0.0,2026,Procedure,CMS
86480,Tb test cell immun measure,0.0,2026,Procedure,CMS
86481,Tb ag response t-cell susp,0.0,2026,Procedure,CMS
86485,Skin test candida,0.0,2026,Procedure,CMS
86486,Skin test unlisted antign ea,0.0,2026,Procedure,CMS
86510,Histoplasmosis skin test,0.0,2026,Procedure,CMS
86580,Tb intradermal test,0.0,2026,Procedure,CMS
86581,Strptcs pneum antb serot ia,0.0,2026,Procedure,CMS
86590,Streptokinase antibody,0.0,2026,Procedure,CMS
86592,Syphilis test non-trep qual,0.0,2026,Procedure,CMS
86593,Syphilis test non-trep quant,0.0,2026,Procedure,CMS
86596,Voltage-gtd ca chnl antb ea,0.0,2026,Procedure,CMS
86602,Antinomyces antibody,0.0,2026,Procedure,CMS
86603,Adenovirus antibody,0.0,2026,Procedure,CMS
86606,Aspergillus antibody,0.0,2026,Procedure,CMS
86609,Bacterium antibody,0.0,2026,Procedure,CMS
86611,Bartonella antibody,0.0,2026,Procedure,CMS
86612,Blastomyces antibody,0.0,2026,Procedure,CMS
86615,Bordetella antibody,0.0,2026,Procedure,CMS
86617,Lyme disease antibody,0.0,2026,Procedure,CMS
86618,Lyme disease antibody,0.0,2026,Procedure,CMS
86619,Borrelia antibody,0.0,2026,Procedure,CMS
86622,Brucella antibody,0.0,2026,Procedure,CMS
86625,Campylobacter antibody,0.0,2026,Procedure,CMS
86628,Candida antibody,0.0,2026,Procedure,CMS
86631,Chlamydia antibody,0.0,2026,Procedure,CMS
86632,Chlamydia igm antibody,0.0,2026,Procedure,CMS
86635,Coccidioides antibody,0.0,2026,Procedure,CMS
86638,Q fever antibody,0.0,2026,Procedure,CMS
86641,Cryptococcus antibody,0.0,2026,Procedure,CMS
86644,Cmv antibody,0.0,2026,Procedure,CMS
86645,Cmv antibody igm,0.0,2026,Procedure,CMS
86648,Diphtheria antibody,0.0,2026,Procedure,CMS
86651,Encephalitis californ antbdy,0.0,2026,Procedure,CMS
86652,Encephaltis east eqne anbdy,0.0,2026,Procedure,CMS
86653,Encephaltis st louis antbody,0.0,2026,Procedure,CMS
86654,Encephaltis west eqne antbdy,0.0,2026,Procedure,CMS
86658,Enterovirus antibody,0.0,2026,Procedure,CMS
86663,Epstein-barr antibody,0.0,2026,Procedure,CMS
86664,Epstein-barr nuclear antigen,0.0,2026,Procedure,CMS
86665,Epstein-barr capsid vca,0.0,2026,Procedure,CMS
86666,Ehrlichia antibody,0.0,2026,Procedure,CMS
86668,Francisella tularensis,0.0,2026,Procedure,CMS
86671,Fungus nes antibody,0.0,2026,Procedure,CMS
86674,Giardia lamblia antibody,0.0,2026,Procedure,CMS
86677,Helicobacter pylori antibody,0.0,2026,Procedure,CMS
86682,Helminth antibody,0.0,2026,Procedure,CMS
86684,Hemophilus influenza antibdy,0.0,2026,Procedure,CMS
86687,Htlv-i antibody,0.0,2026,Procedure,CMS
86688,Htlv-ii antibody,0.0,2026,Procedure,CMS
86689,Htlv/hiv confirmj antibody,0.0,2026,Procedure,CMS
86692,Hepatitis delta agent antbdy,0.0,2026,Procedure,CMS
86694,Herpes simplex nes antbdy,0.0,2026,Procedure,CMS
86695,Herpes simplex type 1 test,0.0,2026,Procedure,CMS
86696,Herpes simplex type 2 test,0.0,2026,Procedure,CMS
86698,Histoplasma antibody,0.0,2026,Procedure,CMS
86701,Hiv-1antibody,0.0,2026,Procedure,CMS
86702,Hiv-2 antibody,0.0,2026,Procedure,CMS
86703,Hiv-1/hiv-2 1 result antbdy,0.0,2026,Procedure,CMS
86704,Hep b core antibody total,0.0,2026,Procedure,CMS
86705,Hep b core antibody igm,0.0,2026,Procedure,CMS
86706,Hep b surface antibody,0.0,2026,Procedure,CMS
86707,Hepatitis be antibody,0.0,2026,Procedure,CMS
86708,Hepatitis a antibody,0.0,2026,Procedure,CMS
86709,Hepatitis a igm antibody,0.0,2026,Procedure,CMS
86710,Influenza virus antibody,0.0,2026,Procedure,CMS
86711,John cunningham antibody,0.0,2026,Procedure,CMS
86713,Legionella antibody,0.0,2026,Procedure,CMS
86717,Leishmania antibody,0.0,2026,Procedure,CMS
86720,Leptospira antibody,0.0,2026,Procedure,CMS
86723,Listeria monocytogenes,0.0,2026,Procedure,CMS
86727,Lymph choriomeningitis ab,0.0,2026,Procedure,CMS
86732,Mucormycosis antibody,0.0,2026,Procedure,CMS
86735,Mumps antibody,0.0,2026,Procedure,CMS
86738,Mycoplasma antibody,0.0,2026,Procedure,CMS
86741,Neisseria meningitidis,0.0,2026,Procedure,CMS
86744,Nocardia antibody,0.0,2026,Procedure,CMS
86747,Parvovirus antibody,0.0,2026,Procedure,CMS
86750,Malaria antibody,0.0,2026,Procedure,CMS
86753,Protozoa antibody nos,0.0,2026,Procedure,CMS
86756,Respiratory virus antibody,0.0,2026,Procedure,CMS
86757,Rickettsia antibody,0.0,2026,Procedure,CMS
86759,Rotavirus antibody,0.0,2026,Procedure,CMS
86762,Rubella antibody,0.0,2026,Procedure,CMS
86765,Rubeola antibody,0.0,2026,Procedure,CMS
86768,Salmonella antibody,0.0,2026,Procedure,CMS
86769,Sars-cov-2 covid-19 antibody,0.0,2026,Procedure,CMS
86771,Shigella antibody,0.0,2026,Procedure,CMS
86774,Tetanus antibody,0.0,2026,Procedure,CMS
86777,Toxoplasma antibody,0.0,2026,Procedure,CMS
86778,Toxoplasma antibody igm,0.0,2026,Procedure,CMS
86780,Treponema pallidum,0.0,2026,Procedure,CMS
86784,Trichinella antibody,0.0,2026,Procedure,CMS
86787,Varicella-zoster antibody,0.0,2026,Procedure,CMS
86788,West nile virus ab igm,0.0,2026,Procedure,CMS
86789,West nile virus antibody,0.0,2026,Procedure,CMS
86790,Virus antibody nos,0.0,2026,Procedure,CMS
86793,Yersinia antibody,0.0,2026,Procedure,CMS
86794,Zika virus igm antibody,0.0,2026,Procedure,CMS
86800,Thyroglobulin antibody,0.0,2026,Procedure,CMS
86803,Hepatitis c ab test,0.0,2026,Procedure,CMS
86804,Hep c ab test confirm,0.0,2026,Procedure,CMS
86805,Lymphocytotoxicity assay,0.0,2026,Procedure,CMS
86806,Lymphocytotoxicity assay,0.0,2026,Procedure,CMS
86807,Cytotoxic antibody screening,0.0,2026,Procedure,CMS
86808,Cytotoxic antibody screening,0.0,2026,Procedure,CMS
86812,Hla typing a b or c,0.0,2026,Procedure,CMS
86813,Hla typing a b or c,0.0,2026,Procedure,CMS
86816,Hla typing dr/dq,0.0,2026,Procedure,CMS
86817,Hla typing dr/dq,0.0,2026,Procedure,CMS
86821,Lymphocyte culture mixed,0.0,2026,Procedure,CMS
86825,Hla x-math non-cytotoxic,0.0,2026,Procedure,CMS
86826,Hla x-match noncytotoxc addl,0.0,2026,Procedure,CMS
86828,Hla class i&ii antibody qual,0.0,2026,Procedure,CMS
86829,Hla class i/ii antibody qual,0.0,2026,Procedure,CMS
86830,Hla class i phenotype qual,0.0,2026,Procedure,CMS
86831,Hla class ii phenotype qual,0.0,2026,Procedure,CMS
86832,Hla class i high defin qual,0.0,2026,Procedure,CMS
86833,Hla class ii high defin qual,0.0,2026,Procedure,CMS
86834,Hla class i semiquant panel,0.0,2026,Procedure,CMS
86835,Hla class ii semiquant panel,0.0,2026,Procedure,CMS
86849,Immunology procedure,0.0,2026,Procedure,CMS
86850,Rbc antibody screen,0.0,2026,Procedure,CMS
86860,Rbc antibody elution,0.0,2026,Procedure,CMS
86870,Rbc antibody identification,0.0,2026,Procedure,CMS
86880,Coombs test direct,0.0,2026,Procedure,CMS
86885,Coombs test indirect qual,0.0,2026,Procedure,CMS
86886,Coombs test indirect titer,0.0,2026,Procedure,CMS
86890,Autologous blood process,0.0,2026,Procedure,CMS
86891,Autologous blood op salvage,0.0,2026,Procedure,CMS
86900,Blood typing serologic abo,0.0,2026,Procedure,CMS
86901,Blood typing serologic rh(d),0.0,2026,Procedure,CMS
86902,Blood type antigen donor ea,0.0,2026,Procedure,CMS
86904,Blood typing patient serum,0.0,2026,Procedure,CMS
86905,Blood typing rbc antigens,0.0,2026,Procedure,CMS
86906,Bld typing serologic rh phnt,0.0,2026,Procedure,CMS
86910,Blood typing paternity test,0.0,2026,Procedure,CMS
86911,Blood typing antigen system,0.0,2026,Procedure,CMS
86920,Compatibility test spin,0.0,2026,Procedure,CMS
86921,Compatibility test incubate,0.0,2026,Procedure,CMS
86922,Compatibility test antiglob,0.0,2026,Procedure,CMS
86923,Compatibility test electric,0.0,2026,Procedure,CMS
86927,Plasma fresh frozen,0.0,2026,Procedure,CMS
86930,Frozen blood prep,0.0,2026,Procedure,CMS
86931,Frozen blood thaw,0.0,2026,Procedure,CMS
86932,Frozen blood freeze/thaw,0.0,2026,Procedure,CMS
86940,Hemolysins/agglutinins auto,0.0,2026,Procedure,CMS
86941,Hemolysins/agglutinins,0.0,2026,Procedure,CMS
86945,Blood product/irradiation,0.0,2026,Procedure,CMS
86950,Leukacyte transfusion,0.0,2026,Procedure,CMS
86960,Vol reduction of blood/prod,0.0,2026,Procedure,CMS
86965,Pooling blood platelets,0.0,2026,Procedure,CMS
86970,Rbc pretx incubatj w/chemicl,0.0,2026,Procedure,CMS
86971,Rbc pretx incubatj w/enzymes,0.0,2026,Procedure,CMS
86972,Rbc pretx incubatj w/density,0.0,2026,Procedure,CMS
86975,Rbc serum pretx incubj drugs,0.0,2026,Procedure,CMS
86976,Rbc serum pretx id dilution,0.0,2026,Procedure,CMS
86977,Rbc serum pretx incubj/inhib,0.0,2026,Procedure,CMS
86978,Rbc pretreatment serum,0.0,2026,Procedure,CMS
86985,Split blood or products,0.0,2026,Procedure,CMS
86999,Unlisted transfusion med px,0.0,2026,Procedure,CMS
87003,Small animal inoculation,0.0,2026,Procedure,CMS
87015,Specimen infect agnt concntj,0.0,2026,Procedure,CMS
87040,Blood culture for bacteria,0.0,2026,Procedure,CMS
87045,Feces culture aerobic bact,0.0,2026,Procedure,CMS
87046,Stool cultr aerobic bact ea,0.0,2026,Procedure,CMS
87070,Culture othr specimn aerobic,0.0,2026,Procedure,CMS
87071,Culture aerobic quant other,0.0,2026,Procedure,CMS
87073,Culture bacteria anaerobic,0.0,2026,Procedure,CMS
87075,Cultr bacteria except blood,0.0,2026,Procedure,CMS
87076,Culture anaerobe ident each,0.0,2026,Procedure,CMS
87077,Culture aerobic identify,0.0,2026,Procedure,CMS
87081,Culture screen only,0.0,2026,Procedure,CMS
87084,Culture of specimen by kit,0.0,2026,Procedure,CMS
87086,Urine culture/colony count,0.0,2026,Procedure,CMS
87088,Urine bacteria culture,0.0,2026,Procedure,CMS
87101,Skin fungi culture,0.0,2026,Procedure,CMS
87102,Fungus isolation culture,0.0,2026,Procedure,CMS
87103,Blood fungus culture,0.0,2026,Procedure,CMS
87106,Fungi identification yeast,0.0,2026,Procedure,CMS
87107,Fungi identification mold,0.0,2026,Procedure,CMS
87109,Mycoplasma,0.0,2026,Procedure,CMS
87110,Chlamydia culture,0.0,2026,Procedure,CMS
87116,Mycobacteria culture,0.0,2026,Procedure,CMS
87118,Mycobacteric identification,0.0,2026,Procedure,CMS
87140,Culture type immunofluoresc,0.0,2026,Procedure,CMS
87143,Culture typing glc/hplc,0.0,2026,Procedure,CMS
87147,Culture type immunologic,0.0,2026,Procedure,CMS
87149,Dna/rna direct probe,0.0,2026,Procedure,CMS
87150,Dna/rna amplified probe,0.0,2026,Procedure,CMS
87152,Culture type pulse field gel,0.0,2026,Procedure,CMS
87153,Dna/rna sequencing,0.0,2026,Procedure,CMS
87154,Cul typ id bld pthgn 6+ trgt,0.0,2026,Procedure,CMS
87158,Culture typing added method,0.0,2026,Procedure,CMS
87164,Dark field exam spec collj,0.0,2026,Procedure,CMS
87166,Dark field exam w/o collj,0.0,2026,Procedure,CMS
87168,Macroscopic exam arthropod,0.0,2026,Procedure,CMS
87169,Macroscopic exam parasite,0.0,2026,Procedure,CMS
87172,Pinworm exam,0.0,2026,Procedure,CMS
87176,Tissue homogenization cultr,0.0,2026,Procedure,CMS
87177,Ova and parasites smears,0.0,2026,Procedure,CMS
87181,Sc std agar dilution per agt,0.0,2026,Procedure,CMS
87182,Sc std carbapenemase nzm det,0.0,2026,Procedure,CMS
87183,Sc std carbapenem resist gen,0.0,2026,Procedure,CMS
87184,Sc std disk method per plate,0.0,2026,Procedure,CMS
87185,Sc std enzyme detcj per nzm,0.0,2026,Procedure,CMS
87186,Sc std microdil/agar dil,0.0,2026,Procedure,CMS
87187,Sc std microdil/agar mlc,0.0,2026,Procedure,CMS
87188,Sc std macrobroth dil meth,0.0,2026,Procedure,CMS
87190,Sc std myobacteria prop meth,0.0,2026,Procedure,CMS
87197,Serum bactericidal titer,0.0,2026,Procedure,CMS
87205,Smear gram stain,0.0,2026,Procedure,CMS
87206,Smear fluorescent/acid stai,0.0,2026,Procedure,CMS
87207,Smear special stain,0.0,2026,Procedure,CMS
87209,Smear complex stain,0.0,2026,Procedure,CMS
87210,Smear wet mount saline/ink,0.0,2026,Procedure,CMS
87220,Tissue exam for fungi,0.0,2026,Procedure,CMS
87230,Toxin/antitoxin asy tiss cul,0.0,2026,Procedure,CMS
87250,Virus inoculate eggs/animal,0.0,2026,Procedure,CMS
87252,Virus inoculation tissue,0.0,2026,Procedure,CMS
87253,Virus inoculate tissue addl,0.0,2026,Procedure,CMS
87254,Virus inoculation shell via,0.0,2026,Procedure,CMS
87255,Genet virus isolate hsv,0.0,2026,Procedure,CMS
87260,Adenovirus ag if,0.0,2026,Procedure,CMS
87265,Pertussis ag if,0.0,2026,Procedure,CMS
87267,Enterovirus antibody dfa,0.0,2026,Procedure,CMS
87269,Giardia ag if,0.0,2026,Procedure,CMS
87270,Chlamydia trachomatis ag if,0.0,2026,Procedure,CMS
87271,Cytomegalovirus dfa,0.0,2026,Procedure,CMS
87272,Cryptosporidium ag if,0.0,2026,Procedure,CMS
87273,Herpes simplex 2 ag if,0.0,2026,Procedure,CMS
87274,Herpes simplex 1 ag if,0.0,2026,Procedure,CMS
87275,Influenza b ag if,0.0,2026,Procedure,CMS
87276,Influenza a ag if,0.0,2026,Procedure,CMS
87278,Legion pneumophilia ag if,0.0,2026,Procedure,CMS
87279,Parainfluenza ag if,0.0,2026,Procedure,CMS
87280,Respiratory syncytial ag if,0.0,2026,Procedure,CMS
87281,Pneumocystis carinii ag if,0.0,2026,Procedure,CMS
87283,Rubeola ag if,0.0,2026,Procedure,CMS
87285,Treponema pallidum ag if,0.0,2026,Procedure,CMS
87290,Varicella zoster ag if,0.0,2026,Procedure,CMS
87299,Antibody detection nos if,0.0,2026,Procedure,CMS
87300,Ag detection polyval if,0.0,2026,Procedure,CMS
87301,Adenovirus ag ia,0.0,2026,Procedure,CMS
87305,Aspergillus ag ia,0.0,2026,Procedure,CMS
87320,Chlmyd trach ag ia,0.0,2026,Procedure,CMS
87324,Clostridium ag ia,0.0,2026,Procedure,CMS
87327,Cryptococcus neoform ag ia,0.0,2026,Procedure,CMS
87328,Cryptosporidium ag ia,0.0,2026,Procedure,CMS
87329,Giardia ag ia,0.0,2026,Procedure,CMS
87332,Cytomegalovirus ag ia,0.0,2026,Procedure,CMS
87335,E coli 0157 ag ia,0.0,2026,Procedure,CMS
87336,Entamoeb hist dispr ag ia,0.0,2026,Procedure,CMS
87337,Entamoeb hist group ag ia,0.0,2026,Procedure,CMS
87338,Hpylori stool ag ia,0.0,2026,Procedure,CMS
87339,H pylori ag ia,0.0,2026,Procedure,CMS
87340,Hepatitis b surface ag ia,0.0,2026,Procedure,CMS
87341,Hep b surface ag neutrlzj ia,0.0,2026,Procedure,CMS
87350,Hepatitis be ag ia,0.0,2026,Procedure,CMS
87380,Hepatitis delta agent ag ia,0.0,2026,Procedure,CMS
87385,Histoplasma capsul ag ia,0.0,2026,Procedure,CMS
87389,Hiv-1 ag w/hiv-1&-2 ab ag ia,0.0,2026,Procedure,CMS
87390,Hiv-1 ag ia,0.0,2026,Procedure,CMS
87391,Hiv-2 ag ia,0.0,2026,Procedure,CMS
87400,Influenza a/b each ag ia,0.0,2026,Procedure,CMS
87420,Resp syncytial virus ag ia,0.0,2026,Procedure,CMS
87425,Rotavirus ag ia,0.0,2026,Procedure,CMS
87426,Sarscov coronavirus ag ia,0.0,2026,Procedure,CMS
87427,Shiga-like toxin ag ia,0.0,2026,Procedure,CMS
87428,Sarscov & inf vir a&b ag ia,0.0,2026,Procedure,CMS
87430,Strep a ag ia,0.0,2026,Procedure,CMS
87449,Nos each organism ag ia,0.0,2026,Procedure,CMS
87451,Polyvalent mult org ea ag ia,0.0,2026,Procedure,CMS
87467,Hepatitis b surface ag quan,0.0,2026,Procedure,CMS
87468,Anaplsma phgcytophlm amp prb,0.0,2026,Procedure,CMS
87469,Babesia microti amp prb,0.0,2026,Procedure,CMS
87471,Bartonella dna amp probe,0.0,2026,Procedure,CMS
87472,Bartonella dna quant,0.0,2026,Procedure,CMS
87475,Lyme dis dna dir probe,0.0,2026,Procedure,CMS
87476,Lyme dis dna amp probe,0.0,2026,Procedure,CMS
87478,Borrelia miyamotoi amp prb,0.0,2026,Procedure,CMS
87480,Candida dna dir probe,0.0,2026,Procedure,CMS
87481,Candida dna amp probe,0.0,2026,Procedure,CMS
87482,Candida dna quant,0.0,2026,Procedure,CMS
87483,Cns dna amp probe type 12-25,0.0,2026,Procedure,CMS
87484,Ehrlicha chaffeensis amp prb,0.0,2026,Procedure,CMS
87485,Chlmyd pneum dna dir probe,0.0,2026,Procedure,CMS
87486,Chlmyd pneum dna amp probe,0.0,2026,Procedure,CMS
87487,Chlmyd pneum dna quant,0.0,2026,Procedure,CMS
87490,Chlmyd trach dna dir probe,0.0,2026,Procedure,CMS
87491,Chlmyd trach dna amp probe,0.0,2026,Procedure,CMS
87492,Chlmyd trach dna quant,0.0,2026,Procedure,CMS
87493,C diff amplified probe,0.0,2026,Procedure,CMS
87494,Chlmy trch&neisra gonor mult,0.0,2026,Procedure,CMS
87495,Cytomeg dna dir probe,0.0,2026,Procedure,CMS
87496,Cytomeg dna amp probe,0.0,2026,Procedure,CMS
87497,Cytomeg dna quant,0.0,2026,Procedure,CMS
87498,Enterovirus probe&revrs trns,0.0,2026,Procedure,CMS
87500,Vanomycin dna amp probe,0.0,2026,Procedure,CMS
87501,Influenza dna amp prob 1+,0.0,2026,Procedure,CMS
87502,Influenza dna amp probe,0.0,2026,Procedure,CMS
87503,Influenza dna amp prob addl,0.0,2026,Procedure,CMS
87505,Nfct agent detection gi,0.0,2026,Procedure,CMS
87506,Iadna-dna/rna probe tq 6-11,0.0,2026,Procedure,CMS
87507,Iadna-dna/rna probe tq 12-25,0.0,2026,Procedure,CMS
87510,Gardner vag dna dir probe,0.0,2026,Procedure,CMS
87511,Gardner vag dna amp probe,0.0,2026,Procedure,CMS
87512,Gardner vag dna quant,0.0,2026,Procedure,CMS
87513,H pylri clrthmcn rst amp prb,0.0,2026,Procedure,CMS
87516,Hepatitis b dna amp probe,0.0,2026,Procedure,CMS
87517,Hepatitis b dna quant,0.0,2026,Procedure,CMS
87520,Hepatitis c rna dir probe,0.0,2026,Procedure,CMS
87521,Hepatitis c probe&rvrs trnsc,0.0,2026,Procedure,CMS
87522,Hepatitis c revrs trnscrpj,0.0,2026,Procedure,CMS
87523,Hepatitis d quantification,0.0,2026,Procedure,CMS
87525,Hepatitis g dna dir probe,0.0,2026,Procedure,CMS
87526,Hepatitis g dna amp probe,0.0,2026,Procedure,CMS
87527,Hepatitis g dna quant,0.0,2026,Procedure,CMS
87528,Hsv dna dir probe,0.0,2026,Procedure,CMS
87529,Hsv dna amp probe,0.0,2026,Procedure,CMS
87530,Hsv dna quant,0.0,2026,Procedure,CMS
87531,Hhv-6 dna dir probe,0.0,2026,Procedure,CMS
87532,Hhv-6 dna amp probe,0.0,2026,Procedure,CMS
87533,Hhv-6 dna quant,0.0,2026,Procedure,CMS
87534,Hiv-1 dna dir probe,0.0,2026,Procedure,CMS
87535,Hiv-1 probe&reverse trnscrpj,0.0,2026,Procedure,CMS
87536,Hiv-1 quant&revrse trnscrpj,0.0,2026,Procedure,CMS
87537,Hiv-2 dna dir probe,0.0,2026,Procedure,CMS
87538,Hiv-2 probe&revrse trnscripj,0.0,2026,Procedure,CMS
87539,Hiv-2 quant&revrse trnscripj,0.0,2026,Procedure,CMS
87540,Legion pneumo dna dir prob,0.0,2026,Procedure,CMS
87541,Legion pneumo dna amp prob,0.0,2026,Procedure,CMS
87542,Legion pneumo dna quant,0.0,2026,Procedure,CMS
87550,Mycobacteria dna dir probe,0.0,2026,Procedure,CMS
87551,Mycobacteria dna amp probe,0.0,2026,Procedure,CMS
87552,Mycobacteria dna quant,0.0,2026,Procedure,CMS
87555,M.tuberculo dna dir probe,0.0,2026,Procedure,CMS
87556,M.tuberculo dna amp probe,0.0,2026,Procedure,CMS
87557,M.tuberculo dna quant,0.0,2026,Procedure,CMS
87560,M.avium-intra dna dir prob,0.0,2026,Procedure,CMS
87561,M.avium-intra dna amp prob,0.0,2026,Procedure,CMS
87562,M.avium-intra dna quant,0.0,2026,Procedure,CMS
87563,M. genitalium amp probe,0.0,2026,Procedure,CMS
87564,Mtb rifampin rst amp prb tq,0.0,2026,Procedure,CMS
87580,M.pneumon dna dir probe,0.0,2026,Procedure,CMS
87581,M.pneumon dna amp probe,0.0,2026,Procedure,CMS
87582,M.pneumon dna quant,0.0,2026,Procedure,CMS
87590,N.gonorrhoeae dna dir prob,0.0,2026,Procedure,CMS
87591,N.gonorrhoeae dna amp prob,0.0,2026,Procedure,CMS
87592,N.gonorrhoeae dna quant,0.0,2026,Procedure,CMS
87593,Orthopoxvirus amp prb each,0.0,2026,Procedure,CMS
87594,Pneumcysts jirovecii amp prb,0.0,2026,Procedure,CMS
87623,Hpv low-risk types,0.0,2026,Procedure,CMS
87624,Hpv hi-risk typ pooled rslt,0.0,2026,Procedure,CMS
87625,Hpv types 16 & 18 only,0.0,2026,Procedure,CMS
87626,Hpv sep hi-rsk typ&pool rslt,0.0,2026,Procedure,CMS
87627,Jt spc pthgn&rx rsist gen26+,0.0,2026,Procedure,CMS
87631,Resp virus 3-5 targets,0.0,2026,Procedure,CMS
87632,Resp virus 6-11 targets,0.0,2026,Procedure,CMS
87633,Resp virus 12-25 targets,0.0,2026,Procedure,CMS
87634,Rsv dna/rna amp probe,0.0,2026,Procedure,CMS
87635,Sars-cov-2 covid-19 amp prb,0.0,2026,Procedure,CMS
87636,Sarscov2 & inf a&b amp prb,0.0,2026,Procedure,CMS
87637,Sarscov2&inf a&b&rsv amp prb,0.0,2026,Procedure,CMS
87640,Staph a dna amp probe,0.0,2026,Procedure,CMS
87641,Mr-staph dna amp probe,0.0,2026,Procedure,CMS
87650,Strep a dna dir probe,0.0,2026,Procedure,CMS
87651,Strep a dna amp probe,0.0,2026,Procedure,CMS
87652,Strep a dna quant,0.0,2026,Procedure,CMS
87653,Strep b dna amp probe,0.0,2026,Procedure,CMS
87660,Trichomonas vagin dir probe,0.0,2026,Procedure,CMS
87661,Trichomonas vaginalis amplif,0.0,2026,Procedure,CMS
87662,Zika virus dna/rna amp probe,0.0,2026,Procedure,CMS
87797,Detect agent nos dna dir,0.0,2026,Procedure,CMS
87798,Detect agent nos dna amp,0.0,2026,Procedure,CMS
87799,Detect agent nos dna quant,0.0,2026,Procedure,CMS
87800,Detect agnt mult dna direc,0.0,2026,Procedure,CMS
87801,Detect agnt mult dna ampli,0.0,2026,Procedure,CMS
87802,Strep b assay w/optic,0.0,2026,Procedure,CMS
87803,Clostridium toxin a w/optic,0.0,2026,Procedure,CMS
87804,Influenza assay w/optic,0.0,2026,Procedure,CMS
87806,Hiv ag w/hiv1&2 antb w/optic,0.0,2026,Procedure,CMS
87807,Rsv assay w/optic,0.0,2026,Procedure,CMS
87808,Trichomonas assay w/optic,0.0,2026,Procedure,CMS
87809,Adenovirus assay w/optic,0.0,2026,Procedure,CMS
87810,Chlmyd trach assay w/optic,0.0,2026,Procedure,CMS
87811,Sars-cov-2 covid19 w/optic,0.0,2026,Procedure,CMS
87812,Sarscov2&inf typ a&b w/optic,0.0,2026,Procedure,CMS
87850,N. gonorrhoeae assay w/optic,0.0,2026,Procedure,CMS
87880,Strep a assay w/optic,0.0,2026,Procedure,CMS
87899,Agent nos assay w/optic,0.0,2026,Procedure,CMS
87900,Phenotype infect agent drug,0.0,2026,Procedure,CMS
87901,Nfct agt gntyp alys hiv1 rev,0.0,2026,Procedure,CMS
87902,Nfct agt gntyp alys hep c,0.0,2026,Procedure,CMS
87903,Phenotype dna hiv w/culture,0.0,2026,Procedure,CMS
87904,Phenotype dna hiv w/clt add,0.0,2026,Procedure,CMS
87905,Ia nzmtc actv oth/thn virus,0.0,2026,Procedure,CMS
87906,Nfct agt gntyp alys hiv1,0.0,2026,Procedure,CMS
87910,Nfct agt gntyp alys cmv,0.0,2026,Procedure,CMS
87912,Nfct agt gntyp alys hep b,0.0,2026,Procedure,CMS
87913,Nfct agt gntyp alys sarscov2,0.0,2026,Procedure,CMS
87999,Unlisted microbiology px,0.0,2026,Procedure,CMS
88000,Autopsy (necropsy) gross,0.0,2026,Procedure,CMS
88005,Autopsy (necropsy) gross,0.0,2026,Procedure,CMS
88007,Autopsy (necropsy) gross,0.0,2026,Procedure,CMS
88012,Autopsy (necropsy) gross,0.0,2026,Procedure,CMS
88014,Autopsy (necropsy) gross,0.0,2026,Procedure,CMS
88016,Autopsy (necropsy) gross,0.0,2026,Procedure,CMS
88020,Autopsy (necropsy) complete,0.0,2026,Procedure,CMS
88025,Autopsy (necropsy) complete,0.0,2026,Procedure,CMS
88027,Autopsy (necropsy) complete,0.0,2026,Procedure,CMS
88028,Autopsy (necropsy) complete,0.0,2026,Procedure,CMS
88029,Autopsy (necropsy) complete,0.0,2026,Procedure,CMS
88036,Limited autopsy,0.0,2026,Procedure,CMS
88037,Limited autopsy,0.0,2026,Procedure,CMS
88040,Forensic autopsy (necropsy),0.0,2026,Procedure,CMS
88045,Coroners autopsy (necropsy),0.0,2026,Procedure,CMS
88099,Unlisted necropsy (autopsy),0.0,2026,Procedure,CMS
88104,Cytopath fl nongyn smears,0.55,2026,Procedure,CMS
88106,Cytopath fl nongyn filter,0.36,2026,Procedure,CMS
88108,Cytopath concentrate tech,0.43,2026,Procedure,CMS
88112,Cytopath cell enhance tech,0.55,2026,Procedure,CMS
88120,Cytp urne 3-5 probes ea spec,1.17,2026,Procedure,CMS
88121,Cytp urine 3-5 probes cmptr,0.98,2026,Procedure,CMS
88125,Forensic cytopathology,0.25,2026,Procedure,CMS
88130,Sex chromatin identification,0.0,2026,Procedure,CMS
88140,Sex chromatin identification,0.0,2026,Procedure,CMS
88141,Cytopath c/v interpret,0.25,2026,Procedure,CMS
88142,Cytopath c/v thin layer,0.0,2026,Procedure,CMS
88143,Cytopath c/v thin layer redo,0.0,2026,Procedure,CMS
88147,Cytopath c/v automated,0.0,2026,Procedure,CMS
88148,Cytopath c/v auto rescreen,0.0,2026,Procedure,CMS
88150,Cytopath c/v manual,0.0,2026,Procedure,CMS
88152,Cytopath c/v auto redo,0.0,2026,Procedure,CMS
88153,Cytopath c/v redo,0.0,2026,Procedure,CMS
88155,Cytopath c/v index add-on,0.0,2026,Procedure,CMS
88160,Cytopath smear other source,0.49,2026,Procedure,CMS
88161,Cytopath smear other source,0.49,2026,Procedure,CMS
88162,Cytopath smear other source,0.74,2026,Procedure,CMS
88164,Cytopath tbs c/v manual,0.0,2026,Procedure,CMS
88165,Cytopath tbs c/v redo,0.0,2026,Procedure,CMS
88166,Cytopath tbs c/v auto redo,0.0,2026,Procedure,CMS
88167,Cytopath tbs c/v select,0.0,2026,Procedure,CMS
88172,Cytp dx eval fna 1st ea site,0.67,2026,Procedure,CMS
88173,Cytopath eval fna report,1.36,2026,Procedure,CMS
88174,Cytopath c/v auto in fluid,0.0,2026,Procedure,CMS
88175,Cytopath c/v auto fluid redo,0.0,2026,Procedure,CMS
88177,Cytp fna eval ea addl,0.41,2026,Procedure,CMS
88182,Cell marker study,0.75,2026,Procedure,CMS
88184,Flowcytometry/ tc 1 marker,0.0,2026,Procedure,CMS
88185,Flowcytometry/tc add-on,0.0,2026,Procedure,CMS
88187,Flowcytometry/read 2-8,0.72,2026,Procedure,CMS
88188,Flowcytometry/read 9-15,1.17,2026,Procedure,CMS
88189,Flowcytometry/read 16 & >,1.66,2026,Procedure,CMS
88199,Unlisted cytopathology px,0.0,2026,Procedure,CMS
88230,Tissue culture lymphocyte,0.0,2026,Procedure,CMS
88233,Tissue culture skin/biopsy,0.0,2026,Procedure,CMS
88235,Tissue culture placenta,0.0,2026,Procedure,CMS
88237,Tissue culture bone marrow,0.0,2026,Procedure,CMS
88239,Tissue culture tumor,0.0,2026,Procedure,CMS
88240,Cell cryopreserve/storage,0.0,2026,Procedure,CMS
88241,Frozen cell preparation,0.0,2026,Procedure,CMS
88245,Chromosome analysis 20-25,0.0,2026,Procedure,CMS
88248,Chromosome analysis 50-100,0.0,2026,Procedure,CMS
88249,Chromosome analysis 100,0.0,2026,Procedure,CMS
88261,Chromosome analysis 5,0.0,2026,Procedure,CMS
88262,Chromosome analysis 15-20,0.0,2026,Procedure,CMS
88263,Chromosome analysis 45,0.0,2026,Procedure,CMS
88264,Chromosome analysis 20-25,0.0,2026,Procedure,CMS
88267,Chromosome analys placenta,0.0,2026,Procedure,CMS
88269,Chromosome analys amniotic,0.0,2026,Procedure,CMS
88271,Cytogenetics dna probe,0.0,2026,Procedure,CMS
88272,Cytogenetics 3-5,0.0,2026,Procedure,CMS
88273,Cytogenetics 10-30,0.0,2026,Procedure,CMS
88274,Cytogenetics 25-99,0.0,2026,Procedure,CMS
88275,Cytogenetics 100-300,0.0,2026,Procedure,CMS
88280,Chromosome karyotype study,0.0,2026,Procedure,CMS
88283,Chromosome banding study,0.0,2026,Procedure,CMS
88285,Chromosome count additional,0.0,2026,Procedure,CMS
88289,Chromosome study additional,0.0,2026,Procedure,CMS
88291,Cyto/molecular report,0.51,2026,Procedure,CMS
88299,Unlisted cytogenetic study,0.0,2026,Procedure,CMS
88300,Surgical path gross,0.08,2026,Procedure,CMS
88302,Tissue exam by pathologist,0.13,2026,Procedure,CMS
88304,Tissue exam by pathologist,0.21,2026,Procedure,CMS
88305,Tissue exam by pathologist,0.73,2026,Procedure,CMS
88307,Tissue exam by pathologist,1.55,2026,Procedure,CMS
88309,Tissue exam by pathologist,2.73,2026,Procedure,CMS
88311,Decalcify tissue,0.23,2026,Procedure,CMS
88312,Special stains group 1,0.53,2026,Procedure,CMS
88313,Special stains group 2,0.23,2026,Procedure,CMS
88314,Histochemical stains add-on,0.44,2026,Procedure,CMS
88319,Enzyme histochemistry,0.52,2026,Procedure,CMS
88321,Consltj&reprt sld prep elswr,1.59,2026,Procedure,CMS
88323,Consltj&reprt matrl prep sld,1.78,2026,Procedure,CMS
88325,Consltj compre rvw rec reprt,2.78,2026,Procedure,CMS
88329,Path consltj drg surg,0.65,2026,Procedure,CMS
88331,Path consltj surg 1 blk 1spc,1.16,2026,Procedure,CMS
88332,Path consltj surg ea add blk,0.58,2026,Procedure,CMS
88333,Path consltj surg cyto xm 1,1.17,2026,Procedure,CMS
88334,Path consltj surg cyto xm ea,0.71,2026,Procedure,CMS
88341,Imhchem/imcytchm ea add antb,0.55,2026,Procedure,CMS
88342,Imhchem/imcytchm 1st antb,0.68,2026,Procedure,CMS
88344,Imhchem/imcytchm ea mlt antb,0.75,2026,Procedure,CMS
88346,Imfluor 1st 1antb stain px,0.72,2026,Procedure,CMS
88348,Electron microscopy dx,1.47,2026,Procedure,CMS
88350,Imfluor ea addl 1antb stn px,0.58,2026,Procedure,CMS
88355,M/phmtrc alys skeletal musc,1.8,2026,Procedure,CMS
88356,Analysis nerve,2.73,2026,Procedure,CMS
88358,Analysis tumor,0.93,2026,Procedure,CMS
88360,Tumor immunohistochem/manual,0.83,2026,Procedure,CMS
88361,Tumor immunohistochem/comput,0.93,2026,Procedure,CMS
88362,Nerve teasing preparations,2.12,2026,Procedure,CMS
88363,Xm archive tissue molec anal,0.36,2026,Procedure,CMS
88364,Insitu hybridization (fish),0.68,2026,Procedure,CMS
88365,Insitu hybridization (fish),0.86,2026,Procedure,CMS
88366,Insitu hybridization (fish),1.21,2026,Procedure,CMS
88367,Insitu hybridization auto,0.71,2026,Procedure,CMS
88368,Insitu hybridization manual,0.86,2026,Procedure,CMS
88369,M/phmtrc alysishquant/semiq,0.68,2026,Procedure,CMS
88371,Protein western blot tissue,0.0,2026,Procedure,CMS
88372,Protein analysis w/probe,0.0,2026,Procedure,CMS
88373,M/phmtrc alys ishquant/semiq,0.57,2026,Procedure,CMS
88374,M/phmtrc alys ishquant/semiq,0.91,2026,Procedure,CMS
88375,Optical endomicroscpy interp,0.89,2026,Procedure,CMS
88377,M/phmtrc alys ishquant/semiq,1.37,2026,Procedure,CMS
88380,Microdissection laser,1.11,2026,Procedure,CMS
88381,Microdissection manual,0.52,2026,Procedure,CMS
88387,Macroscopic xm dsj&prep tiss,0.6,2026,Procedure,CMS
88399,Unlisted surgical path px,0.0,2026,Procedure,CMS
88720,Bilirubin total transcut,0.0,2026,Procedure,CMS
88738,Hgb quant transcutaneous,0.0,2026,Procedure,CMS
88740,Transcutaneous carboxyhb,0.0,2026,Procedure,CMS
88741,Transcutaneous methb,0.0,2026,Procedure,CMS
88749,Unlisted in vivo lab service,0.0,2026,Procedure,CMS
89049,Chct for mal hyperthermia,1.37,2026,Procedure,CMS
89050,Body fluid cell count,0.0,2026,Procedure,CMS
89051,Body fluid cell count,0.0,2026,Procedure,CMS
89055,Leukocyte assessment fecal,0.0,2026,Procedure,CMS
89060,Exam synovial fluid crystals,0.0,2026,Procedure,CMS
89125,Specimen fat stain,0.0,2026,Procedure,CMS
89160,Exam feces for meat fibers,0.0,2026,Procedure,CMS
89190,Nasal smear for eosinophils,0.0,2026,Procedure,CMS
89220,Sputum specimen collection,0.0,2026,Procedure,CMS
89230,Collect sweat for test,0.0,2026,Procedure,CMS
89240,Unlisted misc path test,0.0,2026,Procedure,CMS
89250,Cultr oocyte/embryo <4 days,0.0,2026,Procedure,CMS
89251,Cultr oocyte/embryo <4 days,0.0,2026,Procedure,CMS
89253,Embryo hatching,0.0,2026,Procedure,CMS
89254,Oocyte identification,0.0,2026,Procedure,CMS
89255,Prepare embryo for transfer,0.0,2026,Procedure,CMS
89257,Sperm identification,0.0,2026,Procedure,CMS
89258,Cryopreservation embryo(s),0.0,2026,Procedure,CMS
89259,Cryopreservation sperm,0.0,2026,Procedure,CMS
89260,Sperm isolation simple,0.0,2026,Procedure,CMS
89261,Sperm isolation complex,0.0,2026,Procedure,CMS
89264,Identify sperm tissue,0.0,2026,Procedure,CMS
89268,Insemination of oocytes,0.0,2026,Procedure,CMS
89272,Extended culture of oocytes,0.0,2026,Procedure,CMS
89280,Assist oocyte fertilization,0.0,2026,Procedure,CMS
89281,Assist oocyte fertilization,0.0,2026,Procedure,CMS
89290,Biopsy oocyte polar body <=5,0.0,2026,Procedure,CMS
89291,Biopsy oocyte polar body,0.0,2026,Procedure,CMS
89300,Semen analysis w/huhner,0.0,2026,Procedure,CMS
89310,Semen analysis w/count,0.0,2026,Procedure,CMS
89320,Semen anal vol/count/mot,0.0,2026,Procedure,CMS
89321,Semen anal sperm detection,0.0,2026,Procedure,CMS
89322,Semen anal strict criteria,0.0,2026,Procedure,CMS
89325,Sperm antibody test,0.0,2026,Procedure,CMS
89329,Sperm evaluation test,0.0,2026,Procedure,CMS
89330,Evaluation cervical mucus,0.0,2026,Procedure,CMS
89331,Retrograde ejaculation anal,0.0,2026,Procedure,CMS
89335,Cryopreserve testicular tiss,0.0,2026,Procedure,CMS
89337,Cryopreservation oocyte(s),0.0,2026,Procedure,CMS
89342,Storage/year embryo(s),0.0,2026,Procedure,CMS
89343,Storage/year sperm/semen,0.0,2026,Procedure,CMS
89344,Storage/year reprod tissue,0.0,2026,Procedure,CMS
89346,Storage/year oocyte(s),0.0,2026,Procedure,CMS
89352,Thawing cryopresrved embryo,0.0,2026,Procedure,CMS
89353,Thawing cryopresrved sperm,0.0,2026,Procedure,CMS
89354,Thaw cryoprsvrd reprod tiss,0.0,2026,Procedure,CMS
89356,Thawing cryopresrved oocyte,0.0,2026,Procedure,CMS
89398,Unlisted reprod med lab proc,0.0,2026,Procedure,CMS
9001F,Aortic aneurysm<5cm diam ct,0.0,2026,Procedure,CMS
9002F,Aortic aneurysm 5-5.4cm diam,0.0,2026,Procedure,CMS
9003F,Aortic anrysm5.5-5.9cm diam,0.0,2026,Procedure,CMS
9004F,Aortic anrysm 6/> cm diam,0.0,2026,Procedure,CMS
9005F,Asympt carot/vrtbrbas sten,0.0,2026,Procedure,CMS
9006F,Sympt sten-tia/strk<120days,0.0,2026,Procedure,CMS
9007F,Other carot sten 120 days/>,0.0,2026,Procedure,CMS
90281,Human ig im,0.0,2026,Procedure,CMS
90283,Human ig iv,0.0,2026,Procedure,CMS
90284,Human ig sc,0.0,2026,Procedure,CMS
90287,Botulinum antitoxin,0.0,2026,Procedure,CMS
90288,Botulism ig iv,0.0,2026,Procedure,CMS
90291,Cmv ig iv,0.0,2026,Procedure,CMS
90296,Diphtheria antitoxin,0.0,2026,Procedure,CMS
90371,Hep b ig im,0.0,2026,Procedure,CMS
90375,Rabies ig im/sc,0.0,2026,Procedure,CMS
90376,Rabies ig heat treated,0.0,2026,Procedure,CMS
90377,Rabies ig ht&sol human im/sc,0.0,2026,Procedure,CMS
90378,Rsv mab im 50mg,0.0,2026,Procedure,CMS
90380,Rsv monoc antb seasn .5ml im,0.0,2026,Procedure,CMS
90381,Rsv monoc antb seasn 1 ml im,0.0,2026,Procedure,CMS
90382,Rsv monoc antb seasn .7ml im,0.0,2026,Procedure,CMS
90384,Rh ig full-dose im,0.0,2026,Procedure,CMS
90385,Rh ig minidose im,0.0,2026,Procedure,CMS
90386,Rh ig iv,0.0,2026,Procedure,CMS
90389,Tetanus ig im,0.0,2026,Procedure,CMS
90393,Vaccina ig im,0.0,2026,Procedure,CMS
90396,Varicella-zoster ig im,0.0,2026,Procedure,CMS
90399,Unlisted immune globulin,0.0,2026,Procedure,CMS
90460,Im admin 1st/only component,0.23,2026,Procedure,CMS
90461,Im admin each addl component,0.18,2026,Procedure,CMS
90471,Immunization admin,0.17,2026,Procedure,CMS
90472,Immunization admin each add,0.15,2026,Procedure,CMS
90473,Immune admin oral/nasal,0.17,2026,Procedure,CMS
90474,Immune admin oral/nasal addl,0.15,2026,Procedure,CMS
90476,Adenovirus vaccine type 4,0.0,2026,Procedure,CMS
90477,Adenovirus vaccine type 7,0.0,2026,Procedure,CMS
90480,Admn sarscov2 vac 1/only cmp,0.24,2026,Procedure,CMS
90481,Admn sarscov2 vac ea add cmp,0.0,2026,Procedure,CMS
90482,Imm cnsl not admn sm 3<10,0.24,2026,Procedure,CMS
90483,Imm cnsl not admn sm>10<20,0.5,2026,Procedure,CMS
90484,Imm cnsl not admn sm>20,0.75,2026,Procedure,CMS
90581,Anthrax vaccine sc or im,0.0,2026,Procedure,CMS
90584,Dengue vacc quad 2 dose subq,0.0,2026,Procedure,CMS
90585,Bcg vaccine percut,0.0,2026,Procedure,CMS
90586,Bcg vaccine intravesical,0.0,2026,Procedure,CMS
90587,Dengue vacc quad 3 dose subq,0.0,2026,Procedure,CMS
90589,Chikungunya vaccine live im,0.0,2026,Procedure,CMS
90593,Chikungunya vacc recomb im,0.0,2026,Procedure,CMS
90611,Smallpox&monkeypox vac 0.5ml,0.0,2026,Procedure,CMS
90612,Inf&sarscov2 vacc 31.7/.32im,0.0,2026,Procedure,CMS
90613,Inf&sarscov2 vacc 40/0.4 im,0.0,2026,Procedure,CMS
90619,Menacwy-tt vaccine im,0.0,2026,Procedure,CMS
90620,Menb-4c vaccine im,0.0,2026,Procedure,CMS
90621,Menb-fhbp vacc 2/3 dose im,0.0,2026,Procedure,CMS
90622,Vaccinia vrs vac 0.3 ml perq,0.0,2026,Procedure,CMS
90623,Menacwy-tt menb-fhbp vacc im,0.0,2026,Procedure,CMS
90624,Menb-4c&menacwy vacc im,0.0,2026,Procedure,CMS
90625,Cholera vaccine live oral,0.0,2026,Procedure,CMS
90626,Tic-brn enceph vac 0.25ml im,0.0,2026,Procedure,CMS
90627,Tic-brn enceph vac 0.5ml im,0.0,2026,Procedure,CMS
90631,H5 vaccine pandemic im use,0.0,2026,Procedure,CMS
90632,Hepa vaccine adult im,0.0,2026,Procedure,CMS
90633,Hepa vacc ped/adol 2 dose im,0.0,2026,Procedure,CMS
90634,Hepa vacc ped/adol 3 dose,0.0,2026,Procedure,CMS
90635,H5n1 vacc drv cll cul adj im,0.0,2026,Procedure,CMS
90636,Hep a/hep b vacc adult im,0.0,2026,Procedure,CMS
90637,Vacc qirv mrna 30mcg/.5ml im,0.0,2026,Procedure,CMS
90638,Vacc qirv mrna 60mcg/.5ml im,0.0,2026,Procedure,CMS
90644,Hib-mency vacc 6wk-18m0 im,0.0,2026,Procedure,CMS
90647,Hib prp-omp vacc 3 dose im,0.0,2026,Procedure,CMS
90648,Hib prp-t vaccine 4 dose im,0.0,2026,Procedure,CMS
90649,4vhpv vaccine 3 dose im,0.0,2026,Procedure,CMS
90650,2vhpv vaccine 3 dose im,0.0,2026,Procedure,CMS
90651,9vhpv vaccine 2/3 dose im,0.0,2026,Procedure,CMS
90653,Iiv adjuvant vaccine im,0.0,2026,Procedure,CMS
90655,Iiv3 vacc no prsv 0.25 ml im,0.0,2026,Procedure,CMS
90656,Iiv3 vacc no prsv 0.5 ml im,0.0,2026,Procedure,CMS
90657,Iiv3 vaccine splt 0.25 ml im,0.0,2026,Procedure,CMS
90658,Iiv3 vaccine splt 0.5 ml im,0.0,2026,Procedure,CMS
90660,Laiv3 vaccine intranasal,0.0,2026,Procedure,CMS
90661,Cciiv3 vac abx fr 0.5 ml im,0.0,2026,Procedure,CMS
90662,Iiv no prsv increased ag im,0.0,2026,Procedure,CMS
90664,Laiv vacc pandemic intranasl,0.0,2026,Procedure,CMS
90666,Flu vac pandem prsrv free im,0.0,2026,Procedure,CMS
90667,Iiv vacc pandemic adjuvt im,0.0,2026,Procedure,CMS
90668,Iiv vaccine pandemic im,0.0,2026,Procedure,CMS
90670,Pcv13 vaccine im,0.0,2026,Procedure,CMS
90671,Pcv15 vaccine im,0.0,2026,Procedure,CMS
90672,Laiv4 vaccine intranasal,0.0,2026,Procedure,CMS
90673,Riv3 vaccine no preserv im,0.0,2026,Procedure,CMS
90674,Cciiv4 vac no prsv 0.5 ml im,0.0,2026,Procedure,CMS
90675,Rabies vaccine im,0.0,2026,Procedure,CMS
90676,Rabies vaccine id,0.0,2026,Procedure,CMS
90677,Pcv20 vaccine im,0.0,2026,Procedure,CMS
90678,Rsv vacc pref bivalent im,0.0,2026,Procedure,CMS
90679,Rsv vacc pref recomb adjt im,0.0,2026,Procedure,CMS
90680,Rv5 vacc 3 dose live oral,0.0,2026,Procedure,CMS
90681,Rv1 vacc 2 dose live oral,0.0,2026,Procedure,CMS
90682,Riv4 vacc recombinant dna im,0.0,2026,Procedure,CMS
90683,Rsv vacc mrna lipid nano im,0.0,2026,Procedure,CMS
90684,Pcv21 vaccine im,0.0,2026,Procedure,CMS
90685,Iiv4 vacc no prsv 0.25 ml im,0.0,2026,Procedure,CMS
90686,Iiv4 vacc no prsv 0.5 ml im,0.0,2026,Procedure,CMS
90687,Iiv4 vaccine splt 0.25 ml im,0.0,2026,Procedure,CMS
90688,Iiv4 vaccine splt 0.5 ml im,0.0,2026,Procedure,CMS
90689,Vacc iiv4 no prsrv 0.25ml im,0.0,2026,Procedure,CMS
90690,Typhoid vaccine oral,0.0,2026,Procedure,CMS
90691,Typhoid vaccine im,0.0,2026,Procedure,CMS
90694,Vacc aiiv4 no prsrv 0.5ml im,0.0,2026,Procedure,CMS
90695,H5n8 vacc drv cll cul adj im,0.0,2026,Procedure,CMS
90696,Dtap-ipv vaccine 4-6 yrs im,0.0,2026,Procedure,CMS
90697,Dtap-ipv-hib-hepb vaccine im,0.0,2026,Procedure,CMS
90698,Dtap-ipv/hib vaccine im,0.0,2026,Procedure,CMS
90700,Dtap vaccine < 7 yrs im,0.0,2026,Procedure,CMS
90702,Dt vaccine under 7 yrs im,0.0,2026,Procedure,CMS
90707,Mmr vaccine sc,0.0,2026,Procedure,CMS
90710,Mmrv vaccine sc,0.0,2026,Procedure,CMS
90713,Poliovirus ipv sc/im,0.0,2026,Procedure,CMS
90714,Td vacc no presv 7 yrs+ im,0.0,2026,Procedure,CMS
90715,Tdap vaccine 7 yrs/> im,0.0,2026,Procedure,CMS
90716,Var vaccine live subq,0.0,2026,Procedure,CMS
90717,Yellow fever vaccine subq,0.0,2026,Procedure,CMS
90723,Dtap-hep b-ipv vaccine im,0.0,2026,Procedure,CMS
90732,Ppsv23 vacc 2 yrs+ subq/im,0.0,2026,Procedure,CMS
90733,Mpsv4 vaccine subq,0.0,2026,Procedure,CMS
90734,Menacwyd/menacwycrm vacc im,0.0,2026,Procedure,CMS
90736,Hzv vaccine live subq,0.0,2026,Procedure,CMS
90738,Inactivated je vacc im,0.0,2026,Procedure,CMS
90739,Hepb vacc 2/4 dose adult im,0.0,2026,Procedure,CMS
90740,Hepb vacc 3 dose immunsup im,0.0,2026,Procedure,CMS
90743,Hepb vacc 2 dose adolesc im,0.0,2026,Procedure,CMS
90744,Hepb vacc 3 dose ped/adol im,0.0,2026,Procedure,CMS
90746,Hepb vaccine 3 dose adult im,0.0,2026,Procedure,CMS
90747,Hepb vacc 4 dose immunsup im,0.0,2026,Procedure,CMS
90748,Hib-hepb vaccine im,0.0,2026,Procedure,CMS
90749,Unlisted vaccine/toxoid,0.0,2026,Procedure,CMS
90750,Hzv vacc recombinant im,0.0,2026,Procedure,CMS
90756,Cciiv4 vacc abx free im,0.0,2026,Procedure,CMS
90758,Zaire ebolavirus vac live im,0.0,2026,Procedure,CMS
90759,Hep b vac 3ag 10mcg 3 dos im,0.0,2026,Procedure,CMS
90785,Psytx complex interactive,0.33,2026,Procedure,CMS
90791,Psych diagnostic evaluation,3.84,2026,Procedure,CMS
90792,Psych diag eval w/med srvcs,4.16,2026,Procedure,CMS
90832,Psytx w pt 30 minutes,1.94,2026,Procedure,CMS
90833,Psytx w pt w e/m 30 min,1.71,2026,Procedure,CMS
90834,Psytx w pt 45 minutes,2.56,2026,Procedure,CMS
90836,Psytx w pt w e/m 45 min,2.17,2026,Procedure,CMS
90837,Psytx w pt 60 minutes,3.78,2026,Procedure,CMS
90838,Psytx w pt w e/m 60 min,2.86,2026,Procedure,CMS
90839,Psytx crisis initial 60 min,3.58,2026,Procedure,CMS
90840,Psytx crisis ea addl 30 min,1.71,2026,Procedure,CMS
90845,Psychoanalysis,2.4,2026,Procedure,CMS
90846,Family psytx w/o pt 50 min,2.74,2026,Procedure,CMS
90847,Family psytx w/pt 50 min,2.86,2026,Procedure,CMS
90849,Multiple family group psytx,0.67,2026,Procedure,CMS
90853,Group psychotherapy,0.67,2026,Procedure,CMS
90863,Pharmacologic mgmt w/psytx,0.48,2026,Procedure,CMS
90865,Narcosynthesis,2.84,2026,Procedure,CMS
90867,Tcranial magn stim tx plan,0.0,2026,Procedure,CMS
90868,Tcranial magn stim tx deli,0.0,2026,Procedure,CMS
90869,Tcran magn stim redetemine,0.0,2026,Procedure,CMS
90870,Electroconvulsive therapy,2.5,2026,Procedure,CMS
90875,Psychophysiological therapy,1.2,2026,Procedure,CMS
90876,Psychophysiological therapy,1.9,2026,Procedure,CMS
90880,Hypnotherapy,2.19,2026,Procedure,CMS
90882,Envrn ivntj med mgmt psyc pt,0.0,2026,Procedure,CMS
90885,Psy evaluation of records,0.97,2026,Procedure,CMS
90887,Interpj/explnaj rslt psyc xm,1.48,2026,Procedure,CMS
90889,Preparation of report,0.0,2026,Procedure,CMS
90899,Unlisted psyc svc/therapy,0.0,2026,Procedure,CMS
90901,Biofeedback train any meth,0.41,2026,Procedure,CMS
90912,Bfb training 1st 15 min,0.9,2026,Procedure,CMS
90913,Bfb training ea addl 15 min,0.5,2026,Procedure,CMS
90935,Hemodialysis one evaluation,1.44,2026,Procedure,CMS
90937,Hemodialysis repeated eval,2.06,2026,Procedure,CMS
90940,Hemodialysis access study,0.0,2026,Procedure,CMS
90945,Dialysis one evaluation,1.52,2026,Procedure,CMS
90947,Dialysis repeated eval,2.46,2026,Procedure,CMS
90951,Esrd serv 4 visits p mo <2yr,23.92,2026,Procedure,CMS
90952,Esrd serv 2-3 vsts p mo <2yr,0.0,2026,Procedure,CMS
90953,Esrd serv 1 visit p mo <2yrs,0.0,2026,Procedure,CMS
90954,Esrd serv 4 vsts p mo 2-11,20.86,2026,Procedure,CMS
90955,Esrd srv 2-3 vsts p mo 2-11,10.32,2026,Procedure,CMS
90956,Esrd srv 1 visit p mo 2-11,6.64,2026,Procedure,CMS
90957,Esrd srv 4 vsts p mo 12-19,15.46,2026,Procedure,CMS
90958,Esrd srv 2-3 vsts p mo 12-19,9.87,2026,Procedure,CMS
90959,Esrd serv 1 vst p mo 12-19,6.19,2026,Procedure,CMS
90960,Esrd srv 4 visits p mo 20+,6.77,2026,Procedure,CMS
90961,Esrd srv 2-3 vsts p mo 20+,5.52,2026,Procedure,CMS
90962,Esrd serv 1 visit p mo 20+,3.57,2026,Procedure,CMS
90963,Esrd home pt serv p mo <2yrs,12.09,2026,Procedure,CMS
90964,Esrd home pt serv p mo 2-11,10.25,2026,Procedure,CMS
90965,Esrd home pt serv p mo 12-19,9.8,2026,Procedure,CMS
90966,Esrd home pt serv p mo 20+,5.52,2026,Procedure,CMS
90967,Esrd svc pr day pt <2,0.35,2026,Procedure,CMS
90968,Esrd svc pr day pt 2-11,0.34,2026,Procedure,CMS
90969,Esrd svc pr day pt 12-19,0.33,2026,Procedure,CMS
90970,Esrd svc pr day pt 20+,0.18,2026,Procedure,CMS
90989,Dialysis training complete,0.0,2026,Procedure,CMS
90993,Dialysis training incompl,0.0,2026,Procedure,CMS
90997,Hemoperfusion,1.79,2026,Procedure,CMS
90999,Unlisted dialysis procedure,0.0,2026,Procedure,CMS
91010,Esophagus motility study,1.25,2026,Procedure,CMS
91013,Esophgl motil w/stim/perfus,0.18,2026,Procedure,CMS
91020,Gastric motility studies,1.4,2026,Procedure,CMS
91022,Duodenal motility study,1.4,2026,Procedure,CMS
91030,Acid perfusion of esophagus,0.89,2026,Procedure,CMS
91034,Gastroesophageal reflux test,0.95,2026,Procedure,CMS
91035,G-esoph reflx tst w/electrod,1.55,2026,Procedure,CMS
91037,Esoph imped function test,0.95,2026,Procedure,CMS
91038,Esoph imped funct test > 1hr,1.1,2026,Procedure,CMS
91040,Esoph balloon distension tst,0.95,2026,Procedure,CMS
91065,Breath hydrogen/methane test,0.2,2026,Procedure,CMS
91110,Gi trc img intral esoph-ile,2.18,2026,Procedure,CMS
91111,Gi trc img intral esophagus,0.88,2026,Procedure,CMS
91112,Gi wireless capsule measure,2.05,2026,Procedure,CMS
91113,Gi trc img intral colon i&r,2.35,2026,Procedure,CMS
91117,Colon motility 6 hr study,2.39,2026,Procedure,CMS
91124,Rct snsatn tone&cmplianc std,3.05,2026,Procedure,CMS
91125,Anrct mano rct snsatn&balo,2.7,2026,Procedure,CMS
91132,Electrogastrography,0.51,2026,Procedure,CMS
91133,Electrogastrography w/test,0.64,2026,Procedure,CMS
91200,Liver elastography,0.2,2026,Procedure,CMS
91299,Unlisted dx gi procedure,0.0,2026,Procedure,CMS
91304,Sarscov2 vac 5mcg/0.5ml im,0.0,2026,Procedure,CMS
91318,Sarscov2 vac 3mcg trs-suc im,0.0,2026,Procedure,CMS
91319,Sarscv2 vac 10mcg trs-suc im,0.0,2026,Procedure,CMS
91320,Sarscv2 vac 30mcg trs-suc im,0.0,2026,Procedure,CMS
91321,Sarscov2 vac 25 mcg/.25ml im,0.0,2026,Procedure,CMS
91322,Sarscov2 vac 50 mcg/0.5ml im,0.0,2026,Procedure,CMS
91323,Sarscov2 vac 10 mcg/0.2ml im,0.0,2026,Procedure,CMS
92002,Intrm oph exam new patient,0.88,2026,Procedure,CMS
92004,Compre oph exam new pt 1/>,1.82,2026,Procedure,CMS
92012,Intrm oph exam est patient,0.92,2026,Procedure,CMS
92014,Compre oph exam est pt 1/>,1.42,2026,Procedure,CMS
92015,Determine refractive state,0.37,2026,Procedure,CMS
92018,Compl oph exam general anes,2.44,2026,Procedure,CMS
92019,Lmtd oph exam general anes,1.28,2026,Procedure,CMS
92020,Gonioscopy,0.36,2026,Procedure,CMS
92025,Cptrized corneal topography,0.34,2026,Procedure,CMS
92060,Sensorimotor examination,0.67,2026,Procedure,CMS
92065,Orthop traing pfrmd phys/qhp,0.69,2026,Procedure,CMS
92066,Orthop traing supvj phys/qhp,0.0,2026,Procedure,CMS
92071,Contact lens fitting for tx,0.59,2026,Procedure,CMS
92072,Fitg c-lens keratoconus 1st,1.92,2026,Procedure,CMS
92081,Limited visual field xm,0.29,2026,Procedure,CMS
92082,Intermediate visual field xm,0.39,2026,Procedure,CMS
92083,Extended visual field xm,0.49,2026,Procedure,CMS
92100,Serial tonometry,0.59,2026,Procedure,CMS
92132,Cptrzd oph dx img ant sgm,0.28,2026,Procedure,CMS
92133,Cptrzd oph dx img pst sgm on,0.3,2026,Procedure,CMS
92134,Cptrz oph dx img pst sgm rta,0.31,2026,Procedure,CMS
92136,Ophthalmic biometry,0.53,2026,Procedure,CMS
92137,Cptrz oph img pst sg rta oct,0.62,2026,Procedure,CMS
92145,Corneal hysteresis deter,0.1,2026,Procedure,CMS
92201,Opscpy extnd rta draw uni/bi,0.39,2026,Procedure,CMS
92202,Opscpy extnd on/mac draw,0.25,2026,Procedure,CMS
92227,Img rta detcj/mntr ds staff,0.0,2026,Procedure,CMS
92228,Img rta detc/mntr ds phy/qhp,0.31,2026,Procedure,CMS
92229,Img rta detc/mntr ds poc aly,0.0,2026,Procedure,CMS
92230,Fluorescein angioscopy i&r,0.59,2026,Procedure,CMS
92235,Fluorescein angrph mltiframe,0.73,2026,Procedure,CMS
92240,Icg angiography i&r uni/bi,0.78,2026,Procedure,CMS
92242,Fluorescein&icg angiography,0.93,2026,Procedure,CMS
92250,Fundus photography w/i&r,0.39,2026,Procedure,CMS
92260,Ophthalmodynamometry,0.2,2026,Procedure,CMS
92265,Ndl oculoelectromyography 1+,0.79,2026,Procedure,CMS
92270,Electro-oculography w/i&r,0.79,2026,Procedure,CMS
92273,Full field erg w/i&r,0.67,2026,Procedure,CMS
92274,Multifocal erg w/i&r,0.59,2026,Procedure,CMS
92283,Extnd color vision xm,0.17,2026,Procedure,CMS
92284,Dx dark adaptation exam i&r,0.28,2026,Procedure,CMS
92285,External ocular photography,0.05,2026,Procedure,CMS
92286,Ant sgm img i&r speclr mic,0.39,2026,Procedure,CMS
92287,Ant sgm img ir flrscn angrph,0.39,2026,Procedure,CMS
92288,Scr dark adaptation meas i&r,0.17,2026,Procedure,CMS
92310,Contact lens fitting ou,1.14,2026,Procedure,CMS
92311,Contact lens fitg aphakia 1,1.05,2026,Procedure,CMS
92312,Contact lens fitg aphakia ou,1.23,2026,Procedure,CMS
92313,C-lens fitg corneosclrl lens,0.9,2026,Procedure,CMS
92314,C-lens fitg tech ou,0.67,2026,Procedure,CMS
92315,C-lens fitg tech aphakia 1,0.44,2026,Procedure,CMS
92316,C-lens fitg tech aphakia ou,0.66,2026,Procedure,CMS
92317,C-lens fitg tech corneosclrl,0.44,2026,Procedure,CMS
92325,Modification of contact lens,0.0,2026,Procedure,CMS
92326,Replacement of contact lens,0.0,2026,Procedure,CMS
92340,Fit spectacles monofocal,0.36,2026,Procedure,CMS
92341,Fit spectacles bifocal,0.46,2026,Procedure,CMS
92342,Fit spectacles multifocal,0.52,2026,Procedure,CMS
92352,Fit aphakia spectcl monofocl,0.36,2026,Procedure,CMS
92353,Fit aphakia spectcl multifoc,0.49,2026,Procedure,CMS
92354,Fitg spect low vis 1system,0.0,2026,Procedure,CMS
92355,Fitg spect lw vis cmpnd lens,0.0,2026,Procedure,CMS
92358,Aphakia prosth service temp,0.0,2026,Procedure,CMS
92370,Rpr&refitg spect xcp aphakia,0.31,2026,Procedure,CMS
92371,Rpr&refit spct prsth aphakia,0.0,2026,Procedure,CMS
92499,Unlisted oph svc/procedure,0.0,2026,Procedure,CMS
92502,Ear and throat examination,1.47,2026,Procedure,CMS
92504,Ear microscopy examination,0.18,2026,Procedure,CMS
92507,Tx sp lang voice comm indiv,1.3,2026,Procedure,CMS
92508,Tx sp lang voice comm group,0.33,2026,Procedure,CMS
92511,Nasopharyngoscopy,0.59,2026,Procedure,CMS
92512,Nasal function studies,0.54,2026,Procedure,CMS
92516,Facial nerve function test,0.42,2026,Procedure,CMS
92517,Vemp test i&r cervical,0.78,2026,Procedure,CMS
92518,Vemp test i&r ocular,0.78,2026,Procedure,CMS
92519,Vemp tst i&r cervical&ocular,1.17,2026,Procedure,CMS
92520,Laryngeal function studies,0.73,2026,Procedure,CMS
92521,Evaluation of speech fluency,2.24,2026,Procedure,CMS
92522,Evaluate speech production,1.92,2026,Procedure,CMS
92523,Speech sound lang comprehen,3.84,2026,Procedure,CMS
92524,Behavral qualit analys voice,1.92,2026,Procedure,CMS
92526,Oral function therapy,1.34,2026,Procedure,CMS
92531,Spontaneous nystagmus study,0.0,2026,Procedure,CMS
92532,Positional nystagmus test,0.0,2026,Procedure,CMS
92533,Caloric vestibular test,0.0,2026,Procedure,CMS
92534,Optokinetic nystagmus test,0.0,2026,Procedure,CMS
92537,Caloric vstblr test w/rec,0.59,2026,Procedure,CMS
92538,Caloric vstblr test w/rec,0.29,2026,Procedure,CMS
92540,Basic vestibular evaluation,1.46,2026,Procedure,CMS
92541,Spontaneous nystagmus test,0.39,2026,Procedure,CMS
92542,Positional nystagmus test,0.47,2026,Procedure,CMS
92544,Optokinetic nystagmus test,0.26,2026,Procedure,CMS
92545,Oscillating tracking test,0.24,2026,Procedure,CMS
92546,Sinusoidal rotational test,0.28,2026,Procedure,CMS
92547,Supplemental electrical test,0.0,2026,Procedure,CMS
92548,Cdp-sot 6 cond w/i&r,0.65,2026,Procedure,CMS
92549,Cdp-sot 6 cond w/i&r mct&adt,0.85,2026,Procedure,CMS
92550,Tympanometry & reflex thresh,0.35,2026,Procedure,CMS
92551,Pure tone hearing test air,0.0,2026,Procedure,CMS
92552,Pure tone audiometry air,0.0,2026,Procedure,CMS
92553,Audiometry air & bone,0.0,2026,Procedure,CMS
92555,Speech threshold audiometry,0.0,2026,Procedure,CMS
92556,Speech audiometry complete,0.0,2026,Procedure,CMS
92557,Comprehensive hearing test,0.6,2026,Procedure,CMS
92558,Evoked auditory test qual,0.17,2026,Procedure,CMS
92562,Loudness balance test,0.0,2026,Procedure,CMS
92563,Tone decay hearing test,0.0,2026,Procedure,CMS
92565,Stenger test pure tone,0.0,2026,Procedure,CMS
92567,Tympanometry,0.2,2026,Procedure,CMS
92568,Acoustic refl threshold tst,0.29,2026,Procedure,CMS
92570,Acoustic immitance testing,0.55,2026,Procedure,CMS
92571,Filtered speech test,0.0,2026,Procedure,CMS
92572,Staggered spondaic word test,0.0,2026,Procedure,CMS
92575,Sensorineural acuity lvl tst,0.0,2026,Procedure,CMS
92576,Synthetic sentence id test,0.0,2026,Procedure,CMS
92577,Stenger test speech,0.0,2026,Procedure,CMS
92579,Visual audiometry (vra),0.68,2026,Procedure,CMS
92582,Conditioning play audiometry,0.0,2026,Procedure,CMS
92583,Select picture audiometry,0.0,2026,Procedure,CMS
92584,Electrocochleography,0.98,2026,Procedure,CMS
92587,Evoked auditory test limited,0.35,2026,Procedure,CMS
92588,Evoked auditory tst complete,0.55,2026,Procedure,CMS
92596,Ear protector evaluation,0.0,2026,Procedure,CMS
92597,Oral speech device eval,1.23,2026,Procedure,CMS
92601,Cochlear implt f/up exam <7,2.3,2026,Procedure,CMS
92602,Reprogram cochlear implt <7,1.3,2026,Procedure,CMS
92603,Cochlear implt f/up exam 7/>,2.25,2026,Procedure,CMS
92604,Reprogram cochlear implt 7/>,1.25,2026,Procedure,CMS
92605,Ex for nonspeech device rx,1.75,2026,Procedure,CMS
92606,Non-speech device service,1.37,2026,Procedure,CMS
92607,Ex for speech device rx 1hr,1.85,2026,Procedure,CMS
92608,Ex for speech device rx addl,0.7,2026,Procedure,CMS
92609,Use of speech device service,1.5,2026,Procedure,CMS
92610,Evaluate swallowing function,1.3,2026,Procedure,CMS
92611,Motion fluoroscopy/swallow,1.31,2026,Procedure,CMS
92612,Endoscopy swallow (fees) vid,1.24,2026,Procedure,CMS
92613,Endoscopy swallow (fees) i&r,0.69,2026,Procedure,CMS
92614,Laryngoscopic sensory vid,1.24,2026,Procedure,CMS
92615,Laryngoscopic sensory i&r,0.61,2026,Procedure,CMS
92616,Fees w/laryngeal sense test,1.83,2026,Procedure,CMS
92617,Fees w/laryngeal sense i&r,0.77,2026,Procedure,CMS
92618,Ex for nonspeech dev rx add,0.65,2026,Procedure,CMS
92620,Auditory function 60 min,1.5,2026,Procedure,CMS
92621,Auditory function + 15 min,0.35,2026,Procedure,CMS
92622,Dx aly aud oi snd prcsr 1st,1.25,2026,Procedure,CMS
92623,Dx aly aud oi snd prcsr each,0.33,2026,Procedure,CMS
92625,Tinnitus assessment,1.15,2026,Procedure,CMS
92626,Eval aud funcj 1st hour,1.4,2026,Procedure,CMS
92627,Eval aud funcj ea addl 15,0.33,2026,Procedure,CMS
92628,Eval hearing aid cand 1st 30,0.0,2026,Procedure,CMS
92629,Eval hearing aid cand ea add,0.0,2026,Procedure,CMS
92630,Aud rehab pre-ling hear loss,0.0,2026,Procedure,CMS
92631,Hearing aid slctn svc 1st 30,0.0,2026,Procedure,CMS
92632,Hearing aid slctn svc ea add,0.0,2026,Procedure,CMS
92633,Aud rehab postling hear loss,0.0,2026,Procedure,CMS
92634,Hearing aid fitg svc 1st 60,0.0,2026,Procedure,CMS
92635,Hearing aid fitg svc ea addl,0.0,2026,Procedure,CMS
92636,Hearing aid post-fitg f-up 1,0.0,2026,Procedure,CMS
92637,Hearing aid pst-fitg f-up ea,0.0,2026,Procedure,CMS
92638,Bhvl verif of amplification,0.0,2026,Procedure,CMS
92639,Hearing aid meas verif,0.0,2026,Procedure,CMS
92640,Aud brainstem implt programg,1.76,2026,Procedure,CMS
92641,Hearing dev verif eacous aly,0.0,2026,Procedure,CMS
92642,Hearing asstv dev fitg svc,0.0,2026,Procedure,CMS
92650,Aep scr auditory potential,0.24,2026,Procedure,CMS
92651,Aep hearing status deter i&r,0.98,2026,Procedure,CMS
92652,Aep thrshld est mlt freq i&r,1.46,2026,Procedure,CMS
92653,Aep neurodiagnostic i&r,1.02,2026,Procedure,CMS
92700,Unlisted orl service/px,0.0,2026,Procedure,CMS
92920,Prq trluml c angiop 1art&/br,8.14,2026,Procedure,CMS
92924,Prq trluml c athrc 1 art&/br,9.88,2026,Procedure,CMS
92928,Prq tcat plmt ntrac st 1 les,9.75,2026,Procedure,CMS
92930,Prq tcat plmt ntrac st 2+les,12.0,2026,Procedure,CMS
92933,Prq trlml c athrc st angiop1,11.64,2026,Procedure,CMS
92937,Prq trluml revsc cab grf 1,11.02,2026,Procedure,CMS
92941,Prq trlml revsc tot occl ami,12.4,2026,Procedure,CMS
92943,Prq trluml revsc ch occ ant,13.35,2026,Procedure,CMS
92945,Prq trl rvs ch occ ant&rtrgr,15.0,2026,Procedure,CMS
92950,Heart/lung resuscitation cpr,3.9,2026,Procedure,CMS
92953,Temporary external pacing,0.01,2026,Procedure,CMS
92960,Cardioversion electric ext,1.95,2026,Procedure,CMS
92961,Cardioversion electric int,4.23,2026,Procedure,CMS
92970,Cardioassist internal,3.42,2026,Procedure,CMS
92971,Cardioassist external,1.73,2026,Procedure,CMS
92972,Perq trluml coronry lithotrp,2.9,2026,Procedure,CMS
92973,Prq trluml c mchn asp thrmbc,1.71,2026,Procedure,CMS
92974,Cath place cardio brachytx,2.93,2026,Procedure,CMS
92978,Endoluminl ivus oct c 1st,0.0,2026,Procedure,CMS
92979,Endoluminl ivus oct c ea,0.0,2026,Procedure,CMS
92986,Revision of aortic valve,22.04,2026,Procedure,CMS
92987,Revision of mitral valve,22.8,2026,Procedure,CMS
92990,Revision of pulmonary valve,17.81,2026,Procedure,CMS
92997,Pul art balloon repr percut,11.68,2026,Procedure,CMS
92998,Pul art balloon repr percut,5.84,2026,Procedure,CMS
93000,Electrocardiogram complete,0.17,2026,Procedure,CMS
93005,Electrocardiogram tracing,0.0,2026,Procedure,CMS
93010,Electrocardiogram report,0.17,2026,Procedure,CMS
93015,Cv stress test supvj i&r,0.73,2026,Procedure,CMS
93016,Cv stress test supvj only,0.44,2026,Procedure,CMS
93017,Cv stress test tracing only,0.0,2026,Procedure,CMS
93018,Cv stress test i&r only,0.29,2026,Procedure,CMS
93024,Ergonovine provocation test,1.14,2026,Procedure,CMS
93025,Microvolt t-wave assess,0.73,2026,Procedure,CMS
93040,Rhythm ecg with report,0.15,2026,Procedure,CMS
93041,Rhythm ecg tracing,0.0,2026,Procedure,CMS
93042,Rhythm ecg report,0.15,2026,Procedure,CMS
93050,Art pressure waveform analys,0.17,2026,Procedure,CMS
93145,Interrog crtd sins bat ip wo,0.65,2026,Procedure,CMS
93146,Interrog crtd sins bat ip w/,0.9,2026,Procedure,CMS
93150,Therapy activation ipnss,0.83,2026,Procedure,CMS
93151,Interrog&prgrmg ipnss,0.78,2026,Procedure,CMS
93152,Interrog&prgrmg ipnss polysm,1.77,2026,Procedure,CMS
93153,Interrog w/o prgrmg ipnss,0.42,2026,Procedure,CMS
93224,Xtrnl ecg rec up to 48 hrs,0.38,2026,Procedure,CMS
93225,Xtrnl ecg rec<48 hrs rec,0.0,2026,Procedure,CMS
93226,Xtrnl ecg rec<48 hr scan a/r,0.0,2026,Procedure,CMS
93227,Xtrnl ecg rec<48 hr r&i,0.38,2026,Procedure,CMS
93228,Remote 30 day ecg rev/report,0.47,2026,Procedure,CMS
93229,Remote 30 day ecg tech supp,0.0,2026,Procedure,CMS
93241,Xtrnl ecg rec>48hr<7d,0.49,2026,Procedure,CMS
93242,Ext ecg>48hr<7d recording,0.0,2026,Procedure,CMS
93243,Ext ecg>48hr<7d scan a/r,0.0,2026,Procedure,CMS
93244,Ext ecg>48hr<7d rev&interpj,0.49,2026,Procedure,CMS
93245,Ext ecg>7d<15d rec scan a/r,0.54,2026,Procedure,CMS
93246,Ext ecg>7d<15d recording,0.0,2026,Procedure,CMS
93247,Ext ecg>7d<15d scan a/r,0.0,2026,Procedure,CMS
93248,Ext ecg>7d<15d rev&interpj,0.54,2026,Procedure,CMS
93260,Prgrmg dev eval impltbl sys,0.83,2026,Procedure,CMS
93261,Interrogate subq defib,0.72,2026,Procedure,CMS
93264,Rem mntr wrls p-art prs snr,0.68,2026,Procedure,CMS
93268,Ecg record/review,0.51,2026,Procedure,CMS
93270,Remote 30 day ecg rev/report,0.0,2026,Procedure,CMS
93271,Ecg/monitoring and analysis,0.0,2026,Procedure,CMS
93272,Ecg/review interpret only,0.51,2026,Procedure,CMS
93278,Ecg/signal-averaged,0.24,2026,Procedure,CMS
93279,Prgrmg dev eval pm/ldls pm,0.63,2026,Procedure,CMS
93280,Pm device progr eval dual,0.75,2026,Procedure,CMS
93281,Pm device progr eval multi,0.83,2026,Procedure,CMS
93282,Prgrmg eval implantable dfb,0.83,2026,Procedure,CMS
93283,Prgrmg eval implantable dfb,1.12,2026,Procedure,CMS
93284,Prgrmg eval implantable dfb,1.22,2026,Procedure,CMS
93285,Prgrmg dev eval scrms ip,0.51,2026,Procedure,CMS
93286,Peri-px eval pm/ldls pm ip,0.29,2026,Procedure,CMS
93287,Peri-px device eval & prgr,0.44,2026,Procedure,CMS
93288,Interrog evl pm/ldls pm ip,0.42,2026,Procedure,CMS
93289,Interrog device eval heart,0.73,2026,Procedure,CMS
93290,Interrog dev eval icpms ip,0.42,2026,Procedure,CMS
93291,Interrog dev eval scrms ip,0.36,2026,Procedure,CMS
93292,Wcd device interrogate,0.42,2026,Procedure,CMS
93293,Pm phone r-strip device eval,0.3,2026,Procedure,CMS
93294,Rem interrog evl pm/ldls pm,0.59,2026,Procedure,CMS
93295,Dev interrog remote 1/2/mlt,0.72,2026,Procedure,CMS
93296,Rem interrog evl pm/ids,0.0,2026,Procedure,CMS
93297,Rem interrog dev eval icpms,0.51,2026,Procedure,CMS
93298,Rem interrog dev eval scrms,0.51,2026,Procedure,CMS
93303,Echo transthoracic,1.27,2026,Procedure,CMS
93304,Echo transthoracic,0.73,2026,Procedure,CMS
93306,Tte w/doppler complete,1.42,2026,Procedure,CMS
93307,Tte w/o doppler complete,0.9,2026,Procedure,CMS
93308,Tte f-up or lmtd,0.52,2026,Procedure,CMS
93312,Echo transesophageal,2.24,2026,Procedure,CMS
93313,Echo transesophageal,0.25,2026,Procedure,CMS
93314,Echo transesophageal,1.8,2026,Procedure,CMS
93315,Echo transesophageal,0.0,2026,Procedure,CMS
93316,Echo transesophageal,0.59,2026,Procedure,CMS
93317,Echo transesophageal,0.0,2026,Procedure,CMS
93318,Echo transesophageal intraop,0.0,2026,Procedure,CMS
93319,3d echo img cgen car anomal,0.49,2026,Procedure,CMS
93320,Doppler echo complete,0.37,2026,Procedure,CMS
93321,Doppler echo f-up/lmtd std,0.15,2026,Procedure,CMS
93325,Doppler echo color flow mapg,0.07,2026,Procedure,CMS
93350,Stress tte only,1.42,2026,Procedure,CMS
93351,Stress tte complete,1.71,2026,Procedure,CMS
93352,Admin ecg contrast agent,0.19,2026,Procedure,CMS
93355,Echo transesophageal (tee),4.54,2026,Procedure,CMS
93356,Myocrd strain img spckl trck,0.23,2026,Procedure,CMS
93451,Right heart cath,2.41,2026,Procedure,CMS
93452,Left hrt cath w/ventrclgrphy,4.39,2026,Procedure,CMS
93453,R&l hrt cath w/ventriclgrphy,5.84,2026,Procedure,CMS
93454,Coronary artery angio s&i,4.43,2026,Procedure,CMS
93455,Coronary art/grft angio s&i,5.16,2026,Procedure,CMS
93456,R hrt coronary artery angio,5.75,2026,Procedure,CMS
93457,R hrt art/grft angio,6.47,2026,Procedure,CMS
93458,L hrt artery/ventricle angio,5.46,2026,Procedure,CMS
93459,L hrt art/grft angio,6.19,2026,Procedure,CMS
93460,R&l hrt art/ventricle angio,6.92,2026,Procedure,CMS
93461,R&l hrt art/ventricle angio,7.65,2026,Procedure,CMS
93462,L hrt cath trnsptl puncture,3.64,2026,Procedure,CMS
93463,Drug admin & hemodynmic meas,1.95,2026,Procedure,CMS
93464,Exercise w/hemodynamic meas,1.76,2026,Procedure,CMS
93503,Insert/place heart catheter,1.95,2026,Procedure,CMS
93505,Endomyocardial biopsy,4.02,2026,Procedure,CMS
93563,Njx cgen car cth slctv c ang,0.98,2026,Procedure,CMS
93564,Njx cgen car cath slctv opac,1.0,2026,Procedure,CMS
93565,Njx car cth slctv lv/la ang,0.49,2026,Procedure,CMS
93566,Njx car cth slctv rv/ra ang,0.49,2026,Procedure,CMS
93567,Njx car cth sprvlv aortgrphy,0.68,2026,Procedure,CMS
93568,Njx car cth nslc p-art angrp,0.86,2026,Procedure,CMS
93569,Njx cth slct p-art angrp uni,0.76,2026,Procedure,CMS
93571,Iv dop vel&/press c flo 1st,0.0,2026,Procedure,CMS
93572,Iv dop vel&/press c flo ea,0.0,2026,Procedure,CMS
93573,Njx cath slct p-art angrp bi,1.27,2026,Procedure,CMS
93574,Njx cath slct pulm vn angrph,1.4,2026,Procedure,CMS
93575,Njx cath slct p angrph mapca,1.87,2026,Procedure,CMS
93580,Transcath closure of asd,17.52,2026,Procedure,CMS
93581,Transcath closure of vsd,23.78,2026,Procedure,CMS
93582,Perq transcath closure pda,12.0,2026,Procedure,CMS
93583,Perq transcath septal reduxn,13.41,2026,Procedure,CMS
93584,Vngrph chd anom/persist svc,1.17,2026,Procedure,CMS
93585,Vngrph chd azygs/hemiazygs,1.1,2026,Procedure,CMS
93586,Vngrph chd coronary sinus,1.39,2026,Procedure,CMS
93587,Vngrph chd vnvn cltrl at/abv,2.06,2026,Procedure,CMS
93588,Vngrph chd vnvn cltrl below,2.08,2026,Procedure,CMS
93590,Perq transcath cls mitral,21.16,2026,Procedure,CMS
93591,Perq transcath cls aortic,17.52,2026,Procedure,CMS
93592,Perq transcath closure each,7.8,2026,Procedure,CMS
93593,R hrt cath chd nml nt cnj,0.0,2026,Procedure,CMS
93594,R hrt cath chd abnl nt cnj,0.0,2026,Procedure,CMS
93595,L hrt cath chd nm/abn nt cnj,0.0,2026,Procedure,CMS
93596,R&l hrt cath chd nml nt cnj,0.0,2026,Procedure,CMS
93597,R&l hrt cath chd abnl nt cnj,0.0,2026,Procedure,CMS
93598,Car outp meas drg cath chd,0.0,2026,Procedure,CMS
93600,Bundle of his recording,0.0,2026,Procedure,CMS
93602,Intra-atrial recording,0.0,2026,Procedure,CMS
93603,Right ventricular recording,0.0,2026,Procedure,CMS
93609,Intra-vntr mapg tchycar site,0.0,2026,Procedure,CMS
93610,Intra-atrial pacing,0.0,2026,Procedure,CMS
93612,Intraventricular pacing,0.0,2026,Procedure,CMS
93613,Intracardiac ephys 3d mapg,5.1,2026,Procedure,CMS
93615,Esophageal recording,0.0,2026,Procedure,CMS
93616,Esophageal recording w/pacg,0.0,2026,Procedure,CMS
93618,Indctj arrhythmia elec pacg,0.0,2026,Procedure,CMS
93619,Comprehensive ep evaluation,0.0,2026,Procedure,CMS
93620,Comp ep evl r at ven pac&rec,0.0,2026,Procedure,CMS
93621,Comp ep evl l pac&rec c sins,0.0,2026,Procedure,CMS
93622,Comp ep eval l ventr pac&rec,0.0,2026,Procedure,CMS
93623,Prgrmd stimj&pacg iv rx nfs,0.0,2026,Procedure,CMS
93624,Ep f-up study pacg&rec,0.0,2026,Procedure,CMS
93631,Ntraop epicar&endcar pac&map,0.0,2026,Procedure,CMS
93640,Ep eval 1/2chmbr pacg cvdfb,0.0,2026,Procedure,CMS
93641,Ep evl 1/2chmb pac cvdfb tst,0.0,2026,Procedure,CMS
93642,Ep evl 1/2chmb trnsvns cvdfb,4.51,2026,Procedure,CMS
93644,Ep eval subq impl dfb,2.96,2026,Procedure,CMS
93650,Icar cath abltj av node func,9.98,2026,Procedure,CMS
93653,Compre ep eval tx svt,14.63,2026,Procedure,CMS
93654,Compre ep eval tx vt,17.65,2026,Procedure,CMS
93655,Icar cath abltj dscrt arrhyt,5.36,2026,Procedure,CMS
93656,Compre ep eval abltj atr fib,16.58,2026,Procedure,CMS
93657,Tx l/r atrial fib addl,5.36,2026,Procedure,CMS
93660,Tilt table evaluation,1.84,2026,Procedure,CMS
93662,Intracardiac ecg (ice),0.0,2026,Procedure,CMS
93668,Peripheral vascular rehab,0.0,2026,Procedure,CMS
93701,Bioimpedance cv analysis,0.0,2026,Procedure,CMS
93702,Bis xtracell fluid analysis,0.0,2026,Procedure,CMS
93724,Elec alys antitchycar pm sys,4.76,2026,Procedure,CMS
93740,Temperature gradient studies,0.16,2026,Procedure,CMS
93745,Set-up cardiovert-defibrill,0.0,2026,Procedure,CMS
93750,Interrogation vad in person,0.75,2026,Procedure,CMS
93770,Determination venous press,0.16,2026,Procedure,CMS
93784,Ambl bp mntr w/software,0.37,2026,Procedure,CMS
93786,Ambl bp mntr w/sw rec only,0.0,2026,Procedure,CMS
93788,Ambl bp mntr w/sw a/r,0.0,2026,Procedure,CMS
93790,Ambl bp mntr w/sw i&r,0.37,2026,Procedure,CMS
93792,Pt/caregiver traing home inr,0.0,2026,Procedure,CMS
93793,Anticoag mgmt pt warfarin,0.18,2026,Procedure,CMS
93797,Phys/qhp op car rhab wo ecg,0.18,2026,Procedure,CMS
93798,Phys/qhp op car rhab w/ecg,0.28,2026,Procedure,CMS
93799,Unlisted cv svc/procedure,0.0,2026,Procedure,CMS
93880,Extracranial bilat study,0.78,2026,Procedure,CMS
93882,Extracranial uni/ltd study,0.49,2026,Procedure,CMS
93886,Intracranial complete study,0.88,2026,Procedure,CMS
93888,Intracranial limited study,0.71,2026,Procedure,CMS
93892,Tcd emboli detect w/o inj,1.12,2026,Procedure,CMS
93893,Tcd std icr art ven-art shnt,1.12,2026,Procedure,CMS
93895,Carotid intima atheroma eval,0.0,2026,Procedure,CMS
93896,Vsrctv std tcd icr art compl,0.79,2026,Procedure,CMS
93897,Emboli detcj wo iv mbubb njx,0.71,2026,Procedure,CMS
93898,Ven-artl shunt det mbubb njx,0.83,2026,Procedure,CMS
93922,Upr/l xtremity art 2 levels,0.24,2026,Procedure,CMS
93923,Upr/lxtr art stdy 3+ lvls,0.44,2026,Procedure,CMS
93924,Lwr xtr vasc stdy bilat,0.49,2026,Procedure,CMS
93925,Lower extremity study,0.78,2026,Procedure,CMS
93926,Lower extremity study,0.49,2026,Procedure,CMS
93930,Upper extremity study,0.78,2026,Procedure,CMS
93931,Upper extremity study,0.49,2026,Procedure,CMS
93970,Extremity study,0.68,2026,Procedure,CMS
93971,Extremity study,0.44,2026,Procedure,CMS
93975,Vascular study,1.13,2026,Procedure,CMS
93976,Vascular study,0.78,2026,Procedure,CMS
93978,Vascular study,0.78,2026,Procedure,CMS
93979,Vascular study,0.49,2026,Procedure,CMS
93980,Penile vascular study,1.22,2026,Procedure,CMS
93981,Penile vascular study,0.43,2026,Procedure,CMS
93985,Dup-scan hemo compl bi std,0.78,2026,Procedure,CMS
93986,Dup-scan hemo compl uni std,0.49,2026,Procedure,CMS
93990,Doppler flow testing,0.49,2026,Procedure,CMS
93998,Unlistd noninvas vasc dx std,0.0,2026,Procedure,CMS
94002,Vent mgmt inpat init day,1.99,2026,Procedure,CMS
94003,Vent mgmt inpat subq day,1.37,2026,Procedure,CMS
94004,Vent mgmt nf per day,1.0,2026,Procedure,CMS
94005,Home vent mgmt supervision,1.5,2026,Procedure,CMS
94010,Breathing capacity test,0.17,2026,Procedure,CMS
94011,Spirometry up to 2 yrs old,1.71,2026,Procedure,CMS
94012,Spirmtry w/brnchdil inf-2 yr,2.78,2026,Procedure,CMS
94013,Meas lung vol thru 2 yrs,0.4,2026,Procedure,CMS
94014,Patient recorded spirometry,0.51,2026,Procedure,CMS
94015,Patient recorded spirometry,0.0,2026,Procedure,CMS
94016,Review patient spirometry,0.51,2026,Procedure,CMS
94060,Evaluation of wheezing,0.21,2026,Procedure,CMS
94070,Evaluation of wheezing,0.59,2026,Procedure,CMS
94150,Vital capacity test,0.07,2026,Procedure,CMS
94200,Lung function test (mbc/mvv),0.05,2026,Procedure,CMS
94375,Respiratory flow volume loop,0.3,2026,Procedure,CMS
94450,Breathing response hypoxia,0.39,2026,Procedure,CMS
94452,Hast w/i&r phys/qhp,0.3,2026,Procedure,CMS
94453,Hast w/suppl oxygen titrj,0.39,2026,Procedure,CMS
94610,Intrapulm surfactant admn,1.13,2026,Procedure,CMS
94617,Exercise tst brncspsm w/ecg,0.68,2026,Procedure,CMS
94618,Pulmonary stress testing,0.47,2026,Procedure,CMS
94619,Exercise tst brncspsm wo ecg,0.48,2026,Procedure,CMS
94621,Cardiopulm exercise testing,1.38,2026,Procedure,CMS
94625,Phy/qhp op pulm rhb w/o mntr,0.36,2026,Procedure,CMS
94626,Phy/qhp op pulm rhb w/mntr,0.56,2026,Procedure,CMS
94640,Airway inhalation treatment,0.0,2026,Procedure,CMS
94642,Aerosol inhalation treatment,0.0,2026,Procedure,CMS
94644,Cont inhlj tx 1st hour,0.0,2026,Procedure,CMS
94645,Cont inhlj tx each addl hour,0.0,2026,Procedure,CMS
94660,Cpap initiation&mgmt,0.74,2026,Procedure,CMS
94664,Demo&/eval pt use inhaler,0.0,2026,Procedure,CMS
94667,Mnpj chest wall 1st,0.0,2026,Procedure,CMS
94668,Mnpj chest wall sbsq,0.0,2026,Procedure,CMS
94669,Mechanical chest wall oscill,0.0,2026,Procedure,CMS
94680,O2 uptk rst&xers dir simple,0.25,2026,Procedure,CMS
94681,O2 uptk co2 outp % o2 xtrc,0.2,2026,Procedure,CMS
94690,O2 uptk rest indirect,0.07,2026,Procedure,CMS
94726,Plethysmography lung volumes,0.25,2026,Procedure,CMS
94727,Gas dil/wshot deter lng vol,0.25,2026,Procedure,CMS
94728,Airwy resist by oscillometry,0.25,2026,Procedure,CMS
94729,Diffusing capacity,0.19,2026,Procedure,CMS
94760,N-invas ear/pls oximetry 1,0.0,2026,Procedure,CMS
94761,N-invas ear/pls oximetry mlt,0.0,2026,Procedure,CMS
94762,N-invas ear/pls oximtry cont,0.0,2026,Procedure,CMS
94772,Circadian respir pattern rec,0.0,2026,Procedure,CMS
94774,Ped home apnea mntr evnt rec,0.0,2026,Procedure,CMS
94775,Ped home apnea mntr att only,0.0,2026,Procedure,CMS
94776,Ped home apnea mntr dl&alys,0.0,2026,Procedure,CMS
94777,Ped home apnea mntr rvw i&r,0.0,2026,Procedure,CMS
94780,Cars/bd tst inft-12mo 60 min,0.48,2026,Procedure,CMS
94781,Cars/bd tst inft-12mo +30min,0.17,2026,Procedure,CMS
94799,Unlisted pulmonary svc/px,0.0,2026,Procedure,CMS
95004,Perq tests w/alrgnc xtrcs,0.01,2026,Procedure,CMS
95012,Nitric oxide exp gas deter,0.0,2026,Procedure,CMS
95017,All tstg perq&iq w/venoms,0.07,2026,Procedure,CMS
95018,All tstg perq&iq drugs/biol,0.14,2026,Procedure,CMS
95024,Iq tests w/allergenic xtrcs,0.01,2026,Procedure,CMS
95027,Iq tsts seql&incrl airborne,0.01,2026,Procedure,CMS
95028,Iq tsts allergy delayed rxn,0.0,2026,Procedure,CMS
95044,Patch/application tests,0.0,2026,Procedure,CMS
95052,Photo patch tests,0.0,2026,Procedure,CMS
95056,Photo tests,0.0,2026,Procedure,CMS
95060,Oph mucous membrane tests,0.0,2026,Procedure,CMS
95065,Dir nsl mucous membrane test,0.0,2026,Procedure,CMS
95070,Inhlj brncl challenge tstg,0.0,2026,Procedure,CMS
95076,Ingest challenge ini 120 min,1.5,2026,Procedure,CMS
95079,Ingest challenge addl 60 min,1.38,2026,Procedure,CMS
95115,Immunotherapy one injection,0.0,2026,Procedure,CMS
95117,Immunotherapy injections,0.0,2026,Procedure,CMS
95120,Immunotherapy one injection,0.0,2026,Procedure,CMS
95125,Immunotherapy 2/> injections,0.0,2026,Procedure,CMS
95130,Immntx 1 sting insect,0.0,2026,Procedure,CMS
95131,Immntx 2 sting insects,0.0,2026,Procedure,CMS
95132,Immntx 3 sting insects,0.0,2026,Procedure,CMS
95133,Immntx 4 sting insects,0.0,2026,Procedure,CMS
95134,Immntx 5 sting insects,0.0,2026,Procedure,CMS
95144,Antigen therapy services,0.06,2026,Procedure,CMS
95145,Antigen therapy services,0.06,2026,Procedure,CMS
95146,Antigen therapy services,0.06,2026,Procedure,CMS
95147,Antigen therapy services,0.06,2026,Procedure,CMS
95148,Antigen therapy services,0.06,2026,Procedure,CMS
95149,Antigen therapy services,0.06,2026,Procedure,CMS
95165,Antigen therapy services,0.06,2026,Procedure,CMS
95170,Antigen therapy services,0.06,2026,Procedure,CMS
95180,Rapid desensitization,2.01,2026,Procedure,CMS
95199,Unlisted all/immlg svc/px,0.0,2026,Procedure,CMS
95249,Cont gluc mntr pt prov eqp,0.0,2026,Procedure,CMS
95250,Cont gluc mntr phys/qhp eqp,0.0,2026,Procedure,CMS
95251,Cont gluc mntr analysis i&r,0.68,2026,Procedure,CMS
95700,Eeg cont rec w/vid eeg tech,0.0,2026,Procedure,CMS
95705,Eeg w/o vid 2-12 hr unmntr,0.0,2026,Procedure,CMS
95706,Eeg wo vid 2-12hr intmt mntr,0.0,2026,Procedure,CMS
95707,Eeg w/o vid 2-12hr cont mntr,0.0,2026,Procedure,CMS
95708,Eeg wo vid ea 12-26hr unmntr,0.0,2026,Procedure,CMS
95709,Eeg w/o vid ea 12-26hr intmt,0.0,2026,Procedure,CMS
95710,Eeg w/o vid ea 12-26hr cont,0.0,2026,Procedure,CMS
95711,Veeg 2-12 hr unmonitored,0.0,2026,Procedure,CMS
95712,Veeg 2-12 hr intmt mntr,0.0,2026,Procedure,CMS
95713,Veeg 2-12 hr cont mntr,0.0,2026,Procedure,CMS
95714,Veeg ea 12-26 hr unmntr,0.0,2026,Procedure,CMS
95715,Veeg ea 12-26hr intmt mntr,0.0,2026,Procedure,CMS
95716,Veeg ea 12-26hr cont mntr,0.0,2026,Procedure,CMS
95717,Eeg phys/qhp 2-12 hr w/o vid,1.95,2026,Procedure,CMS
95718,Eeg phys/qhp 2-12 hr w/veeg,2.44,2026,Procedure,CMS
95719,Eeg phys/qhp ea incr w/o vid,2.93,2026,Procedure,CMS
95720,Eeg phy/qhp ea incr w/veeg,3.76,2026,Procedure,CMS
95721,Eeg phy/qhp>36<60 hr w/o vid,3.86,2026,Procedure,CMS
95722,Eeg phy/qhp>36<60 hr w/veeg,4.7,2026,Procedure,CMS
95723,Eeg phy/qhp>60<84 hr w/o vid,4.75,2026,Procedure,CMS
95724,Eeg phy/qhp>60<84 hr w/veeg,6.0,2026,Procedure,CMS
95725,Eeg phy/qhp>84 hr w/o vid,5.4,2026,Procedure,CMS
95726,Eeg phy/qhp>84 hr w/veeg,7.58,2026,Procedure,CMS
95782,Polysom <6 yrs 4/> paramtrs,2.54,2026,Procedure,CMS
95783,Polysom <6 yrs cpap/bilvl,2.76,2026,Procedure,CMS
95800,Slp stdy unattended,0.83,2026,Procedure,CMS
95801,Slp stdy unatnd w/anal,0.83,2026,Procedure,CMS
95803,Actigraphy testing,0.88,2026,Procedure,CMS
95805,Multiple sleep latency test,1.17,2026,Procedure,CMS
95806,Sleep study unatt&resp efft,0.91,2026,Procedure,CMS
95807,Sleep study attended,1.25,2026,Procedure,CMS
95808,Polysom any age 1-3> param,1.7,2026,Procedure,CMS
95810,Polysom 6/> yrs 4/> param,2.44,2026,Procedure,CMS
95811,Polysom 6/>yrs cpap 4/> parm,2.54,2026,Procedure,CMS
95812,Eeg 41-60 minutes,1.08,2026,Procedure,CMS
95813,Eeg extnd mntr 61-119 min,1.63,2026,Procedure,CMS
95816,Eeg awake and drowsy,1.05,2026,Procedure,CMS
95819,Eeg awake and asleep,1.05,2026,Procedure,CMS
95822,Eeg coma or sleep only,1.05,2026,Procedure,CMS
95824,Eeg cerebral death only,0.0,2026,Procedure,CMS
95829,Surgery electrocorticogram,6.05,2026,Procedure,CMS
95830,Insert electrodes for eeg,1.66,2026,Procedure,CMS
95836,Ecog impltd brn npgt <30 d,1.93,2026,Procedure,CMS
95851,Range of motion measurements,0.16,2026,Procedure,CMS
95852,Range of motion measurements,0.11,2026,Procedure,CMS
95857,Cholinesterase challenge,0.52,2026,Procedure,CMS
95860,Needle emg 1 extremity,0.94,2026,Procedure,CMS
95861,Needle emg 2 extremities,1.5,2026,Procedure,CMS
95863,Needle emg 3 extremities,1.82,2026,Procedure,CMS
95864,Needle emg 4 extremities,1.94,2026,Procedure,CMS
95865,Needle emg larynx,1.53,2026,Procedure,CMS
95866,Needle emg hemidiaphragm,1.22,2026,Procedure,CMS
95867,Ndl emg cranial nrv musc uni,0.77,2026,Procedure,CMS
95868,Ndl emg cranial nrv musc bi,1.15,2026,Procedure,CMS
95869,Ndl emg thrc paraspinal musc,0.36,2026,Procedure,CMS
95870,Ndl emg lmtd std musc 1 xtr,0.36,2026,Procedure,CMS
95872,Ndl emg single fiber eltrd,2.81,2026,Procedure,CMS
95873,Guide nerv destr elec stim,0.36,2026,Procedure,CMS
95874,Guide nerv destr needle emg,0.36,2026,Procedure,CMS
95875,Limb exercise test,1.07,2026,Procedure,CMS
95885,Musc tst done w/nerv tst lim,0.34,2026,Procedure,CMS
95886,Musc test done w/n test comp,0.84,2026,Procedure,CMS
95887,Musc tst done w/n tst nonext,0.69,2026,Procedure,CMS
95905,Motor &/ sens nrve cndj test,0.05,2026,Procedure,CMS
95907,Nvr cndj tst 1-2 studies,0.98,2026,Procedure,CMS
95908,Nrv cndj tst 3-4 studies,1.22,2026,Procedure,CMS
95909,Nrv cndj tst 5-6 studies,1.46,2026,Procedure,CMS
95910,Nrv cndj test 7-8 studies,1.95,2026,Procedure,CMS
95911,Nrv cndj test 9-10 studies,2.44,2026,Procedure,CMS
95912,Nrv cndj test 11-12 studies,2.93,2026,Procedure,CMS
95913,Nrv cndj test 13/> studies,3.47,2026,Procedure,CMS
95919,Quan puplmtry phy/qhp uni/bi,0.18,2026,Procedure,CMS
95921,Autonomic nrv parasym inervj,0.88,2026,Procedure,CMS
95922,Autonomic nrv adrenrg inervj,0.96,2026,Procedure,CMS
95923,Autonomic nrv syst funj test,0.88,2026,Procedure,CMS
95924,Ans parasymp & symp w/tilt,1.73,2026,Procedure,CMS
95925,Somatosensory testing,0.53,2026,Procedure,CMS
95926,Somatosensory testing,0.53,2026,Procedure,CMS
95927,Somatosensory testing,0.53,2026,Procedure,CMS
95928,C motor evoked uppr limbs,1.46,2026,Procedure,CMS
95929,C motor evoked lwr limbs,1.46,2026,Procedure,CMS
95930,Visual ep test cns w/i&r,0.34,2026,Procedure,CMS
95933,Blink reflex test,0.58,2026,Procedure,CMS
95937,Neuromuscular junction test,0.63,2026,Procedure,CMS
95938,Somatosensory testing,0.84,2026,Procedure,CMS
95939,C motor evoked upr&lwr limbs,2.19,2026,Procedure,CMS
95940,Ionm in operatng room 15 min,0.6,2026,Procedure,CMS
95941,Ionm remote/>1 pt or per hr,0.0,2026,Procedure,CMS
95954,Eeg monitoring/giving drugs,2.39,2026,Procedure,CMS
95955,Eeg during surgery,0.98,2026,Procedure,CMS
95957,Eeg digital analysis,1.93,2026,Procedure,CMS
95958,Eeg monitoring/function test,4.13,2026,Procedure,CMS
95961,Electrode stimulation brain,2.97,2026,Procedure,CMS
95962,Electrode stim brain add-on,3.21,2026,Procedure,CMS
95965,Meg spontaneous,0.0,2026,Procedure,CMS
95966,Meg evoked single,0.0,2026,Procedure,CMS
95967,Meg evoked each addl,0.0,2026,Procedure,CMS
95970,Alys npgt w/o prgrmg,0.35,2026,Procedure,CMS
95971,Alys smpl sp/pn npgt w/prgrm,0.78,2026,Procedure,CMS
95972,Alys cplx sp/pn npgt w/prgrm,0.8,2026,Procedure,CMS
95976,Alys smpl cn npgt prgrmg,0.71,2026,Procedure,CMS
95977,Alys cplx cn npgt prgrmg,0.95,2026,Procedure,CMS
95980,Io anal gast n-stim init,0.78,2026,Procedure,CMS
95981,Io anal gast n-stim subsq,0.29,2026,Procedure,CMS
95982,Io ga n-stim subsq w/reprog,0.63,2026,Procedure,CMS
95983,Alys brn npgt prgrmg 15 min,0.91,2026,Procedure,CMS
95984,Alys brn npgt prgrmg addl 15,0.8,2026,Procedure,CMS
95990,Spin/brain pump refil & main,0.0,2026,Procedure,CMS
95991,Spin/brain pump refil & main,0.75,2026,Procedure,CMS
95992,Canalith repositioning proc,0.73,2026,Procedure,CMS
95999,Unlisted neurological dx px,0.0,2026,Procedure,CMS
96000,Motion analysis video/3d,1.76,2026,Procedure,CMS
96001,Motion test w/ft press meas,2.1,2026,Procedure,CMS
96002,Dynamic surface emg,0.4,2026,Procedure,CMS
96004,Phys review of motion tests,2.09,2026,Procedure,CMS
96020,Functional brain mapping,0.0,2026,Procedure,CMS
96041,Genetic counseling svc ea 30,0.0,2026,Procedure,CMS
96105,Assessment of aphasia,1.75,2026,Procedure,CMS
96110,Developmental screen w/score,0.0,2026,Procedure,CMS
96112,Devel tst phys/qhp 1st hr,2.56,2026,Procedure,CMS
96113,Devel tst phys/qhp ea addl,1.16,2026,Procedure,CMS
96116,Nubhvl xm phys/qhp 1st hr,1.86,2026,Procedure,CMS
96121,Nubhvl xm phy/qhp ea addl hr,1.71,2026,Procedure,CMS
96125,Cognitive test by hc pro,1.7,2026,Procedure,CMS
96127,Brief emotional/behav assmt,0.0,2026,Procedure,CMS
96130,Psycl tst eval phys/qhp 1st,2.56,2026,Procedure,CMS
96131,Psycl tst eval phys/qhp ea,1.96,2026,Procedure,CMS
96132,Nrpsyc tst eval phys/qhp 1st,2.56,2026,Procedure,CMS
96133,Nrpsyc tst eval phys/qhp ea,1.96,2026,Procedure,CMS
96136,Psycl/nrpsyc tst phy/qhp 1st,0.55,2026,Procedure,CMS
96137,Psycl/nrpsyc tst phy/qhp ea,0.46,2026,Procedure,CMS
96138,Psycl/nrpsyc tech 1st,0.0,2026,Procedure,CMS
96139,Psycl/nrpsyc tst tech ea,0.0,2026,Procedure,CMS
96146,Psycl/nrpsyc tst auto result,0.0,2026,Procedure,CMS
96156,Hlth bhv assmt/reassessment,2.4,2026,Procedure,CMS
96158,Hlth bhv ivntj indiv 1st 30,1.66,2026,Procedure,CMS
96159,Hlth bhv ivntj indiv ea addl,0.57,2026,Procedure,CMS
96160,Pt-focused hlth risk assmt,0.0,2026,Procedure,CMS
96161,Caregiver health risk assmt,0.0,2026,Procedure,CMS
96164,Hlth bhv ivntj grp 1st 30,0.24,2026,Procedure,CMS
96165,Hlth bhv ivntj grp ea addl,0.11,2026,Procedure,CMS
96167,Hlth bhv ivntj fam 1st 30,1.77,2026,Procedure,CMS
96168,Hlth bhv ivntj fam ea addl,0.63,2026,Procedure,CMS
96170,Hlth bhv ivntj fam wo pt 1st,1.5,2026,Procedure,CMS
96171,Hlth bhv ivntj fam w/o pt ea,0.54,2026,Procedure,CMS
96202,Mlt fam grp bhv train 1st 60,0.43,2026,Procedure,CMS
96203,Mlt fam grp bhv train ea add,0.12,2026,Procedure,CMS
96360,Hydration iv infusion init,0.17,2026,Procedure,CMS
96361,Hydrate iv infusion add-on,0.09,2026,Procedure,CMS
96365,Ther/proph/diag iv inf init,0.21,2026,Procedure,CMS
96366,Ther/proph/diag iv inf addon,0.18,2026,Procedure,CMS
96367,Tx/proph/dg addl seq iv inf,0.19,2026,Procedure,CMS
96368,Ther/diag concurrent inf,0.17,2026,Procedure,CMS
96369,Sc ther infusion up to 1 hr,0.21,2026,Procedure,CMS
96370,Sc ther infusion addl hr,0.18,2026,Procedure,CMS
96371,Sc ther infusion reset pump,0.0,2026,Procedure,CMS
96372,Ther/proph/diag inj sc/im,0.17,2026,Procedure,CMS
96373,Ther/proph/diag inj ia,0.17,2026,Procedure,CMS
96374,Ther/proph/diag inj iv push,0.18,2026,Procedure,CMS
96375,Tx/pro/dx inj new drug addon,0.1,2026,Procedure,CMS
96376,Tx/pro/dx inj same drug adon,0.0,2026,Procedure,CMS
96377,Applicaton on-body injector,0.17,2026,Procedure,CMS
96379,Unl ther/prop/diag inj/inf,0.0,2026,Procedure,CMS
96380,Admn rsv monoc antb im cnsl,0.28,2026,Procedure,CMS
96381,Admn rsv monoc antb im njx,0.17,2026,Procedure,CMS
96401,Chemo anti-neopl sq/im,0.21,2026,Procedure,CMS
96402,Chemo hormon antineopl sq/im,0.19,2026,Procedure,CMS
96405,Chemo intralesional up to 7,0.52,2026,Procedure,CMS
96406,Chemo intralesional over 7,0.8,2026,Procedure,CMS
96409,Chemo iv push sngl drug,0.24,2026,Procedure,CMS
96411,Chemo iv push addl drug,0.2,2026,Procedure,CMS
96413,Chemo iv infusion 1 hr,0.28,2026,Procedure,CMS
96415,Chemo iv infusion addl hr,0.19,2026,Procedure,CMS
96416,Chemo prolong infuse w/pump,0.21,2026,Procedure,CMS
96417,Chemo iv infus each addl seq,0.21,2026,Procedure,CMS
96420,Chemo ia push tecnique,0.17,2026,Procedure,CMS
96422,Chemo ia infusion up to 1 hr,0.17,2026,Procedure,CMS
96423,Chemo ia infuse each addl hr,0.17,2026,Procedure,CMS
96425,Chemotherapy infusion method,0.17,2026,Procedure,CMS
96440,Chmotx admn plrl cav thrcnts,2.12,2026,Procedure,CMS
96446,Chemotx admn pertl cav impl,0.37,2026,Procedure,CMS
96450,Chemotherapy into cns,1.53,2026,Procedure,CMS
96521,Refill/maint portable pump,0.21,2026,Procedure,CMS
96522,Refill/maint pump/resvr syst,0.21,2026,Procedure,CMS
96523,Irrig drug delivery device,0.04,2026,Procedure,CMS
96542,Chemotherapy injection,0.75,2026,Procedure,CMS
96547,Intraop hipec px 1st 60 min,6.53,2026,Procedure,CMS
96548,Ntraop hipec px ea add 30min,3.0,2026,Procedure,CMS
96549,Unlisted chemotherapy px,0.0,2026,Procedure,CMS
96567,Pdt dstr prmlg les skn,0.0,2026,Procedure,CMS
96570,Photodynmc tx 30 min add-on,1.1,2026,Procedure,CMS
96571,Photodynamic tx addl 15 min,0.55,2026,Procedure,CMS
96573,Pdt dstr prmlg les phys/qhp,0.47,2026,Procedure,CMS
96574,Dbrdmt prmlg les w/pdt,0.98,2026,Procedure,CMS
96900,Actinotherapy uv light,0.0,2026,Procedure,CMS
96902,Mcrscp xm hair pluck/clipped,0.4,2026,Procedure,CMS
96904,Whole body photography,0.0,2026,Procedure,CMS
96910,Photchmtx tar&uvb/ptrltm&uvb,0.0,2026,Procedure,CMS
96912,Photochemotherapy puva,0.0,2026,Procedure,CMS
96913,Photochemotx sev dermatoses,0.0,2026,Procedure,CMS
96920,Excimer lsr psriasis<250sqcm,0.81,2026,Procedure,CMS
96921,Excimer lsr psriasis 250-500,0.88,2026,Procedure,CMS
96922,Excimer lsr psriasis>500sqcm,1.12,2026,Procedure,CMS
96931,Rcm img acquisj&i&r 1st les,0.78,2026,Procedure,CMS
96932,Rcm img acquisj only 1st les,0.0,2026,Procedure,CMS
96933,Rcm i&r only 1st lesion,0.78,2026,Procedure,CMS
96934,Rcm img acquisj&i&r ea addl,0.74,2026,Procedure,CMS
96935,Rcm img acquisj only ea addl,0.0,2026,Procedure,CMS
96936,Rcm i&r only ea addl lesion,0.74,2026,Procedure,CMS
96999,Unlisted spec derm svc/px,0.0,2026,Procedure,CMS
97007,Mchnl sclp cool meas fitg,0.0,2026,Procedure,CMS
97008,Mchnl sclp cool prep plmt,0.0,2026,Procedure,CMS
97009,Mchnl sclp cool after chemo,0.0,2026,Procedure,CMS
97010,Hot or cold packs therapy,0.06,2026,Procedure,CMS
97012,Mechanical traction therapy,0.24,2026,Procedure,CMS
97014,Electric stimulation therapy,0.18,2026,Procedure,CMS
97016,Vasopneumatic device therapy,0.18,2026,Procedure,CMS
97018,Paraffin bath therapy,0.06,2026,Procedure,CMS
97022,Whirlpool therapy,0.17,2026,Procedure,CMS
97024,Diathermy eg microwave,0.06,2026,Procedure,CMS
97026,Infrared therapy,0.06,2026,Procedure,CMS
97028,Ultraviolet therapy,0.08,2026,Procedure,CMS
97032,Appl modality 1+estim ea 15,0.25,2026,Procedure,CMS
97033,App mdlty 1+iontphrsis ea 15,0.26,2026,Procedure,CMS
97034,App mdlty 1+cntrst bth ea 15,0.21,2026,Procedure,CMS
97035,App mdlty 1+ultrasound ea 15,0.21,2026,Procedure,CMS
97036,App mdlty 1+hubbrd tnk ea 15,0.28,2026,Procedure,CMS
97037,Appl modality 1+lllt po pain,0.0,2026,Procedure,CMS
97039,Unlisted modality,0.0,2026,Procedure,CMS
97110,Therapeutic exercises,0.45,2026,Procedure,CMS
97112,Neuromuscular reeducation,0.5,2026,Procedure,CMS
97113,Aquatic therapy/exercises,0.48,2026,Procedure,CMS
97116,Gait training therapy,0.45,2026,Procedure,CMS
97124,Massage therapy,0.35,2026,Procedure,CMS
97129,Ther ivntj 1st 15 min,0.5,2026,Procedure,CMS
97130,Ther ivntj ea addl 15 min,0.48,2026,Procedure,CMS
97139,Unlisted therapeutic px,0.0,2026,Procedure,CMS
97140,Manual therapy 1/> regions,0.43,2026,Procedure,CMS
97150,Group therapeutic procedures,0.29,2026,Procedure,CMS
97151,Bhv id assmt by phys/qhp,0.0,2026,Procedure,CMS
97152,Bhv id suprt assmt by 1 tech,0.0,2026,Procedure,CMS
97153,Adaptive behavior tx by tech,0.0,2026,Procedure,CMS
97154,Grp adapt bhv tx by tech,0.0,2026,Procedure,CMS
97155,Adapt behavior tx phys/qhp,0.0,2026,Procedure,CMS
97156,Fam adapt bhv tx gdn phy/qhp,0.0,2026,Procedure,CMS
97157,Mult fam adapt bhv tx gdn,0.0,2026,Procedure,CMS
97158,Grp adapt bhv tx by phy/qhp,0.0,2026,Procedure,CMS
97161,Pt eval low complex 20 min,1.54,2026,Procedure,CMS
97162,Pt eval mod complex 30 min,1.54,2026,Procedure,CMS
97163,Pt eval high complex 45 min,1.54,2026,Procedure,CMS
97164,Pt re-eval est plan care,0.96,2026,Procedure,CMS
97165,Ot eval low complex 30 min,1.54,2026,Procedure,CMS
97166,Ot eval mod complex 45 min,1.54,2026,Procedure,CMS
97167,Ot eval high complex 60 min,1.54,2026,Procedure,CMS
97168,Ot re-eval est plan care,0.96,2026,Procedure,CMS
97169,Athletic trn eval low cmplx,0.0,2026,Procedure,CMS
97170,Athletic trn eval mod cmplx,0.0,2026,Procedure,CMS
97171,Athletic trn eval high cmplx,0.0,2026,Procedure,CMS
97172,Athletic trn re-eval plan cr,0.0,2026,Procedure,CMS
97530,Therapeutic activities,0.44,2026,Procedure,CMS
97533,Sensory integration,0.48,2026,Procedure,CMS
97535,Self care mngment training,0.45,2026,Procedure,CMS
97537,Community/work reintegration,0.48,2026,Procedure,CMS
97542,Wheelchair mngment training,0.48,2026,Procedure,CMS
97545,Work hardening,0.0,2026,Procedure,CMS
97546,Work hardening add-on,0.0,2026,Procedure,CMS
97550,Caregiver traing 1st 30 min,1.0,2026,Procedure,CMS
97551,Caregiver traing ea addl 15,0.54,2026,Procedure,CMS
97552,Group caregiver training,0.23,2026,Procedure,CMS
97597,Dbrdmt opn wnd 1st 20 cm/<,0.75,2026,Procedure,CMS
97598,Dbrdmt opn wnd addl 20cm/<,0.49,2026,Procedure,CMS
97602,Wound(s) care non-selective,0.0,2026,Procedure,CMS
97605,Neg prs wnd ther dme<=50sqcm,0.54,2026,Procedure,CMS
97606,Neg prs wnd ther dme>50 sqcm,0.59,2026,Procedure,CMS
97607,Neg prs wnd thr ndme<=50sqcm,0.4,2026,Procedure,CMS
97608,Neg prs wnd ther ndme>50sqcm,0.45,2026,Procedure,CMS
97610,Low frequency non-thermal us,0.39,2026,Procedure,CMS
97750,Physical performance test,0.45,2026,Procedure,CMS
97755,Assistive technology assess,0.62,2026,Procedure,CMS
97760,Orthotic mgmt&traing 1st enc,0.5,2026,Procedure,CMS
97761,Prosthetic traing 1st enc,0.5,2026,Procedure,CMS
97763,Orthc/prostc mgmt sbsq enc,0.48,2026,Procedure,CMS
97799,Unlisted physcl med/rehab px,0.0,2026,Procedure,CMS
97802,Medical nutrition indiv in,0.53,2026,Procedure,CMS
97803,Med nutrition indiv subseq,0.45,2026,Procedure,CMS
97804,Medical nutrition group,0.25,2026,Procedure,CMS
97810,Acup 1/> wo estim 1st 15 min,0.61,2026,Procedure,CMS
97811,Acup 1/> w/o estim ea add 15,0.46,2026,Procedure,CMS
97813,Acup 1/> w/estim 1st 15 min,0.74,2026,Procedure,CMS
97814,Acup 1/> w/estim ea addl 15,0.47,2026,Procedure,CMS
98000,Synch audio-video new sf 15,0.93,2026,Procedure,CMS
98001,Synch audio-video new low 30,1.6,2026,Procedure,CMS
98002,Synch audio-video new mod 45,2.6,2026,Procedure,CMS
98003,Synch audio-video new hi 60,3.5,2026,Procedure,CMS
98004,Synch audio-video est sf 10,0.7,2026,Procedure,CMS
98005,Synch audio-video est low 20,1.3,2026,Procedure,CMS
98006,Synch audio-video est mod 30,1.92,2026,Procedure,CMS
98007,Synch audio-video est hi 40,2.6,2026,Procedure,CMS
98008,Synch audio-only new sf 15,0.9,2026,Procedure,CMS
98009,Synch audio-only new low 30,1.55,2026,Procedure,CMS
98010,Synch audio-only new mod 45,2.42,2026,Procedure,CMS
98011,Synch audio-only new high 60,3.2,2026,Procedure,CMS
98012,Synch audio-only est sf 10,0.65,2026,Procedure,CMS
98013,Synch audio-only est low 20,1.2,2026,Procedure,CMS
98014,Synch audio-only est mod 30,1.75,2026,Procedure,CMS
98015,Synch audio-only est high 40,2.6,2026,Procedure,CMS
98016,Brief comunicaj tech-bsd svc,0.3,2026,Procedure,CMS
98925,Osteopath manj 1-2 regions,0.45,2026,Procedure,CMS
98926,Osteopath manj 3-4 regions,0.69,2026,Procedure,CMS
98927,Osteopath manj 5-6 regions,0.94,2026,Procedure,CMS
98928,Osteopath manj 7-8 regions,1.18,2026,Procedure,CMS
98929,Osteopath manj 9-10 regions,1.42,2026,Procedure,CMS
98940,Chiropract manj 1-2 regions,0.45,2026,Procedure,CMS
98941,Chiropract manj 3-4 regions,0.69,2026,Procedure,CMS
98942,Chiropractic manj 5 regions,0.94,2026,Procedure,CMS
98943,Chiropract manj xtrspinl 1/>,0.45,2026,Procedure,CMS
98960,Edu&trn pt self-mgmt nqhp 1,0.0,2026,Procedure,CMS
98961,Edu&trn pt slf-mgmt nqhp 2-4,0.0,2026,Procedure,CMS
98962,Edu&trn pt slf-mgmt nqhp 5-8,0.0,2026,Procedure,CMS
98966,Ph1 assmt&mgmt nqhp 5-10,0.25,2026,Procedure,CMS
98967,Ph1 assmt&mgmt nqhp 11-20,0.5,2026,Procedure,CMS
98968,Ph1 assmt&mgmt nqhp 21-30,0.75,2026,Procedure,CMS
98970,Nqhp ol dig assmt&mgmt 5-10,0.25,2026,Procedure,CMS
98971,Nqhp ol dig assmt&mgmt 11-20,0.44,2026,Procedure,CMS
98972,Nqhp ol dig assmt&mgmt 21+,0.69,2026,Procedure,CMS
98975,Rtm 1st set-up&pt educaj eqp,0.0,2026,Procedure,CMS
98976,Rtm dev sply resp sys 16-30d,0.0,2026,Procedure,CMS
98977,Rtm dev sply mscskl 16-30 d,0.0,2026,Procedure,CMS
98978,Rtm dev sply cbt 16-30 d,0.0,2026,Procedure,CMS
98979,Rtm tx mgmt 1st 10 min,0.31,2026,Procedure,CMS
98980,Rtm tx mgmt 1st 20 min,0.62,2026,Procedure,CMS
98981,Rtm tx mgmt ea addl 20 min,0.61,2026,Procedure,CMS
98984,Rtm dev sply resp sys 2-15 d,0.0,2026,Procedure,CMS
98985,Rtm dev sply mscsk sys 2-15d,0.0,2026,Procedure,CMS
98986,Rtm dev sply cbt 2-15 d,0.0,2026,Procedure,CMS
99000,Specimen handling office-lab,0.0,2026,E/M,CMS
99001,Specimen handling pt-lab,0.0,2026,E/M,CMS
99002,Device handling phys/qhp,0.0,2026,E/M,CMS
99024,Postop follow-up visit,0.0,2026,E/M,CMS
99026,In-hospital on call service,0.0,2026,E/M,CMS
99027,Out-of-hosp on call service,0.0,2026,E/M,CMS
99050,Medical services after hrs,0.0,2026,E/M,CMS
99051,Med serv eve/wkend/holiday,0.0,2026,E/M,CMS
99053,Med serv 10pm-8am 24 hr fac,0.0,2026,E/M,CMS
99056,Med service out of office,0.0,2026,E/M,CMS
99058,Office emergency care,0.0,2026,E/M,CMS
99060,Out of office emerg med serv,0.0,2026,E/M,CMS
99070,Special supplies phys/qhp,0.0,2026,E/M,CMS
99071,Patient education materials,0.0,2026,E/M,CMS
99072,Addl supl matrl&staf tm phe,0.0,2026,E/M,CMS
99075,Medical testimony,0.0,2026,E/M,CMS
99078,Group health education,0.0,2026,E/M,CMS
99080,Special reports or forms,0.0,2026,E/M,CMS
99082,Unusual physician travel,0.0,2026,E/M,CMS
99091,Collj & interpj data ea 30 d,1.1,2026,E/M,CMS
99100,Anes pt exteme age<1 yr&>70,0.0,2026,E/M,CMS
99116,Anes comp tot bdy hypthrm,0.0,2026,E/M,CMS
99135,Anes comp ctrld hypotension,0.0,2026,E/M,CMS
99140,Anes comp emergency cond,0.0,2026,E/M,CMS
99151,Mod sed same phys/qhp <5 yrs,0.5,2026,E/M,CMS
99152,Mod sed same phys/qhp 5/>yrs,0.25,2026,E/M,CMS
99153,Mod sed same phys/qhp ea,0.0,2026,E/M,CMS
99155,Mod sed oth phys/qhp <5 yrs,1.9,2026,E/M,CMS
99156,Mod sed oth phys/qhp 5/>yrs,1.65,2026,E/M,CMS
99157,Mod sed other phys/qhp ea,1.25,2026,E/M,CMS
99170,Anogenital exam child w imag,1.71,2026,E/M,CMS
99172,Ocular function screen,0.0,2026,E/M,CMS
99173,Visual acuity screen,0.0,2026,E/M,CMS
99174,Ocular instrumnt screen bil,0.0,2026,E/M,CMS
99175,Induction of vomiting,0.0,2026,E/M,CMS
99177,Ocular instrumnt screen bil,0.0,2026,E/M,CMS
99183,Hyperbaric oxygen therapy,2.06,2026,E/M,CMS
99184,Hypothermia ill neonate,4.39,2026,E/M,CMS
99188,App topical fluoride varnish,0.2,2026,E/M,CMS
99190,Special pump services,0.0,2026,E/M,CMS
99191,Special pump services,0.0,2026,E/M,CMS
99192,Special pump services,0.0,2026,E/M,CMS
99195,Phlebotomy,0.0,2026,E/M,CMS
99199,Unlisted special svc px/rprt,0.0,2026,E/M,CMS
99202,Office o/p new sf 15 min,0.93,2026,E/M,CMS
99203,Office o/p new low 30 min,1.6,2026,E/M,CMS
99204,Office o/p new mod 45 min,2.6,2026,E/M,CMS
99205,Office o/p new hi 60 min,3.5,2026,E/M,CMS
99211,Off/op est may x req phy/qhp,0.18,2026,E/M,CMS
99212,Office o/p est sf 10 min,0.7,2026,E/M,CMS
99213,Office o/p est low 20 min,1.3,2026,E/M,CMS
99214,Office o/p est mod 30 min,1.92,2026,E/M,CMS
99215,Office o/p est hi 40 min,2.8,2026,E/M,CMS
99221,1st hosp ip/obs sf/low 40,1.63,2026,E/M,CMS
99222,1st hosp ip/obs moderate 55,2.6,2026,E/M,CMS
99223,1st hosp ip/obs high 75,3.5,2026,E/M,CMS
99231,Sbsq hosp ip/obs sf/low 25,1.0,2026,E/M,CMS
99232,Sbsq hosp ip/obs moderate 35,1.59,2026,E/M,CMS
99233,Sbsq hosp ip/obs high 50,2.4,2026,E/M,CMS
99234,Hosp ip/obs sm dt sf/low 45,2.0,2026,E/M,CMS
99235,Hosp ip/obs same date mod 70,3.24,2026,E/M,CMS
99236,Hosp ip/obs same date hi 85,4.3,2026,E/M,CMS
99238,Hosp ip/obs dschrg mgmt 30/<,1.5,2026,E/M,CMS
99239,Hosp ip/obs dschrg mgmt >30,2.15,2026,E/M,CMS
99242,Off/op consltj new/est sf 20,1.08,2026,E/M,CMS
99243,Off/op cnsltj new/est low 30,1.8,2026,E/M,CMS
99244,Off/op cnsltj new/est mod 40,2.69,2026,E/M,CMS
99245,Off/op consltj new/est hi 55,3.75,2026,E/M,CMS
99252,Ip/obs consltj new/est sf 35,1.5,2026,E/M,CMS
99253,Ip/obs cnsltj new/est low 45,2.0,2026,E/M,CMS
99254,Ip/obs cnsltj new/est mod 60,2.72,2026,E/M,CMS
99255,Ip/obs consltj new/est hi 80,3.86,2026,E/M,CMS
99281,Emr dpt vst mayx req phy/qhp,0.25,2026,E/M,CMS
99282,Emergency dept visit sf mdm,0.93,2026,E/M,CMS
99283,Emergency dept visit low mdm,1.6,2026,E/M,CMS
99284,Emergency dept visit mod mdm,2.74,2026,E/M,CMS
99285,Emergency dept visit hi mdm,4.0,2026,E/M,CMS
99288,Direct advanced life support,0.0,2026,E/M,CMS
99291,Critical care first hour,4.5,2026,E/M,CMS
99292,Critical care addl 30 min,2.25,2026,E/M,CMS
99304,1st nf care sf/low mdm 25,1.5,2026,E/M,CMS
99305,1st nf care moderate mdm 35,2.5,2026,E/M,CMS
99306,1st nf care high mdm 50,3.5,2026,E/M,CMS
99307,Sbsq nf care sf mdm 10,0.7,2026,E/M,CMS
99308,Sbsq nf care low mdm 20,1.3,2026,E/M,CMS
99309,Sbsq nf care moderate mdm 30,1.92,2026,E/M,CMS
99310,Sbsq nf care high mdm 45,2.8,2026,E/M,CMS
99315,Nf dschrg mgmt 30 min/less,1.5,2026,E/M,CMS
99316,Nf dschrg mgmt 30 min+,2.5,2026,E/M,CMS
99341,Home/res vst new sf mdm 15,1.0,2026,E/M,CMS
99342,Home/res vst new low mdm 30,1.65,2026,E/M,CMS
99344,Home/res vst new mod mdm 60,2.87,2026,E/M,CMS
99345,Home/res vst new high mdm 75,3.88,2026,E/M,CMS
99347,Home/res vst est sf mdm 20,0.9,2026,E/M,CMS
99348,Home/res vst est low mdm 30,1.5,2026,E/M,CMS
99349,Home/res vst est mod mdm 40,2.44,2026,E/M,CMS
99350,Home/res vst est high mdm 60,3.6,2026,E/M,CMS
99358,Prolong service w/o contact,1.8,2026,E/M,CMS
99359,Prolong serv w/o contact add,0.75,2026,E/M,CMS
99360,Physician standby services,1.2,2026,E/M,CMS
99366,Team conf w/pat by hc prof,0.82,2026,E/M,CMS
99367,Team conf w/o pat by phys,1.1,2026,E/M,CMS
99368,Team conf w/o pat by hc pro,0.72,2026,E/M,CMS
99374,Home health care supervision,1.1,2026,E/M,CMS
99375,Home health care supervision,1.73,2026,E/M,CMS
99377,Hospice care supervision,1.1,2026,E/M,CMS
99378,Hospice care supervision,1.73,2026,E/M,CMS
99379,Nursing fac care supervision,1.1,2026,E/M,CMS
99380,Nursing fac care supervision,1.73,2026,E/M,CMS
99381,Init pm e/m new pat infant,1.5,2026,E/M,CMS
99382,Init pm e/m new pat 1-4 yrs,1.6,2026,E/M,CMS
99383,Prev visit new age 5-11,1.7,2026,E/M,CMS
99384,Prev visit new age 12-17,2.0,2026,E/M,CMS
99385,Prev visit new age 18-39,1.92,2026,E/M,CMS
99386,Prev visit new age 40-64,2.33,2026,E/M,CMS
99387,Init pm e/m new pat 65+ yrs,2.5,2026,E/M,CMS
99391,Per pm reeval est pat infant,1.37,2026,E/M,CMS
99392,Prev visit est age 1-4,1.5,2026,E/M,CMS
99393,Prev visit est age 5-11,1.5,2026,E/M,CMS
99394,Prev visit est age 12-17,1.7,2026,E/M,CMS
99395,Prev visit est age 18-39,1.75,2026,E/M,CMS
99396,Prev visit est age 40-64,1.9,2026,E/M,CMS
99397,Per pm reeval est pat 65+ yr,2.0,2026,E/M,CMS
99401,Prev med cnsl indiv apprx 15,0.48,2026,E/M,CMS
99402,Prev med cnsl indiv apprx 30,0.98,2026,E/M,CMS
99403,Prev med cnsl indiv apprx 45,1.46,2026,E/M,CMS
99404,Prev med cnsl indiv apprx 60,1.95,2026,E/M,CMS
99406,Behav chng smoking 3-10 min,0.24,2026,E/M,CMS
99407,Behav chng smoking > 10 min,0.5,2026,E/M,CMS
99408,Audit/dast 15-30 min,0.65,2026,E/M,CMS
99409,Audit/dast over 30 min,1.3,2026,E/M,CMS
99411,Preventive counseling group,0.15,2026,E/M,CMS
99412,Preventive counseling group,0.25,2026,E/M,CMS
99415,Prolng clin staff svc 1st hr,0.0,2026,E/M,CMS
99416,Prolng clin staff svc ea add,0.0,2026,E/M,CMS
99417,Prolng op e/m each 15 min,0.61,2026,E/M,CMS
99418,Prolng ip/obs e/m ea 15 min,0.81,2026,E/M,CMS
99421,Ol dig e/m svc 5-10 min,0.25,2026,E/M,CMS
99422,Ol dig e/m svc 11-20 min,0.5,2026,E/M,CMS
99423,Ol dig e/m svc 21+ min,0.8,2026,E/M,CMS
99424,Prin care mgmt phys 1st 30,1.45,2026,E/M,CMS
99425,Prin care mgmt phys ea addl,1.0,2026,E/M,CMS
99426,Prin care mgmt staff 1st 30,1.0,2026,E/M,CMS
99427,Prin care mgmt staff ea addl,0.71,2026,E/M,CMS
99429,Unlisted preventive service,0.0,2026,E/M,CMS
99437,Chrnc care mgmt phys ea addl,1.0,2026,E/M,CMS
99439,Chrnc care mgmt staf ea addl,0.7,2026,E/M,CMS
99445,Rem mntr physiol param 2-15,0.0,2026,E/M,CMS
99446,Ntrprof ph1/ntrnet/ehr 5-10,0.35,2026,E/M,CMS
99447,Ntrprof ph1/ntrnet/ehr 11-20,0.7,2026,E/M,CMS
99448,Ntrprof ph1/ntrnet/ehr 21-30,1.05,2026,E/M,CMS
99449,Ntrprof ph1/ntrnet/ehr 31/>,1.4,2026,E/M,CMS
99450,Basic life disability exam,0.0,2026,E/M,CMS
99451,Ntrprof ph1/ntrnet/ehr 5/>,0.7,2026,E/M,CMS
99452,Ntrprof ph1/ntrnet/ehr rfrl,0.7,2026,E/M,CMS
99453,Rem mntr physiol param setup,0.0,2026,E/M,CMS
99454,Rem mntr physiol param 16-30,0.0,2026,E/M,CMS
99455,Work related disability exam,0.0,2026,E/M,CMS
99456,Disability examination,0.0,2026,E/M,CMS
99457,Rpm tx mgmt 1st 20 min,0.61,2026,E/M,CMS
99458,Rpm tx mgmt ea addl 20 min,0.61,2026,E/M,CMS
99459,Pelvic examination,0.0,2026,E/M,CMS
99460,Init nb em per day hosp,1.92,2026,E/M,CMS
99461,Init nb em per day non-fac,1.26,2026,E/M,CMS
99462,Sbsq nb em per day hosp,0.84,2026,E/M,CMS
99463,Same day nb discharge,2.13,2026,E/M,CMS
99464,Attendance at delivery,1.5,2026,E/M,CMS
99465,Nb resuscitation,2.93,2026,E/M,CMS
99466,Ped crit care transport,4.79,2026,E/M,CMS
99467,Ped crit care transport addl,2.4,2026,E/M,CMS
99468,Neonate crit care initial,18.46,2026,E/M,CMS
99469,Neonate crit care subsq,7.99,2026,E/M,CMS
99470,Rpm tx mgmt 1st 10 min,0.31,2026,E/M,CMS
99471,Ped critical care initial,15.98,2026,E/M,CMS
99472,Ped critical care subsq,7.99,2026,E/M,CMS
99473,Self-meas bp pt educaj/train,0.0,2026,E/M,CMS
99474,Self-meas bp 2 readg bid 30d,0.18,2026,E/M,CMS
99475,Ped crit care age 2-5 init,11.25,2026,E/M,CMS
99476,Ped crit care age 2-5 subsq,6.75,2026,E/M,CMS
99477,Init day hosp neonate care,7.0,2026,E/M,CMS
99478,"Sbsq ic vlbw inf<1,500 gm",2.75,2026,E/M,CMS
99479,"Sbsq ic lbw inf 1,500-2,500",2.5,2026,E/M,CMS
99480,"Sbsq ic inf pbw 2,501-5,000",2.4,2026,E/M,CMS
99483,Assmt & care pln pt cog imp,3.84,2026,E/M,CMS
99484,Care mgmt svc bhvl hlth cond,0.93,2026,E/M,CMS
99485,Suprv interfacilty transport,1.5,2026,E/M,CMS
99486,Suprv interfac trnsport addl,1.3,2026,E/M,CMS
99487,Cplx chrnc care 1st 60 min,1.81,2026,E/M,CMS
99489,Cplx chrnc care ea addl 30,1.0,2026,E/M,CMS
99490,Chrnc care mgmt staff 1st 20,1.0,2026,E/M,CMS
99491,Chrnc care mgmt phys 1st 30,1.5,2026,E/M,CMS
99492,1st psyc collab care mgmt,1.88,2026,E/M,CMS
99493,Sbsq psyc collab care mgmt,2.05,2026,E/M,CMS
99494,1st/sbsq psyc collab care,0.82,2026,E/M,CMS
99495,Transj care mgmt mod f2f 14d,2.78,2026,E/M,CMS
99496,Transj care mgmt high f2f 7d,3.79,2026,E/M,CMS
99497,Advncd care plan 30 min,1.5,2026,E/M,CMS
99498,Advncd care plan addl 30 min,1.4,2026,E/M,CMS
99499,Unlisted e&m service,0.0,2026,E/M,CMS
99500,Home visit prenatal,0.0,2026,E/M,CMS
99501,Home visit postnatal,0.0,2026,E/M,CMS
99502,Home visit nb care,0.0,2026,E/M,CMS
99503,Home visit resp therapy,0.0,2026,E/M,CMS
99504,Home visit mech ventilator,0.0,2026,E/M,CMS
99505,Home visit stoma care,0.0,2026,E/M,CMS
99506,Home visit im injection,0.0,2026,E/M,CMS
99507,Home visit cath maintain,0.0,2026,E/M,CMS
99509,Home visit day life activity,0.0,2026,E/M,CMS
99510,Home visit sing/m/fam couns,0.0,2026,E/M,CMS
99511,Home visit fecal/enema mgmt,0.0,2026,E/M,CMS
99512,Home visit for hemodialysis,0.0,2026,E/M,CMS
99600,Unlisted home visit svc/px,0.0,2026,E/M,CMS
99601,Home nfs visit <2 hrs,0.0,2026,E/M,CMS
99602,Home nfs visit each addl hr,0.0,2026,E/M,CMS
99605,Mtms by pharm np 15 min,0.0,2026,E/M,CMS
99606,Mtms by pharm est 15 min,0.0,2026,E/M,CMS
99607,Mtms by pharm addl 15 min,0.0,2026,E/M,CMS
A0021,Outside state ambulance serv,0.0,2026,Procedure,CMS
A0080,Noninterest escort in non er,0.0,2026,Procedure,CMS
A0090,Interest escort in non er,0.0,2026,Procedure,CMS
A0100,Nonemergency transport taxi,0.0,2026,Procedure,CMS
A0110,Nonemergency transport bus,0.0,2026,Procedure,CMS
A0120,Noner transport mini-bus,0.0,2026,Procedure,CMS
A0130,Noner transport wheelch van,0.0,2026,Procedure,CMS
A0140,Nonemergency transport air,0.0,2026,Procedure,CMS
A0160,Noner transport case worker,0.0,2026,Procedure,CMS
A0170,Transport parking fees/tolls,0.0,2026,Procedure,CMS
A0180,Noner transport lodgng recip,0.0,2026,Procedure,CMS
A0190,Noner transport meals recip,0.0,2026,Procedure,CMS
A0200,Noner transport lodgng escrt,0.0,2026,Procedure,CMS
A0210,Noner transport meals escort,0.0,2026,Procedure,CMS
A0225,Neonatal emergency transport,0.0,2026,Procedure,CMS
A0380,Basic life support mileage,0.0,2026,Procedure,CMS
A0382,Basic support routine suppls,0.0,2026,Procedure,CMS
A0384,Bls defibrillation supplies,0.0,2026,Procedure,CMS
A0390,Advanced life support mileag,0.0,2026,Procedure,CMS
A0392,Als defibrillation supplies,0.0,2026,Procedure,CMS
A0394,Als iv drug therapy supplies,0.0,2026,Procedure,CMS
A0396,Als esophageal intub suppls,0.0,2026,Procedure,CMS
A0398,Als routine disposble suppls,0.0,2026,Procedure,CMS
A0420,Ambulance waiting 1/2 hr,0.0,2026,Procedure,CMS
A0422,Ambulance 02 life sustaining,0.0,2026,Procedure,CMS
A0424,Extra ambulance attendant,0.0,2026,Procedure,CMS
A0425,Ground mileage,0.0,2026,Procedure,CMS
A0426,Als 1,0.0,2026,Procedure,CMS
A0427,Als1-emergency,0.0,2026,Procedure,CMS
A0428,Bls,0.0,2026,Procedure,CMS
A0429,Bls-emergency,0.0,2026,Procedure,CMS
A0430,Fixed wing air transport,0.0,2026,Procedure,CMS
A0431,Rotary wing air transport,0.0,2026,Procedure,CMS
A0432,Pi volunteer ambulance co,0.0,2026,Procedure,CMS
A0433,Als 2,0.0,2026,Procedure,CMS
A0434,Specialty care transport,0.0,2026,Procedure,CMS
A0435,Fixed wing air mileage,0.0,2026,Procedure,CMS
A0436,Rotary wing air mileage,0.0,2026,Procedure,CMS
A0888,Noncovered ambulance mileage,0.0,2026,Procedure,CMS
A0998,Ambulance response/treatment,0.0,2026,Procedure,CMS
A0999,Unlisted ambulance service,0.0,2026,Procedure,CMS
A2001,"Innovamatrix ac, per sq cm",0.0,2026,Procedure,CMS
A2002,Mirragen adv wnd mat per sq,0.0,2026,Procedure,CMS
A2004,"Xcellistem, 1 mg",0.0,2026,Procedure,CMS
A2005,"Microlyte matrix, per sq cm",0.0,2026,Procedure,CMS
A2006,Novosorb synpath per sq cm,0.0,2026,Procedure,CMS
A2007,"Restrata, per sq cm",0.0,2026,Procedure,CMS
A2008,"Theragenesis, per sq cm",0.0,2026,Procedure,CMS
A2009,"Symphony, per sq cm",0.0,2026,Procedure,CMS
A2010,"Apis, per square centimeter",0.0,2026,Procedure,CMS
A2011,"Supra sdrm, per sq cm",0.0,2026,Procedure,CMS
A2012,"Suprathel, per sq cm",0.0,2026,Procedure,CMS
A2013,"Innovamatrix fs, per sq cm",0.0,2026,Procedure,CMS
A2014,Omeza collag per 100 mg,0.0,2026,Procedure,CMS
A2015,"Phoenix wnd mtrx, per sq cm",0.0,2026,Procedure,CMS
A2016,"Permeaderm b, per sq cm",0.0,2026,Procedure,CMS
A2017,"Permeaderm glove, each",0.0,2026,Procedure,CMS
A2018,"Permeaderm c, per sq cm",0.0,2026,Procedure,CMS
A2019,Kerecis marigen shld sq cm,0.0,2026,Procedure,CMS
A2020,Ac5 wound system,0.0,2026,Procedure,CMS
A2021,Neomatrix per sq cm,0.0,2026,Procedure,CMS
A2022,Innovabrn/innovamatx xl sqcm,0.0,2026,Procedure,CMS
A2023,"Innovamatrix pd, 1 mg",0.0,2026,Procedure,CMS
A2024,Resolve or xenopatch sq cm,0.0,2026,Procedure,CMS
A2025,Miro3d per cubic cm,0.0,2026,Procedure,CMS
A2026,"Restrata minimatrix, 5 mg",0.0,2026,Procedure,CMS
A2027,Matriderm per sq cm,0.0,2026,Procedure,CMS
A2028,Micromatrix flex per mg,0.0,2026,Procedure,CMS
A2029,Mirotract matrix sheet,0.0,2026,Procedure,CMS
A2030,"Miro3d fibers, per mg",0.0,2026,Procedure,CMS
A2031,"Mirodry, per sq cm",0.0,2026,Procedure,CMS
A2032,"Myriad matrix, per sq cm",0.0,2026,Procedure,CMS
A2033,"Myriad morcells, 4 mg",0.0,2026,Procedure,CMS
A2034,"Found drs solo, per sq cm",0.0,2026,Procedure,CMS
A2035,Corpl p therac p allac p mg,0.0,2026,Procedure,CMS
A2036,Cohealyx col dml mx pr sq cm,0.0,2026,Procedure,CMS
A2037,"G4derm plus, per ml",0.0,2026,Procedure,CMS
A2038,"Marigen pacto, per sq cm",0.0,2026,Procedure,CMS
A2039,"Innovamatrix fd, per sq cm",0.0,2026,Procedure,CMS
A4100,Nosht skin sub fda clrd nos,0.0,2026,Procedure,CMS
A4206,1 cc sterile syringe&needle,0.0,2026,Procedure,CMS
A4207,2 cc sterile syringe&needle,0.0,2026,Procedure,CMS
A4208,3 cc sterile syringe&needle,0.0,2026,Procedure,CMS
A4209,5+ cc sterile syringe&needle,0.0,2026,Procedure,CMS
A4210,Nonneedle injection device,0.0,2026,Procedure,CMS
A4211,Supp for self-adm injections,0.0,2026,Procedure,CMS
A4212,Non coring needle or stylet,0.0,2026,Procedure,CMS
A4213,20+ cc syringe only,0.0,2026,Procedure,CMS
A4215,Sterile needle,0.0,2026,Procedure,CMS
A4216,"Sterile water/saline, 10 ml",0.0,2026,Procedure,CMS
A4217,"Sterile water/saline, 500 ml",0.0,2026,Procedure,CMS
A4218,Sterile saline or water,0.0,2026,Procedure,CMS
A4220,Infusion pump refill kit,0.0,2026,Procedure,CMS
A4221,Supp non-insulin inf cath/wk,0.0,2026,Procedure,CMS
A4222,Infusion supplies with pump,0.0,2026,Procedure,CMS
A4223,Infusion supplies w/o pump,0.0,2026,Procedure,CMS
A4224,Supply insulin inf cath/wk,0.0,2026,Procedure,CMS
A4225,Sup/ext insulin inf pump syr,0.0,2026,Procedure,CMS
A4226,Weekly supply maint cgs pump,0.0,2026,Procedure,CMS
A4230,Infus insulin pump non needl,0.0,2026,Procedure,CMS
A4231,Infusion insulin pump needle,0.0,2026,Procedure,CMS
A4232,Syringe w/needle insulin 3cc,0.0,2026,Procedure,CMS
A4233,Alkalin batt for glucose mon,0.0,2026,Procedure,CMS
A4234,J-cell batt for glucose mon,0.0,2026,Procedure,CMS
A4235,Lithium batt for glucose mon,0.0,2026,Procedure,CMS
A4236,Silvr oxide batt glucose mon,0.0,2026,Procedure,CMS
A4238,Adju cgm supply allowance,0.0,2026,Procedure,CMS
A4239,Non-adju cgm supply allow,0.0,2026,Procedure,CMS
A4244,Alcohol or peroxide per pint,0.0,2026,Procedure,CMS
A4245,Alcohol wipes per box,0.0,2026,Procedure,CMS
A4246,Betadine/phisohex solution,0.0,2026,Procedure,CMS
A4247,Betadine/iodine swabs/wipes,0.0,2026,Procedure,CMS
A4248,Chlorhexidine antisept,0.0,2026,Procedure,CMS
A4250,Urine reagent strips/tablets,0.0,2026,Procedure,CMS
A4252,Blood ketone test or strip,0.0,2026,Procedure,CMS
A4253,Blood glucose/reagent strips,0.0,2026,Procedure,CMS
A4255,Glucose monitor platforms,0.0,2026,Procedure,CMS
A4256,Calibrator solution/chips,0.0,2026,Procedure,CMS
A4257,Replace lensshield cartridge,0.0,2026,Procedure,CMS
A4258,Lancet device each,0.0,2026,Procedure,CMS
A4259,Lancets per box,0.0,2026,Procedure,CMS
A4261,Cervical cap contraceptive,0.0,2026,Procedure,CMS
A4262,Temporary tear duct plug,0.0,2026,Procedure,CMS
A4263,Permanent tear duct plug,0.0,2026,Procedure,CMS
A4264,Intratubal occlusion device,0.0,2026,Procedure,CMS
A4265,Paraffin,0.0,2026,Procedure,CMS
A4266,Diaphragm,0.0,2026,Procedure,CMS
A4267,Male condom,0.0,2026,Procedure,CMS
A4268,Female condom,0.0,2026,Procedure,CMS
A4269,Spermicide,0.0,2026,Procedure,CMS
A4270,Disposable endoscope sheath,0.0,2026,Procedure,CMS
A4271,Home lancing/test cartridges,0.0,2026,Procedure,CMS
A4280,Brst prsths adhsv attchmnt,0.0,2026,Procedure,CMS
A4281,Replacement breastpump tube,0.0,2026,Procedure,CMS
A4282,Replacement breastpump adpt,0.0,2026,Procedure,CMS
A4283,Replacement breastpump cap,0.0,2026,Procedure,CMS
A4284,Replcmnt breast pump shield,0.0,2026,Procedure,CMS
A4285,Replcmnt breast pump bottle,0.0,2026,Procedure,CMS
A4286,Replcmnt breastpump lok ring,0.0,2026,Procedure,CMS
A4287,Disp col sto bag breast milk,0.0,2026,Procedure,CMS
A4288,Replacement breastpump valve,0.0,2026,Procedure,CMS
A4290,Sacral nerve stim test lead,0.0,2026,Procedure,CMS
A4295,Straigh tip hydrophilic cath,0.0,2026,Procedure,CMS
A4296,Coude tip hydrophilic cath,0.0,2026,Procedure,CMS
A4297,Hydrophilic coat insert sup,0.0,2026,Procedure,CMS
A4300,Cath impl vasc access portal,0.0,2026,Procedure,CMS
A4301,Implantable access syst perc,0.0,2026,Procedure,CMS
A4305,Drug delivery system >=50 ml,0.0,2026,Procedure,CMS
A4306,Drug delivery system <=50 ml,0.0,2026,Procedure,CMS
A4310,Insert tray w/o bag/cath,0.0,2026,Procedure,CMS
A4311,Catheter w/o bag 2-way latex,0.0,2026,Procedure,CMS
A4312,Cath w/o bag 2-way silicone,0.0,2026,Procedure,CMS
A4313,Catheter w/bag 3-way,0.0,2026,Procedure,CMS
A4314,Cath w/drainage 2-way latex,0.0,2026,Procedure,CMS
A4315,Cath w/drainage 2-way silcne,0.0,2026,Procedure,CMS
A4316,Cath w/drainage 3-way,0.0,2026,Procedure,CMS
A4320,Irrigation tray,0.0,2026,Procedure,CMS
A4321,Cath therapeutic irrig agent,0.0,2026,Procedure,CMS
A4322,Irrigation syringe,0.0,2026,Procedure,CMS
A4326,Male external catheter,0.0,2026,Procedure,CMS
A4327,Fem urinary collect dev cup,0.0,2026,Procedure,CMS
A4328,Fem urinary collect pouch,0.0,2026,Procedure,CMS
A4330,Stool collection pouch,0.0,2026,Procedure,CMS
A4331,Extension drainage tubing,0.0,2026,Procedure,CMS
A4332,Lube sterile packet,0.0,2026,Procedure,CMS
A4333,Urinary cath anchor device,0.0,2026,Procedure,CMS
A4334,Urinary cath leg strap,0.0,2026,Procedure,CMS
A4335,Incontinence supply,0.0,2026,Procedure,CMS
A4336,Urethral insert,0.0,2026,Procedure,CMS
A4337,Incontinent rectal insert,0.0,2026,Procedure,CMS
A4338,Indwelling catheter latex,0.0,2026,Procedure,CMS
A4340,Indwelling catheter special,0.0,2026,Procedure,CMS
A4341,Iduc valve pat inst repl,0.0,2026,Procedure,CMS
A4342,Iduc valve sply repl,0.0,2026,Procedure,CMS
A4344,Cath indw foley 2 way silicn,0.0,2026,Procedure,CMS
A4346,Cath indw foley 3 way,0.0,2026,Procedure,CMS
A4349,Disposable male external cat,0.0,2026,Procedure,CMS
A4351,Straight tip urine catheter,0.0,2026,Procedure,CMS
A4352,Coude tip urinary catheter,0.0,2026,Procedure,CMS
A4353,Intermittent urinary cath,0.0,2026,Procedure,CMS
A4354,Cath insertion tray w/bag,0.0,2026,Procedure,CMS
A4355,Bladder irrigation tubing,0.0,2026,Procedure,CMS
A4356,Ext ureth clmp or compr dvc,0.0,2026,Procedure,CMS
A4357,Bedside drainage bag,0.0,2026,Procedure,CMS
A4358,Urinary leg or abdomen bag,0.0,2026,Procedure,CMS
A4360,Disposable ext urethral dev,0.0,2026,Procedure,CMS
A4361,Ostomy face plate,0.0,2026,Procedure,CMS
A4362,Solid skin barrier,0.0,2026,Procedure,CMS
A4363,"Ostomy clamp, replacement",0.0,2026,Procedure,CMS
A4364,"Adhesive, liquid or equal",0.0,2026,Procedure,CMS
A4366,Ostomy vent,0.0,2026,Procedure,CMS
A4367,Ostomy belt,0.0,2026,Procedure,CMS
A4368,Ostomy filter,0.0,2026,Procedure,CMS
A4369,Skin barrier liquid per oz,0.0,2026,Procedure,CMS
A4371,Skin barrier powder per oz,0.0,2026,Procedure,CMS
A4372,Skin barrier solid 4x4 equiv,0.0,2026,Procedure,CMS
A4373,Skin barrier with flange,0.0,2026,Procedure,CMS
A4375,Drainable plastic pch w fcpl,0.0,2026,Procedure,CMS
A4376,Drainable rubber pch w fcplt,0.0,2026,Procedure,CMS
A4377,Drainable plstic pch w/o fp,0.0,2026,Procedure,CMS
A4378,Drainable rubber pch w/o fp,0.0,2026,Procedure,CMS
A4379,Urinary plastic pouch w fcpl,0.0,2026,Procedure,CMS
A4380,Urinary rubber pouch w fcplt,0.0,2026,Procedure,CMS
A4381,Urinary plastic pouch w/o fp,0.0,2026,Procedure,CMS
A4382,Urinary hvy plstc pch w/o fp,0.0,2026,Procedure,CMS
A4383,Urinary rubber pouch w/o fp,0.0,2026,Procedure,CMS
A4384,Ostomy faceplt/silicone ring,0.0,2026,Procedure,CMS
A4385,Ost skn barrier sld ext wear,0.0,2026,Procedure,CMS
A4387,Ost clsd pouch w att st barr,0.0,2026,Procedure,CMS
A4388,Drainable pch w ex wear barr,0.0,2026,Procedure,CMS
A4389,Drainable pch w st wear barr,0.0,2026,Procedure,CMS
A4390,Drainable pch ex wear convex,0.0,2026,Procedure,CMS
A4391,Urinary pouch w ex wear barr,0.0,2026,Procedure,CMS
A4392,Urinary pouch w st wear barr,0.0,2026,Procedure,CMS
A4393,Urine pch w ex wear bar conv,0.0,2026,Procedure,CMS
A4394,Ostomy pouch liq deodorant,0.0,2026,Procedure,CMS
A4395,Ostomy pouch solid deodorant,0.0,2026,Procedure,CMS
A4396,Peristomal hernia supprt blt,0.0,2026,Procedure,CMS
A4398,Ostomy irrigation bag,0.0,2026,Procedure,CMS
A4399,Ostomy irrig cone/cath w brs,0.0,2026,Procedure,CMS
A4400,Ostomy irrigation set,0.0,2026,Procedure,CMS
A4402,Lubricant per ounce,0.0,2026,Procedure,CMS
A4404,Ostomy ring each,0.0,2026,Procedure,CMS
A4405,Nonpectin based ostomy paste,0.0,2026,Procedure,CMS
A4406,Pectin based ostomy paste,0.0,2026,Procedure,CMS
A4407,"Ext wear ost skn barr <=4sq""",0.0,2026,Procedure,CMS
A4408,"Ext wear ost skn barr >4sq""",0.0,2026,Procedure,CMS
A4409,Ost skn barr convex <=4 sq i,0.0,2026,Procedure,CMS
A4410,Ost skn barr extnd >4 sq,0.0,2026,Procedure,CMS
A4411,Ost skn barr extnd =4sq,0.0,2026,Procedure,CMS
A4412,Ost pouch drain high output,0.0,2026,Procedure,CMS
A4413,2 pc drainable ost pouch,0.0,2026,Procedure,CMS
A4414,Ost sknbar w/o conv<=4 sq in,0.0,2026,Procedure,CMS
A4415,Ost skn barr w/o conv >4 sqi,0.0,2026,Procedure,CMS
A4416,Ost pch clsd w barrier/filtr,0.0,2026,Procedure,CMS
A4417,Ost pch w bar/bltinconv/fltr,0.0,2026,Procedure,CMS
A4418,Ost pch clsd w/o bar w filtr,0.0,2026,Procedure,CMS
A4419,Ost pch for bar w flange/flt,0.0,2026,Procedure,CMS
A4420,Ost pch clsd for bar w lk fl,0.0,2026,Procedure,CMS
A4421,Ostomy supply misc,0.0,2026,Procedure,CMS
A4422,Ost pouch absorbent material,0.0,2026,Procedure,CMS
A4423,Ost pch for bar w lk fl/fltr,0.0,2026,Procedure,CMS
A4424,Ost pch drain w bar & filter,0.0,2026,Procedure,CMS
A4425,Ost pch drain for barrier fl,0.0,2026,Procedure,CMS
A4426,Ost pch drain 2 piece system,0.0,2026,Procedure,CMS
A4427,Ost pch drain/barr lk flng/f,0.0,2026,Procedure,CMS
A4428,Urine ost pouch w faucet/tap,0.0,2026,Procedure,CMS
A4429,Urine ost pouch w bltinconv,0.0,2026,Procedure,CMS
A4430,Ost urine pch w b/bltin conv,0.0,2026,Procedure,CMS
A4431,Ost pch urine w barrier/tapv,0.0,2026,Procedure,CMS
A4432,Os pch urine w bar/fange/tap,0.0,2026,Procedure,CMS
A4433,Urine ost pch bar w lock fln,0.0,2026,Procedure,CMS
A4434,Ost pch urine w lock flng/ft,0.0,2026,Procedure,CMS
A4435,1pc ost pch drain hgh output,0.0,2026,Procedure,CMS
A4436,Irr supply sleev reus per mo,0.0,2026,Procedure,CMS
A4437,Irr supply sleev disp per mo,0.0,2026,Procedure,CMS
A4438,Adhesive clip ext ens contr,0.0,2026,Procedure,CMS
A4450,Non-waterproof tape,0.0,2026,Procedure,CMS
A4452,Waterproof tape,0.0,2026,Procedure,CMS
A4453,"Rec cath any transanal, each",0.0,2026,Procedure,CMS
A4455,Adhesive remover per ounce,0.0,2026,Procedure,CMS
A4456,"Adhesive remover, wipes",0.0,2026,Procedure,CMS
A4457,Enema tube any type repl,0.0,2026,Procedure,CMS
A4458,Reusable enema bag,0.0,2026,Procedure,CMS
A4459,"Transanal irrigation, any",0.0,2026,Procedure,CMS
A4461,Surgicl dress hold non-reuse,0.0,2026,Procedure,CMS
A4463,Surgical dress holder reuse,0.0,2026,Procedure,CMS
A4465,Non-elastic extremity binder,0.0,2026,Procedure,CMS
A4467,Belt strap sleev grmnt cover,0.0,2026,Procedure,CMS
A4468,Exsuff belt incl all sup acc,0.0,2026,Procedure,CMS
A4470,Gravlee jet washer,0.0,2026,Procedure,CMS
A4480,Vabra aspirator,0.0,2026,Procedure,CMS
A4481,Tracheostoma filter,0.0,2026,Procedure,CMS
A4483,Moisture exchanger,0.0,2026,Procedure,CMS
A4490,Above knee surgical stocking,0.0,2026,Procedure,CMS
A4495,Thigh length surg stocking,0.0,2026,Procedure,CMS
A4500,Below knee surgical stocking,0.0,2026,Procedure,CMS
A4510,Full length surg stocking,0.0,2026,Procedure,CMS
A4520,Incontinence garment anytype,0.0,2026,Procedure,CMS
A4540,Trans elec nerv periph nerv,0.0,2026,Procedure,CMS
A4541,Monthly supp use with e0733,0.0,2026,Procedure,CMS
A4542,Supp ext up limb tremor stim,0.0,2026,Procedure,CMS
A4543,Supply trans elec nerve stim,0.0,2026,Procedure,CMS
A4544,Electro nerve stimulator rls,0.0,2026,Procedure,CMS
A4545,Suppl accessor tibial stim,0.0,2026,Procedure,CMS
A4550,Surgical trays,0.0,2026,Procedure,CMS
A4553,"Nondisp underpads, all sizes",0.0,2026,Procedure,CMS
A4554,Disposable underpads,0.0,2026,Procedure,CMS
A4555,Ca tx e-stim electr/transduc,0.0,2026,Procedure,CMS
A4556,"Electrodes, pair",0.0,2026,Procedure,CMS
A4557,"Lead wires, pair",0.0,2026,Procedure,CMS
A4558,Conductive gel or paste,0.0,2026,Procedure,CMS
A4559,Coupling gel or paste,0.0,2026,Procedure,CMS
A4560,Nmes disposable,0.0,2026,Procedure,CMS
A4561,Pessary reusable rub anytype,0.0,2026,Procedure,CMS
A4562,Pessary reusable nonrubber,0.0,2026,Procedure,CMS
A4563,Vag inser rectal control sys,0.0,2026,Procedure,CMS
A4564,"Pessary, disposable any type",0.0,2026,Procedure,CMS
A4565,Slings,0.0,2026,Procedure,CMS
A4566,Should sling/vest/abrestrain,0.0,2026,Procedure,CMS
A4570,Splint,0.0,2026,Procedure,CMS
A4575,Hyperbaric o2 chamber disps,0.0,2026,Procedure,CMS
A4580,Cast supplies (plaster),0.0,2026,Procedure,CMS
A4590,Special casting material,0.0,2026,Procedure,CMS
A4593,Neuromod sti sys adj rehab,0.0,2026,Procedure,CMS
A4594,Neuromod adj rehab mouthpie,0.0,2026,Procedure,CMS
A4595,Tens suppl 2 lead per month,0.0,2026,Procedure,CMS
A4596,Ces system monthly supp,0.0,2026,Procedure,CMS
A4600,"Sleeve, inter limb comp dev",0.0,2026,Procedure,CMS
A4601,Lith ion non prosth recharge,0.0,2026,Procedure,CMS
A4602,Replace lithium battery 1.5v,0.0,2026,Procedure,CMS
A4604,Tubing with heating element,0.0,2026,Procedure,CMS
A4605,Trach suction cath close sys,0.0,2026,Procedure,CMS
A4606,Oxygen probe used w oximeter,0.0,2026,Procedure,CMS
A4608,Transtracheal oxygen cath,0.0,2026,Procedure,CMS
A4611,Heavy duty battery,0.0,2026,Procedure,CMS
A4612,Battery cables,0.0,2026,Procedure,CMS
A4613,Battery charger,0.0,2026,Procedure,CMS
A4614,Hand-held pefr meter,0.0,2026,Procedure,CMS
A4615,Cannula nasal,0.0,2026,Procedure,CMS
A4616,Tubing (oxygen) per foot,0.0,2026,Procedure,CMS
A4617,Mouth piece,0.0,2026,Procedure,CMS
A4618,Breathing circuits,0.0,2026,Procedure,CMS
A4619,Face tent,0.0,2026,Procedure,CMS
A4620,Variable concentration mask,0.0,2026,Procedure,CMS
A4623,Tracheostomy inner cannula,0.0,2026,Procedure,CMS
A4624,Tracheal suction tube,0.0,2026,Procedure,CMS
A4625,Trach care kit for new trach,0.0,2026,Procedure,CMS
A4626,Tracheostomy cleaning brush,0.0,2026,Procedure,CMS
A4627,Spacer bag/reservoir,0.0,2026,Procedure,CMS
A4628,Oropharyngeal suction cath,0.0,2026,Procedure,CMS
A4629,Tracheostomy care kit,0.0,2026,Procedure,CMS
A4630,Repl bat t.e.n.s. own by pt,0.0,2026,Procedure,CMS
A4633,Uvl replacement bulb,0.0,2026,Procedure,CMS
A4634,Replacement bulb th lightbox,0.0,2026,Procedure,CMS
A4635,Underarm crutch pad,0.0,2026,Procedure,CMS
A4636,Handgrip for cane etc,0.0,2026,Procedure,CMS
A4637,Repl tip cane/crutch/walker,0.0,2026,Procedure,CMS
A4638,Repl batt pulse gen sys,0.0,2026,Procedure,CMS
A4639,Infrared ht sys replcmnt pad,0.0,2026,Procedure,CMS
A4640,Alternating pressure pad,0.0,2026,Procedure,CMS
A4641,Radiopharm dx agent noc,0.0,2026,Procedure,CMS
A4642,In111 satumomab,0.0,2026,Procedure,CMS
A4648,Implantable tissue marker,0.0,2026,Procedure,CMS
A4649,Surgical supplies,0.0,2026,Procedure,CMS
A4650,Implant radiation dosimeter,0.0,2026,Procedure,CMS
A4651,Calibrated microcap tube,0.0,2026,Procedure,CMS
A4652,Microcapillary tube sealant,0.0,2026,Procedure,CMS
A4653,Pd catheter anchor belt,0.0,2026,Procedure,CMS
A4657,Syringe w/wo needle,0.0,2026,Procedure,CMS
A4660,Sphyg/bp app w cuff and stet,0.0,2026,Procedure,CMS
A4663,Dialysis blood pressure cuff,0.0,2026,Procedure,CMS
A4670,"Automatic bp monitor, dial",0.0,2026,Procedure,CMS
A4671,Disposable cycler set,0.0,2026,Procedure,CMS
A4672,"Drainage ext line, dialysis",0.0,2026,Procedure,CMS
A4673,Ext line w easy lock connect,0.0,2026,Procedure,CMS
A4674,"Chem/antisept solution, 8oz",0.0,2026,Procedure,CMS
A4680,"Activated carbon filter, ea",0.0,2026,Procedure,CMS
A4690,"Dialyzer, each",0.0,2026,Procedure,CMS
A4706,Bicarbonate conc sol per gal,0.0,2026,Procedure,CMS
A4707,Bicarbonate conc pow per pac,0.0,2026,Procedure,CMS
A4708,Acetate conc sol per gallon,0.0,2026,Procedure,CMS
A4709,Acid conc sol per gallon,0.0,2026,Procedure,CMS
A4714,Treated water per gallon,0.0,2026,Procedure,CMS
A4719,"""y set"" tubing",0.0,2026,Procedure,CMS
A4720,Dialysat sol fld vol > 249cc,0.0,2026,Procedure,CMS
A4721,Dialysat sol fld vol > 999cc,0.0,2026,Procedure,CMS
A4722,Dialys sol fld vol > 1999cc,0.0,2026,Procedure,CMS
A4723,Dialys sol fld vol > 2999cc,0.0,2026,Procedure,CMS
A4724,Dialys sol fld vol > 3999cc,0.0,2026,Procedure,CMS
A4725,Dialys sol fld vol > 4999cc,0.0,2026,Procedure,CMS
A4726,Dialys sol fld vol > 5999cc,0.0,2026,Procedure,CMS
A4728,"Dialysate solution, non-dex",0.0,2026,Procedure,CMS
A4730,"Fistula cannulation set, ea",0.0,2026,Procedure,CMS
A4736,"Topical anesthetic, per gram",0.0,2026,Procedure,CMS
A4737,Inj anesthetic per 10 ml,0.0,2026,Procedure,CMS
A4740,Shunt accessory,0.0,2026,Procedure,CMS
A4750,Art or venous blood tubing,0.0,2026,Procedure,CMS
A4755,Comb art/venous blood tubing,0.0,2026,Procedure,CMS
A4760,"Dialysate sol test kit, each",0.0,2026,Procedure,CMS
A4765,Dialysate conc pow per pack,0.0,2026,Procedure,CMS
A4766,Dialysate conc sol add 10 ml,0.0,2026,Procedure,CMS
A4770,Blood collection tube/vacuum,0.0,2026,Procedure,CMS
A4771,Serum clotting time tube,0.0,2026,Procedure,CMS
A4772,Blood glucose test strips,0.0,2026,Procedure,CMS
A4773,Occult blood test strips,0.0,2026,Procedure,CMS
A4774,Ammonia test strips,0.0,2026,Procedure,CMS
A4802,Protamine sulfate per 50 mg,0.0,2026,Procedure,CMS
A4860,Disposable catheter tips,0.0,2026,Procedure,CMS
A4870,Plumb/elec wk hm hemo equip,0.0,2026,Procedure,CMS
A4890,Repair/maint cont hemo equip,0.0,2026,Procedure,CMS
A4911,Drain bag/bottle,0.0,2026,Procedure,CMS
A4913,Misc dialysis supplies noc,0.0,2026,Procedure,CMS
A4918,Venous pressure clamp,0.0,2026,Procedure,CMS
A4927,Non-sterile gloves,0.0,2026,Procedure,CMS
A4928,Surgical mask,0.0,2026,Procedure,CMS
A4929,"Tourniquet for dialysis, ea",0.0,2026,Procedure,CMS
A4930,"Sterile, gloves per pair",0.0,2026,Procedure,CMS
A4931,Reusable oral thermometer,0.0,2026,Procedure,CMS
A4932,Reusable rectal thermometer,0.0,2026,Procedure,CMS
A5051,Pouch clsd w barr attached,0.0,2026,Procedure,CMS
A5052,Clsd ostomy pouch w/o barr,0.0,2026,Procedure,CMS
A5053,Clsd ostomy pouch faceplate,0.0,2026,Procedure,CMS
A5054,Clsd ostomy pouch w/flange,0.0,2026,Procedure,CMS
A5055,Stoma cap,0.0,2026,Procedure,CMS
A5056,1 pc ost pouch w filter,0.0,2026,Procedure,CMS
A5057,1 pc ost pou w built-in conv,0.0,2026,Procedure,CMS
A5061,Pouch drainable w barrier at,0.0,2026,Procedure,CMS
A5062,Drnble ostomy pouch w/o barr,0.0,2026,Procedure,CMS
A5063,Drain ostomy pouch w/flange,0.0,2026,Procedure,CMS
A5071,Urinary pouch w/barrier,0.0,2026,Procedure,CMS
A5072,Urinary pouch w/o barrier,0.0,2026,Procedure,CMS
A5073,Urinary pouch on barr w/flng,0.0,2026,Procedure,CMS
A5081,"Stoma plug or seal, any type",0.0,2026,Procedure,CMS
A5082,Continent stoma catheter,0.0,2026,Procedure,CMS
A5083,Stoma absorptive cover,0.0,2026,Procedure,CMS
A5093,Ostomy accessory convex inse,0.0,2026,Procedure,CMS
A5102,Bedside drain btl w/wo tube,0.0,2026,Procedure,CMS
A5105,Urinary suspensory,0.0,2026,Procedure,CMS
A5112,Urinary leg bag,0.0,2026,Procedure,CMS
A5113,Latex leg strap,0.0,2026,Procedure,CMS
A5114,Foam/fabric leg strap,0.0,2026,Procedure,CMS
A5120,"Skin barrier, wipe or swab",0.0,2026,Procedure,CMS
A5121,Solid skin barrier 6x6,0.0,2026,Procedure,CMS
A5122,Solid skin barrier 8x8,0.0,2026,Procedure,CMS
A5126,Disk/foam pad +or- adhesive,0.0,2026,Procedure,CMS
A5131,Appliance cleaner,0.0,2026,Procedure,CMS
A5200,Percutaneous catheter anchor,0.0,2026,Procedure,CMS
A5500,Diab shoe for density insert,0.0,2026,Procedure,CMS
A5501,Diabetic custom molded shoe,0.0,2026,Procedure,CMS
A5503,Diabetic shoe w/roller/rockr,0.0,2026,Procedure,CMS
A5504,Diabetic shoe with wedge,0.0,2026,Procedure,CMS
A5505,Diab shoe w/metatarsal bar,0.0,2026,Procedure,CMS
A5506,Diabetic shoe w/off set heel,0.0,2026,Procedure,CMS
A5507,Modification diabetic shoe,0.0,2026,Procedure,CMS
A5508,Diabetic deluxe shoe,0.0,2026,Procedure,CMS
A5510,Compression form shoe insert,0.0,2026,Procedure,CMS
A5512,Multi den insert direct form,0.0,2026,Procedure,CMS
A5513,Multi den insert custom mold,0.0,2026,Procedure,CMS
A5514,Mult den insert dir carv/cam,0.0,2026,Procedure,CMS
A6000,Wound warming wound cover,0.0,2026,Procedure,CMS
A6010,Collagen based wound filler,0.0,2026,Procedure,CMS
A6011,Collagen gel/paste wound fil,0.0,2026,Procedure,CMS
A6021,Collagen dressing <=16 sq in,0.0,2026,Procedure,CMS
A6022,Collagen drsg>16<=48 sq in,0.0,2026,Procedure,CMS
A6023,Collagen dressing >48 sq in,0.0,2026,Procedure,CMS
A6024,Collagen dsg wound filler,0.0,2026,Procedure,CMS
A6025,"Silicone gel sheet, each",0.0,2026,Procedure,CMS
A6154,Wound pouch each,0.0,2026,Procedure,CMS
A6196,Alginate dressing <=16 sq in,0.0,2026,Procedure,CMS
A6197,Alginate drsg >16 <=48 sq in,0.0,2026,Procedure,CMS
A6198,Alginate dressing > 48 sq in,0.0,2026,Procedure,CMS
A6199,Alginate drsg wound filler,0.0,2026,Procedure,CMS
A6203,Composite drsg <= 16 sq in,0.0,2026,Procedure,CMS
A6204,Composite drsg >16<=48 sq in,0.0,2026,Procedure,CMS
A6205,Composite drsg > 48 sq in,0.0,2026,Procedure,CMS
A6206,Contact layer <= 16 sq in,0.0,2026,Procedure,CMS
A6207,Contact layer >16<= 48 sq in,0.0,2026,Procedure,CMS
A6208,Contact layer > 48 sq in,0.0,2026,Procedure,CMS
A6209,Foam drsg <=16 sq in w/o bdr,0.0,2026,Procedure,CMS
A6210,Foam drg >16<=48 sq in w/o b,0.0,2026,Procedure,CMS
A6211,Foam drg > 48 sq in w/o brdr,0.0,2026,Procedure,CMS
A6212,Foam drg <=16 sq in w/border,0.0,2026,Procedure,CMS
A6213,Foam drg >16<=48 sq in w/bdr,0.0,2026,Procedure,CMS
A6214,Foam drg > 48 sq in w/border,0.0,2026,Procedure,CMS
A6215,Foam dressing wound filler,0.0,2026,Procedure,CMS
A6216,Non-sterile gauze<=16 sq in,0.0,2026,Procedure,CMS
A6217,Non-sterile gauze>16<=48 sq,0.0,2026,Procedure,CMS
A6218,Non-sterile gauze > 48 sq in,0.0,2026,Procedure,CMS
A6219,Gauze <= 16 sq in w/border,0.0,2026,Procedure,CMS
A6220,Gauze >16 <=48 sq in w/bordr,0.0,2026,Procedure,CMS
A6221,Gauze > 48 sq in w/border,0.0,2026,Procedure,CMS
A6222,Gauze <=16 in no w/sal w/o b,0.0,2026,Procedure,CMS
A6223,Gauze >16<=48 no w/sal w/o b,0.0,2026,Procedure,CMS
A6224,Gauze > 48 in no w/sal w/o b,0.0,2026,Procedure,CMS
A6228,Gauze <= 16 sq in water/sal,0.0,2026,Procedure,CMS
A6229,Gauze >16<=48 sq in watr/sal,0.0,2026,Procedure,CMS
A6230,Gauze > 48 sq in water/salne,0.0,2026,Procedure,CMS
A6231,Hydrogel dsg<=16 sq in,0.0,2026,Procedure,CMS
A6232,Hydrogel dsg>16<=48 sq in,0.0,2026,Procedure,CMS
A6233,Hydrogel dressing >48 sq in,0.0,2026,Procedure,CMS
A6234,Hydrocolld drg <=16 w/o bdr,0.0,2026,Procedure,CMS
A6235,Hydrocolld drg >16<=48 w/o b,0.0,2026,Procedure,CMS
A6236,Hydrocolld drg > 48 in w/o b,0.0,2026,Procedure,CMS
A6237,Hydrocolld drg <=16 in w/bdr,0.0,2026,Procedure,CMS
A6238,Hydrocolld drg >16<=48 w/bdr,0.0,2026,Procedure,CMS
A6239,Hydrocolld drg > 48 in w/bdr,0.0,2026,Procedure,CMS
A6240,Hydrocolld drg filler paste,0.0,2026,Procedure,CMS
A6241,Hydrocolloid drg filler dry,0.0,2026,Procedure,CMS
A6242,Hydrogel drg <=16 in w/o bdr,0.0,2026,Procedure,CMS
A6243,Hydrogel drg >16<=48 w/o bdr,0.0,2026,Procedure,CMS
A6244,Hydrogel drg >48 in w/o bdr,0.0,2026,Procedure,CMS
A6245,Hydrogel drg <= 16 in w/bdr,0.0,2026,Procedure,CMS
A6246,Hydrogel drg >16<=48 in w/b,0.0,2026,Procedure,CMS
A6247,Hydrogel drg > 48 sq in w/b,0.0,2026,Procedure,CMS
A6248,Hydrogel drsg gel filler,0.0,2026,Procedure,CMS
A6250,Skin seal protect moisturizr,0.0,2026,Procedure,CMS
A6251,Absorpt drg <=16 sq in w/o b,0.0,2026,Procedure,CMS
A6252,Absorpt drg >16 <=48 w/o bdr,0.0,2026,Procedure,CMS
A6253,Absorpt drg > 48 sq in w/o b,0.0,2026,Procedure,CMS
A6254,Absorpt drg <=16 sq in w/bdr,0.0,2026,Procedure,CMS
A6255,Absorpt drg >16<=48 in w/bdr,0.0,2026,Procedure,CMS
A6256,Absorpt drg > 48 sq in w/bdr,0.0,2026,Procedure,CMS
A6257,Transparent film <= 16 sq in,0.0,2026,Procedure,CMS
A6258,Transparent film >16<=48 in,0.0,2026,Procedure,CMS
A6259,Transparent film > 48 sq in,0.0,2026,Procedure,CMS
A6260,Wound cleanser any type/size,0.0,2026,Procedure,CMS
A6261,Wound filler gel/paste /oz,0.0,2026,Procedure,CMS
A6262,Wound filler dry form / gram,0.0,2026,Procedure,CMS
A6266,Impreg gauze no h20/sal/yard,0.0,2026,Procedure,CMS
A6402,Sterile gauze <= 16 sq in,0.0,2026,Procedure,CMS
A6403,Sterile gauze>16 <= 48 sq in,0.0,2026,Procedure,CMS
A6404,Sterile gauze > 48 sq in,0.0,2026,Procedure,CMS
A6407,"Packing strips, non-impreg",0.0,2026,Procedure,CMS
A6410,Sterile eye pad,0.0,2026,Procedure,CMS
A6411,Non-sterile eye pad,0.0,2026,Procedure,CMS
A6412,Occlusive eye patch,0.0,2026,Procedure,CMS
A6413,"Adhesive bandage, first-aid",0.0,2026,Procedure,CMS
A6441,"Pad band w>=3"" <5""/yd",0.0,2026,Procedure,CMS
A6442,"Conform band n/s w<3""/yd",0.0,2026,Procedure,CMS
A6443,"Conform band n/s w>=3""<5""/yd",0.0,2026,Procedure,CMS
A6444,"Conform band n/s w>=5""/yd",0.0,2026,Procedure,CMS
A6445,"Conform band s w <3""/yd",0.0,2026,Procedure,CMS
A6446,"Conform band s w>=3"" <5""/yd",0.0,2026,Procedure,CMS
A6447,"Conform band s w >=5""/yd",0.0,2026,Procedure,CMS
A6448,"Lt compres band <3""/yd",0.0,2026,Procedure,CMS
A6449,"Lt compres band >=3"" <5""/yd",0.0,2026,Procedure,CMS
A6450,"Lt compres band >=5""/yd",0.0,2026,Procedure,CMS
A6451,"Mod compres band w>=3""<5""/yd",0.0,2026,Procedure,CMS
A6452,"High compres band w>=3""<5""yd",0.0,2026,Procedure,CMS
A6453,"Self-adher band w <3""/yd",0.0,2026,Procedure,CMS
A6454,"Self-adher band w>=3"" <5""/yd",0.0,2026,Procedure,CMS
A6455,"Self-adher band >=5""/yd",0.0,2026,Procedure,CMS
A6456,"Zinc paste band w >=3""<5""/yd",0.0,2026,Procedure,CMS
A6457,Tubular dressing,0.0,2026,Procedure,CMS
A6460,Synthetic drsg <= 16 sq in,0.0,2026,Procedure,CMS
A6461,Synthetic drsg >16<=48 sq in,0.0,2026,Procedure,CMS
A6501,Compres burngarment bodysuit,0.0,2026,Procedure,CMS
A6502,Compres burngarment chinstrp,0.0,2026,Procedure,CMS
A6503,Compres burngarment facehood,0.0,2026,Procedure,CMS
A6504,Cmprsburngarment glove-wrist,0.0,2026,Procedure,CMS
A6505,Cmprsburngarment glove-elbow,0.0,2026,Procedure,CMS
A6506,Cmprsburngrmnt glove-axilla,0.0,2026,Procedure,CMS
A6507,Cmprs burngarment foot-knee,0.0,2026,Procedure,CMS
A6508,Cmprs burngarment foot-thigh,0.0,2026,Procedure,CMS
A6509,Compres burn garment jacket,0.0,2026,Procedure,CMS
A6510,Compres burn garment leotard,0.0,2026,Procedure,CMS
A6511,Compres burn garment panty,0.0,2026,Procedure,CMS
A6512,"Compres burn garment, noc",0.0,2026,Procedure,CMS
A6513,Compress burn mask face/neck,0.0,2026,Procedure,CMS
A6515,Grad com wrap w str fu le cu,0.0,2026,Procedure,CMS
A6516,Grad com wrap w strap foo cu,0.0,2026,Procedure,CMS
A6517,Grad com wrap w strap bn cus,0.0,2026,Procedure,CMS
A6518,Grad com wrap w strap arm cu,0.0,2026,Procedure,CMS
A6519,Grad com garm noc night use,0.0,2026,Procedure,CMS
A6520,G com garmnt glove nghttime,0.0,2026,Procedure,CMS
A6521,G com garmnt glove nght cust,0.0,2026,Procedure,CMS
A6522,G com garment arm nighttime,0.0,2026,Procedure,CMS
A6523,G com garment arm nght custm,0.0,2026,Procedure,CMS
A6524,G com garmnt lwr leg/ft nght,0.0,2026,Procedure,CMS
A6525,G com garm lwrleg/ft ngt cus,0.0,2026,Procedure,CMS
A6526,G com garmt full leg/ft nght,0.0,2026,Procedure,CMS
A6527,G garmt full leg/ft nght cus,0.0,2026,Procedure,CMS
A6528,G com garment bra nighttime,0.0,2026,Procedure,CMS
A6529,G com garmt bra night custm,0.0,2026,Procedure,CMS
A6530,Compression stocking bk18-30,0.0,2026,Procedure,CMS
A6531,Compress stking bk30-40 surg,0.0,2026,Procedure,CMS
A6532,Compress stking bk40-50 surg,0.0,2026,Procedure,CMS
A6533,Gc stocking thighlngth 18-30,0.0,2026,Procedure,CMS
A6534,Gc stocking thighlngth 30-40,0.0,2026,Procedure,CMS
A6535,Gc stocking thighlngth 40+,0.0,2026,Procedure,CMS
A6536,Gc stocking full lngth 18-30,0.0,2026,Procedure,CMS
A6537,Gc stocking full lngth 30-40,0.0,2026,Procedure,CMS
A6538,Gc stocking full lngth 40+,0.0,2026,Procedure,CMS
A6539,Gc stocking waistlngth 18-30,0.0,2026,Procedure,CMS
A6540,Gc stocking waistlngth 30-40,0.0,2026,Procedure,CMS
A6541,Gc stocking waistlngth 40+,0.0,2026,Procedure,CMS
A6544,Gc stocking garter belt,0.0,2026,Procedure,CMS
A6545,Grad com non-elastic bk surg,0.0,2026,Procedure,CMS
A6549,Grad com garm noc day use,0.0,2026,Procedure,CMS
A6550,Neg pres wound ther drsg set,0.0,2026,Procedure,CMS
A6552,Grad com stocking bk 30-40,0.0,2026,Procedure,CMS
A6553,G com stcking bk 30-40 custm,0.0,2026,Procedure,CMS
A6554,Grad com stocking bk 40+,0.0,2026,Procedure,CMS
A6555,G com stcking bk 40+ custm,0.0,2026,Procedure,CMS
A6556,G com stcking thgh18-30 cust,0.0,2026,Procedure,CMS
A6557,G com stcking thgh30-40 cust,0.0,2026,Procedure,CMS
A6558,G com stcking thgh 40+ cust,0.0,2026,Procedure,CMS
A6559,G stckng full/chap18-30 cust,0.0,2026,Procedure,CMS
A6560,G stckng full/chap30-40 cust,0.0,2026,Procedure,CMS
A6561,G stockng full/chap 40+ cust,0.0,2026,Procedure,CMS
A6562,G com stckng waist18-30 cust,0.0,2026,Procedure,CMS
A6563,G com stckng waist30-40 cust,0.0,2026,Procedure,CMS
A6564,G com stckng waist 40+ cust,0.0,2026,Procedure,CMS
A6565,Grad comp gauntlet custom,0.0,2026,Procedure,CMS
A6566,Grad com garment neck/head,0.0,2026,Procedure,CMS
A6567,G com garment neck/head cust,0.0,2026,Procedure,CMS
A6568,G com garment torso/shldr,0.0,2026,Procedure,CMS
A6569,G com garmnt torso/shdr cust,0.0,2026,Procedure,CMS
A6570,Grad com garment genital,0.0,2026,Procedure,CMS
A6571,G com garment genital custm,0.0,2026,Procedure,CMS
A6572,Grad com garment toe caps,0.0,2026,Procedure,CMS
A6573,Grad com garmnt toe cap cust,0.0,2026,Procedure,CMS
A6574,Custom gradient sleev/glov,0.0,2026,Procedure,CMS
A6575,Gradient comp sleev/glov,0.0,2026,Procedure,CMS
A6576,Custom grad com sleeve med,0.0,2026,Procedure,CMS
A6577,Custom grad cm sleeve heavy,0.0,2026,Procedure,CMS
A6578,Gradient comp sleeve,0.0,2026,Procedure,CMS
A6579,Custom grad com glove med,0.0,2026,Procedure,CMS
A6580,Custom grad com glove heavy,0.0,2026,Procedure,CMS
A6581,Gradient comp glove,0.0,2026,Procedure,CMS
A6582,Gradient comp gauntlet,0.0,2026,Procedure,CMS
A6583,Grad com wrap w straps bk,0.0,2026,Procedure,CMS
A6584,Grad com wrap w straps,0.0,2026,Procedure,CMS
A6585,Grad com wrap w straps ak,0.0,2026,Procedure,CMS
A6586,Grad com wrap w strap fu leg,0.0,2026,Procedure,CMS
A6587,Grad com wrap w straps foot,0.0,2026,Procedure,CMS
A6588,Grad com wrap w strap arm,0.0,2026,Procedure,CMS
A6589,Grad com wrap w straps bra,0.0,2026,Procedure,CMS
A6590,Urinary cath disp suc pump,0.0,2026,Procedure,CMS
A6591,Urinary cath suc pump,0.0,2026,Procedure,CMS
A6593,Grad com accessory gmt_wrap,0.0,2026,Procedure,CMS
A6594,G comp bandge liner lwr extr,0.0,2026,Procedure,CMS
A6595,G comp bandge liner upr extr,0.0,2026,Procedure,CMS
A6596,G comp bandge conform gauze,0.0,2026,Procedure,CMS
A6597,G comp bandage long stretch,0.0,2026,Procedure,CMS
A6598,G comp bandage med stretch,0.0,2026,Procedure,CMS
A6599,G comp bandage short stretch,0.0,2026,Procedure,CMS
A6600,G com bandge hgh dn foam sht,0.0,2026,Procedure,CMS
A6601,G com bandge hgh dn foam pad,0.0,2026,Procedure,CMS
A6602,G com bandge hgh dn foamroll,0.0,2026,Procedure,CMS
A6603,G com bandge low dn foamchnl,0.0,2026,Procedure,CMS
A6604,G com bandge low dn foam flt,0.0,2026,Procedure,CMS
A6605,G com bandage padded foam,0.0,2026,Procedure,CMS
A6606,G com bandage padded textile,0.0,2026,Procedure,CMS
A6607,G com bandage tub protct lyr,0.0,2026,Procedure,CMS
A6608,G com bandage tub protct pad,0.0,2026,Procedure,CMS
A6609,G compression bandaging,0.0,2026,Procedure,CMS
A6610,G com stcking bk 18-30 custm,0.0,2026,Procedure,CMS
A6611,Grad com wrap w strap ak cus,0.0,2026,Procedure,CMS
A7000,Disposable canister for pump,0.0,2026,Procedure,CMS
A7001,Nondisposable pump canister,0.0,2026,Procedure,CMS
A7002,Tubing used w suction pump,0.0,2026,Procedure,CMS
A7003,Nebulizer administration set,0.0,2026,Procedure,CMS
A7004,Disposable nebulizer sml vol,0.0,2026,Procedure,CMS
A7005,Nondisposable nebulizer set,0.0,2026,Procedure,CMS
A7006,Filtered nebulizer admin set,0.0,2026,Procedure,CMS
A7007,Lg vol nebulizer disposable,0.0,2026,Procedure,CMS
A7008,Disposable nebulizer prefill,0.0,2026,Procedure,CMS
A7009,Nebulizer reservoir bottle,0.0,2026,Procedure,CMS
A7010,Disposable corrugated tubing,0.0,2026,Procedure,CMS
A7012,Nebulizer water collec devic,0.0,2026,Procedure,CMS
A7013,Disposable compressor filter,0.0,2026,Procedure,CMS
A7014,Compressor nondispos filter,0.0,2026,Procedure,CMS
A7015,Aerosol mask used w nebulize,0.0,2026,Procedure,CMS
A7016,Nebulizer dome & mouthpiece,0.0,2026,Procedure,CMS
A7017,Nebulizer not used w oxygen,0.0,2026,Procedure,CMS
A7018,Water distilled w/nebulizer,0.0,2026,Procedure,CMS
A7020,"Interface, cough stim device",0.0,2026,Procedure,CMS
A7021,Suppl and access lung expan,0.0,2026,Procedure,CMS
A7023,Mech allergen parti barrier,0.0,2026,Procedure,CMS
A7025,Replace chest compress vest,0.0,2026,Procedure,CMS
A7026,Replace chst cmprss sys hose,0.0,2026,Procedure,CMS
A7027,Combination oral/nasal mask,0.0,2026,Procedure,CMS
A7028,Repl oral cushion combo mask,0.0,2026,Procedure,CMS
A7029,Repl nasal pillow comb mask,0.0,2026,Procedure,CMS
A7030,Cpap full face mask,0.0,2026,Procedure,CMS
A7031,Replacement facemask interfa,0.0,2026,Procedure,CMS
A7032,Replacement nasal cushion,0.0,2026,Procedure,CMS
A7033,Replacement nasal pillows,0.0,2026,Procedure,CMS
A7034,Nasal application device,0.0,2026,Procedure,CMS
A7035,Pos airway press headgear,0.0,2026,Procedure,CMS
A7036,Pos airway press chinstrap,0.0,2026,Procedure,CMS
A7037,Pos airway pressure tubing,0.0,2026,Procedure,CMS
A7038,Pos airway pressure filter,0.0,2026,Procedure,CMS
A7039,"Filter, non disposable w pap",0.0,2026,Procedure,CMS
A7040,One way chest drain valve,0.0,2026,Procedure,CMS
A7041,Water seal drain container,0.0,2026,Procedure,CMS
A7044,Pap oral interface,0.0,2026,Procedure,CMS
A7045,Repl exhalation port for pap,0.0,2026,Procedure,CMS
A7046,"Repl water chamber, pap dev",0.0,2026,Procedure,CMS
A7047,Resp suction oral interface,0.0,2026,Procedure,CMS
A7048,Vacuum drain bottle/tube kit,0.0,2026,Procedure,CMS
A7049,Epap nasal valve,0.0,2026,Procedure,CMS
A7501,Tracheostoma valve w diaphra,0.0,2026,Procedure,CMS
A7502,Replacement diaphragm/fplate,0.0,2026,Procedure,CMS
A7503,Hmes filter holder or cap,0.0,2026,Procedure,CMS
A7504,Tracheostoma hmes filter,0.0,2026,Procedure,CMS
A7505,Hmes or trach valve housing,0.0,2026,Procedure,CMS
A7506,Hmes/trachvalve adhesivedisk,0.0,2026,Procedure,CMS
A7507,Integrated filter & holder,0.0,2026,Procedure,CMS
A7508,Housing & integrated adhesiv,0.0,2026,Procedure,CMS
A7509,Heat & moisture exchange sys,0.0,2026,Procedure,CMS
A7520,Trach/laryn tube non-cuffed,0.0,2026,Procedure,CMS
A7521,Trach/laryn tube cuffed,0.0,2026,Procedure,CMS
A7522,Trach/laryn tube stainless,0.0,2026,Procedure,CMS
A7523,Tracheostomy shower protect,0.0,2026,Procedure,CMS
A7524,Tracheostoma stent/stud/bttn,0.0,2026,Procedure,CMS
A7525,Tracheostomy mask,0.0,2026,Procedure,CMS
A7526,Tracheostomy tube collar,0.0,2026,Procedure,CMS
A7527,Trach/laryn tube plug/stop,0.0,2026,Procedure,CMS
A8000,Soft protect helmet prefab,0.0,2026,Procedure,CMS
A8001,Hard protect helmet prefab,0.0,2026,Procedure,CMS
A8002,Soft protect helmet custom,0.0,2026,Procedure,CMS
A8003,Hard protect helmet custom,0.0,2026,Procedure,CMS
A8004,"Repl soft interface, helmet",0.0,2026,Procedure,CMS
A9150,Misc/exper non-prescript dru,0.0,2026,Procedure,CMS
A9152,Single vitamin nos,0.0,2026,Procedure,CMS
A9153,Multi-vitamin nos,0.0,2026,Procedure,CMS
A9154,"Artificial saliva, 1 ml",0.0,2026,Procedure,CMS
A9156,Oral mucoadhesive per 1 ml,0.0,2026,Procedure,CMS
A9180,"Lice treatment, topical",0.0,2026,Procedure,CMS
A9268,Programmer orally ingest cap,0.0,2026,Procedure,CMS
A9269,Programable ingest capsule,0.0,2026,Procedure,CMS
A9270,Non-covered item or service,0.0,2026,Procedure,CMS
A9272,"Disp wound suct, drsg/access",0.0,2026,Procedure,CMS
A9273,Hot/cold botle/cap/col/wrap,0.0,2026,Procedure,CMS
A9274,Ext amb insulin delivery sys,0.0,2026,Procedure,CMS
A9275,Disp home glucose monitor,0.0,2026,Procedure,CMS
A9276,"Disposable sensor, cgm sys",0.0,2026,Procedure,CMS
A9277,"External transmitter, cgm",0.0,2026,Procedure,CMS
A9278,"External receiver, cgm sys",0.0,2026,Procedure,CMS
A9279,Monitoring feature/devicenoc,0.0,2026,Procedure,CMS
A9280,"Alert device, noc",0.0,2026,Procedure,CMS
A9281,Reaching/grabbing device,0.0,2026,Procedure,CMS
A9282,Wig any type,0.0,2026,Procedure,CMS
A9283,Foot press off load supp dev,0.0,2026,Procedure,CMS
A9284,Non-electronic spirometer,0.0,2026,Procedure,CMS
A9285,Inversion eversion cor devic,0.0,2026,Procedure,CMS
A9286,"Any hygienic item, device",0.0,2026,Procedure,CMS
A9291,Pres dig cog behav thera fda,0.0,2026,Procedure,CMS
A9292,Pres dig visual therapy fda,0.0,2026,Procedure,CMS
A9293,Fertility cycl tracking soft,0.0,2026,Procedure,CMS
A9300,Exercise equipment,0.0,2026,Procedure,CMS
A9500,Tc99m sestamibi,0.0,2026,Procedure,CMS
A9501,Technetium tc-99m teboroxime,0.0,2026,Procedure,CMS
A9502,Tc99m tetrofosmin,0.0,2026,Procedure,CMS
A9503,Tc99m medronate,0.0,2026,Procedure,CMS
A9504,Tc99m apcitide,0.0,2026,Procedure,CMS
A9505,Tl201 thallium,0.0,2026,Procedure,CMS
A9506,Tc-99m graphite crucible,0.0,2026,Procedure,CMS
A9507,In111 capromab,0.0,2026,Procedure,CMS
A9508,"I131 iodobenguate, dx",0.0,2026,Procedure,CMS
A9509,Iodine i-123 sod iodide mil,0.0,2026,Procedure,CMS
A9510,Tc99m disofenin,0.0,2026,Procedure,CMS
A9512,Tc99m pertechnetate,0.0,2026,Procedure,CMS
A9513,Lutetium lu 177 dotatat ther,0.0,2026,Procedure,CMS
A9515,Choline c-11,0.0,2026,Procedure,CMS
A9516,Iodine i-123 sod iodide mic,0.0,2026,Procedure,CMS
A9517,"I131 iodide cap, rx",0.0,2026,Procedure,CMS
A9520,Tc99 tilmanocept diag 0.5mci,0.0,2026,Procedure,CMS
A9521,Tc99m exametazime,0.0,2026,Procedure,CMS
A9524,"I131 serum albumin, dx",0.0,2026,Procedure,CMS
A9526,Nitrogen n-13 ammonia,0.0,2026,Procedure,CMS
A9527,Iodine i-125 sodium iodide,0.0,2026,Procedure,CMS
A9528,"Iodine i-131 iodide cap, dx",0.0,2026,Procedure,CMS
A9529,"I131 iodide sol, dx",0.0,2026,Procedure,CMS
A9530,"I131 iodide sol, rx",0.0,2026,Procedure,CMS
A9531,I131 max 100uci,0.0,2026,Procedure,CMS
A9532,"I125 serum albumin, dx",0.0,2026,Procedure,CMS
A9536,Tc99m depreotide,0.0,2026,Procedure,CMS
A9537,Tc99m mebrofenin,0.0,2026,Procedure,CMS
A9538,Tc99m pyrophosphate,0.0,2026,Procedure,CMS
A9539,Tc99m pentetate,0.0,2026,Procedure,CMS
A9540,Tc99m maa,0.0,2026,Procedure,CMS
A9541,Tc99m sulfur colloid,0.0,2026,Procedure,CMS
A9542,"In111 ibritumomab, dx",0.0,2026,Procedure,CMS
A9543,"Y90 ibritumomab, rx",0.0,2026,Procedure,CMS
A9546,Co57/58,0.0,2026,Procedure,CMS
A9547,In111 oxyquinoline,0.0,2026,Procedure,CMS
A9548,In111 pentetate,0.0,2026,Procedure,CMS
A9550,Tc99m gluceptate,0.0,2026,Procedure,CMS
A9551,Tc99m succimer,0.0,2026,Procedure,CMS
A9552,F18 fdg,0.0,2026,Procedure,CMS
A9553,Cr51 chromate,0.0,2026,Procedure,CMS
A9554,"I125 iothalamate, dx",0.0,2026,Procedure,CMS
A9555,Rb82 rubidium,0.0,2026,Procedure,CMS
A9556,Ga67 gallium,0.0,2026,Procedure,CMS
A9557,Tc99m bicisate,0.0,2026,Procedure,CMS
A9558,Xe133 xenon 10mci,0.0,2026,Procedure,CMS
A9559,Co57 cyano,0.0,2026,Procedure,CMS
A9560,Tc99m labeled rbc,0.0,2026,Procedure,CMS
A9561,Tc99m oxidronate,0.0,2026,Procedure,CMS
A9562,Tc99m mertiatide,0.0,2026,Procedure,CMS
A9563,P32 na phosphate,0.0,2026,Procedure,CMS
A9564,P32 chromic phosphate,0.0,2026,Procedure,CMS
A9566,Tc99m fanolesomab,0.0,2026,Procedure,CMS
A9567,Technetium tc-99m aerosol,0.0,2026,Procedure,CMS
A9568,Technetium tc99m arcitumomab,0.0,2026,Procedure,CMS
A9569,Technetium tc-99m auto wbc,0.0,2026,Procedure,CMS
A9570,Indium in-111 auto wbc,0.0,2026,Procedure,CMS
A9571,Indium in-111 auto platelet,0.0,2026,Procedure,CMS
A9572,Indium in-111 pentetreotide,0.0,2026,Procedure,CMS
A9573,"Inj, gadopiclenol, 1 ml",0.0,2026,Procedure,CMS
A9575,Inj gadoterate meglumi 0.1ml,0.0,2026,Procedure,CMS
A9576,Inj prohance multipack,0.0,2026,Procedure,CMS
A9577,Inj multihance,0.0,2026,Procedure,CMS
A9578,Inj multihance multipack,0.0,2026,Procedure,CMS
A9579,"Gad-base mr contrast nos,1ml",0.0,2026,Procedure,CMS
A9580,Sodium fluoride f-18,0.0,2026,Procedure,CMS
A9581,Gadoxetate disodium inj,0.0,2026,Procedure,CMS
A9582,Iodine i-123 iobenguane,0.0,2026,Procedure,CMS
A9583,Gadofosveset trisodium inj,0.0,2026,Procedure,CMS
A9584,Iodine i-123 ioflupane,0.0,2026,Procedure,CMS
A9585,Gadobutrol injection,0.0,2026,Procedure,CMS
A9586,Florbetapir f18,0.0,2026,Procedure,CMS
A9587,Gallium ga-68,0.0,2026,Procedure,CMS
A9588,Fluciclovine f-18,0.0,2026,Procedure,CMS
A9589,Insti hexaminolevulinate hcl,0.0,2026,Procedure,CMS
A9590,Iodine i-131 iobenguane 1mci,0.0,2026,Procedure,CMS
A9591,Fluoroestradiol f 18,0.0,2026,Procedure,CMS
A9592,Copper cu 64 dotatate diag,0.0,2026,Procedure,CMS
A9593,Gallium ga-68 psma-11 ucsf,0.0,2026,Procedure,CMS
A9594,"Gallium ga-68 psma-11, ucla",0.0,2026,Procedure,CMS
A9595,"Piflu f-18, dia 1 millicurie",0.0,2026,Procedure,CMS
A9596,Gallium illuccix 1 millicure,0.0,2026,Procedure,CMS
A9597,"Pet, dx, for tumor id, noc",0.0,2026,Procedure,CMS
A9598,"Pet dx for non-tumor id, noc",0.0,2026,Procedure,CMS
A9600,Sr89 strontium,0.0,2026,Procedure,CMS
A9601,Flortaucipir inj 1 millicuri,0.0,2026,Procedure,CMS
A9602,Fluorodopa f-18 diag per mci,0.0,2026,Procedure,CMS
A9603,"Inj, pafolacianine, 0.1 mg",0.0,2026,Procedure,CMS
A9604,Sm 153 lexidronam,0.0,2026,Procedure,CMS
A9606,Radium ra223 dichloride ther,0.0,2026,Procedure,CMS
A9607,Lutetium lu 177 vipivotide,0.0,2026,Procedure,CMS
A9608,Flotufolastat f18 diag 1 mci,0.0,2026,Procedure,CMS
A9609,"F18 fdg, 15 millicuries",0.0,2026,Procedure,CMS
A9610,"Xe129 xenon, diagnostic",0.0,2026,Procedure,CMS
A9611,"Flurpiridaz f18, diag, 1 mci",0.0,2026,Procedure,CMS
A9612,"Inj, fluorescein, 1 mg",0.0,2026,Procedure,CMS
A9615,"Inj, pegulicianine, 1 mg",0.0,2026,Procedure,CMS
A9616,Gallium gozellix 1 millicuri,0.0,2026,Procedure,CMS
A9697,"Inj, magtrace per study dose",0.0,2026,Procedure,CMS
A9698,Non-rad contrast materialnoc,0.0,2026,Procedure,CMS
A9699,Radiopharm rx agent noc,0.0,2026,Procedure,CMS
A9700,Echocardiography contrast,0.0,2026,Procedure,CMS
A9800,Gallium locametz 1 millicuri,0.0,2026,Procedure,CMS
A9900,Supply/accessory/service,0.0,2026,Procedure,CMS
A9901,Delivery/set up/dispensing,0.0,2026,Procedure,CMS
A9999,"Dme supply or accessory, nos",0.0,2026,Procedure,CMS
D0120,Periodic oral evaluation,0.0,2026,Procedure,CMS
D0140,Limit oral eval problm focus,0.0,2026,Procedure,CMS
D0145,"Oral evaluation, pt < 3yrs",0.0,2026,Procedure,CMS
D0150,Comprehensve oral evaluation,0.0,2026,Procedure,CMS
D0160,Extensv oral eval prob focus,0.0,2026,Procedure,CMS
D0170,"Re-eval,est pt,problem focus",0.0,2026,Procedure,CMS
D0171,Re-eval post-op visit,0.0,2026,Procedure,CMS
D0180,Comp periodontal evaluation,0.0,2026,Procedure,CMS
D0190,Screening of a patient,0.0,2026,Procedure,CMS
D0191,Assessment of a patient,0.0,2026,Procedure,CMS
D0210,Intraor comprehensive series,0.0,2026,Procedure,CMS
D0220,Intraoral periapical first,0.0,2026,Procedure,CMS
D0230,Intraoral periapical ea add,0.0,2026,Procedure,CMS
D0240,Intraoral occlusal film,0.0,2026,Procedure,CMS
D0250,Extraoral 2d project image,0.0,2026,Procedure,CMS
D0251,Extraoral posterior image,0.0,2026,Procedure,CMS
D0270,Dental bitewing single image,0.0,2026,Procedure,CMS
D0272,Dental bitewings two images,0.0,2026,Procedure,CMS
D0273,Bitewings - three images,0.0,2026,Procedure,CMS
D0274,Bitewings four images,0.0,2026,Procedure,CMS
D0277,Vert bitewings 7 to 8 images,0.0,2026,Procedure,CMS
D0310,Dental saliography,0.0,2026,Procedure,CMS
D0320,Dental tmj arthrogram incl i,0.0,2026,Procedure,CMS
D0321,Other tmj images by report,0.0,2026,Procedure,CMS
D0322,Dental tomographic survey,0.0,2026,Procedure,CMS
D0330,Panoramic image,0.0,2026,Procedure,CMS
D0340,2d cephalometric image,0.0,2026,Procedure,CMS
D0350,Oral/facial photo images,0.0,2026,Procedure,CMS
D0364,Cone beam ct capt & interp,0.0,2026,Procedure,CMS
D0365,Cone beam ct interprete man,0.0,2026,Procedure,CMS
D0366,Cone beam ct interprete max,0.0,2026,Procedure,CMS
D0367,Cone beam ct interp both jaw,0.0,2026,Procedure,CMS
D0368,Cone beam ct interprete tmj,0.0,2026,Procedure,CMS
D0369,Max mri capture & interprete,0.0,2026,Procedure,CMS
D0370,Max ultrasound capt & interp,0.0,2026,Procedure,CMS
D0371,Sialoendoscopy capt & interp,0.0,2026,Procedure,CMS
D0372,Tomo comp series images,0.0,2026,Procedure,CMS
D0373,Tomo bitewing image,0.0,2026,Procedure,CMS
D0374,Tomo periapical image,0.0,2026,Procedure,CMS
D0380,Cone beam ct capture limited,0.0,2026,Procedure,CMS
D0381,Cone beam ct capt mandible,0.0,2026,Procedure,CMS
D0382,Cone beam ct capt maxilla,0.0,2026,Procedure,CMS
D0383,Cone beam ct both jaws,0.0,2026,Procedure,CMS
D0384,Cone beam ct capture tmj,0.0,2026,Procedure,CMS
D0385,Max mri image capture,0.0,2026,Procedure,CMS
D0386,Max ultrasound image capture,0.0,2026,Procedure,CMS
D0387,Comp image capture only,0.0,2026,Procedure,CMS
D0388,Bitewing image capture only,0.0,2026,Procedure,CMS
D0389,Periopic image capture only,0.0,2026,Procedure,CMS
D0391,Imterprete diagnostic image,0.0,2026,Procedure,CMS
D0393,Trtmnt simulation 3d image,0.0,2026,Procedure,CMS
D0394,Digital sub 2 or more images,0.0,2026,Procedure,CMS
D0395,Fusion 2 or more 3d images,0.0,2026,Procedure,CMS
D0396,3d print of 3d surface scan,0.0,2026,Procedure,CMS
D0411,Hba1c in office testing,0.0,2026,Procedure,CMS
D0412,Blood glucose level test,0.0,2026,Procedure,CMS
D0414,Lab process microbial spec,0.0,2026,Procedure,CMS
D0415,Collection of microorganisms,0.0,2026,Procedure,CMS
D0416,Viral culture,0.0,2026,Procedure,CMS
D0417,Collect & prep saliva sample,0.0,2026,Procedure,CMS
D0418,Analysis of saliva sample,0.0,2026,Procedure,CMS
D0419,Assess of salivary flow,0.0,2026,Procedure,CMS
D0422,Collect & prep genetic samp,0.0,2026,Procedure,CMS
D0423,Genetic test spec analysis,0.0,2026,Procedure,CMS
D0425,Caries susceptibility test,0.0,2026,Procedure,CMS
D0426,"Coll, analys of saliva",0.0,2026,Procedure,CMS
D0431,Diag tst detect mucos abnorm,0.0,2026,Procedure,CMS
D0460,Pulp vitality test,0.0,2026,Procedure,CMS
D0461,Testing for cracked tooth,0.0,2026,Procedure,CMS
D0470,Diagnostic casts,0.0,2026,Procedure,CMS
D0472,"Gross exam, prep & report",0.0,2026,Procedure,CMS
D0473,"Micro exam, prep & report",0.0,2026,Procedure,CMS
D0474,Micro w exam of surg margins,0.0,2026,Procedure,CMS
D0475,Decalcification procedure,0.0,2026,Procedure,CMS
D0476,Spec stains for microorganis,0.0,2026,Procedure,CMS
D0477,Spec stains not for microorg,0.0,2026,Procedure,CMS
D0478,Immunohistochemical stains,0.0,2026,Procedure,CMS
D0479,Tissue in-situ hybridization,0.0,2026,Procedure,CMS
D0480,Cytopath smear prep & report,0.0,2026,Procedure,CMS
D0481,Electron microscopy,0.0,2026,Procedure,CMS
D0482,Direct immunofluorescence,0.0,2026,Procedure,CMS
D0483,Indirect immunofluorescence,0.0,2026,Procedure,CMS
D0484,Consult slides prep elsewher,0.0,2026,Procedure,CMS
D0485,Consult inc prep of slides,0.0,2026,Procedure,CMS
D0486,Access of transep cytol samp,0.0,2026,Procedure,CMS
D0502,Other oral pathology procedu,0.0,2026,Procedure,CMS
D0600,Non-ionizing diag proc,0.0,2026,Procedure,CMS
D0601,Caries risk assess low risk,0.0,2026,Procedure,CMS
D0602,Caries risk assess mod risk,0.0,2026,Procedure,CMS
D0603,Caries risk assess high risk,0.0,2026,Procedure,CMS
D0604,Antigen test pub hlth pathog,0.0,2026,Procedure,CMS
D0605,Antibody test pub hlth path,0.0,2026,Procedure,CMS
D0606,Molecular test pub hlth path,0.0,2026,Procedure,CMS
D0701,Pano radio image,0.0,2026,Procedure,CMS
D0702,2d cephal radio image,0.0,2026,Procedure,CMS
D0703,2d oral/facial photo image,0.0,2026,Procedure,CMS
D0705,Extra oral post radio image,0.0,2026,Procedure,CMS
D0706,Intraoral occlus radio image,0.0,2026,Procedure,CMS
D0707,Intraoral periap radio image,0.0,2026,Procedure,CMS
D0708,Intraoral bite radio image,0.0,2026,Procedure,CMS
D0709,Intraoral comp image capture,0.0,2026,Procedure,CMS
D0801,3d intraoral scan direct,0.0,2026,Procedure,CMS
D0802,3d dental scan indirect,0.0,2026,Procedure,CMS
D0803,3d facial scan direct,0.0,2026,Procedure,CMS
D0804,3d facial scan indirect,0.0,2026,Procedure,CMS
D0999,Unspecified diagnostic proce,0.0,2026,Procedure,CMS
D1110,Dental prophylaxis adult,0.0,2026,Procedure,CMS
D1120,Dental prophylaxis child,0.0,2026,Procedure,CMS
D1206,Topical fluoride varnish,0.0,2026,Procedure,CMS
D1208,Topical app fluorid ex vrnsh,0.0,2026,Procedure,CMS
D1301,Immunization counseling,0.0,2026,Procedure,CMS
D1310,Nutri counsel-control caries,0.0,2026,Procedure,CMS
D1320,Tobacco counseling,0.0,2026,Procedure,CMS
D1321,Couns for high risk sub use,0.0,2026,Procedure,CMS
D1330,Oral hygiene instructions,0.0,2026,Procedure,CMS
D1351,Dental sealant per tooth,0.0,2026,Procedure,CMS
D1353,Sealant repair per tooth,0.0,2026,Procedure,CMS
D1354,Int caries med app per tooth,0.0,2026,Procedure,CMS
D1355,Caries med app per tooth,0.0,2026,Procedure,CMS
D1510,Space maintainer fxd unilat,0.0,2026,Procedure,CMS
D1516,"Fixed bilat space maint, max",0.0,2026,Procedure,CMS
D1517,"Fixed bilat space maint, man",0.0,2026,Procedure,CMS
D1520,Remove unilat space maintain,0.0,2026,Procedure,CMS
D1526,"Remove bilat space main, max",0.0,2026,Procedure,CMS
D1527,"Remove bilat space main, man",0.0,2026,Procedure,CMS
D1551,Recement space maint - max,0.0,2026,Procedure,CMS
D1552,Recement space maint - man,0.0,2026,Procedure,CMS
D1553,Recement unilat space maint,0.0,2026,Procedure,CMS
D1556,Rem fixed unilat space maint,0.0,2026,Procedure,CMS
D1557,Remove fixed bilat maint max,0.0,2026,Procedure,CMS
D1558,Remove fixed bilat man,0.0,2026,Procedure,CMS
D1575,"Dist space maint, fixed unil",0.0,2026,Procedure,CMS
D1701,Pfizer vacc admin 1st dose,0.0,2026,Procedure,CMS
D1702,Pfizer vacc admin 2nd dose,0.0,2026,Procedure,CMS
D1703,Moderna vacc admin 1st dose,0.0,2026,Procedure,CMS
D1704,Moderna vacc admin 2nd dose,0.0,2026,Procedure,CMS
D1708,Pfizer vacc admin 3rd dose,0.0,2026,Procedure,CMS
D1709,Pfizer vaccine admin booster,0.0,2026,Procedure,CMS
D1710,Moderna vacc admin 3rd dose,0.0,2026,Procedure,CMS
D1711,Moderna vacc admin booster,0.0,2026,Procedure,CMS
D1713,Pfizer vacc adm ped 1st dose,0.0,2026,Procedure,CMS
D1714,Pfizer vacc adm ped 2nd dose,0.0,2026,Procedure,CMS
D1720,Influenza vacc admin,0.0,2026,Procedure,CMS
D1781,Vac admin human pap dose 1,0.0,2026,Procedure,CMS
D1782,Vac admin human pap dose 2,0.0,2026,Procedure,CMS
D1783,Vac admin human pap dose 3,0.0,2026,Procedure,CMS
D1999,Unspecified preventive proc,0.0,2026,Procedure,CMS
D2140,Amalgam one surface permanen,0.0,2026,Procedure,CMS
D2150,Amalgam two surfaces permane,0.0,2026,Procedure,CMS
D2160,Amalgam three surfaces perma,0.0,2026,Procedure,CMS
D2161,Amalgam 4 or > surfaces perm,0.0,2026,Procedure,CMS
D2330,Resin one surface-anterior,0.0,2026,Procedure,CMS
D2331,Resin two surfaces-anterior,0.0,2026,Procedure,CMS
D2332,Resin three surfaces-anterio,0.0,2026,Procedure,CMS
D2335,Resin 4/> surf or w incis an,0.0,2026,Procedure,CMS
D2390,Ant resin-based cmpst crown,0.0,2026,Procedure,CMS
D2391,Post 1 srfc resinbased cmpst,0.0,2026,Procedure,CMS
D2392,Post 2 srfc resinbased cmpst,0.0,2026,Procedure,CMS
D2393,Post 3 srfc resinbased cmpst,0.0,2026,Procedure,CMS
D2394,Post >=4srfc resinbase cmpst,0.0,2026,Procedure,CMS
D2410,Dental gold foil one surface,0.0,2026,Procedure,CMS
D2420,Dental gold foil two surface,0.0,2026,Procedure,CMS
D2430,Dental gold foil three surfa,0.0,2026,Procedure,CMS
D2510,Dental inlay metalic 1 surf,0.0,2026,Procedure,CMS
D2520,Dental inlay metallic 2 surf,0.0,2026,Procedure,CMS
D2530,Dental inlay metl 3/more sur,0.0,2026,Procedure,CMS
D2542,Dental onlay metallic 2 surf,0.0,2026,Procedure,CMS
D2543,Dental onlay metallic 3 surf,0.0,2026,Procedure,CMS
D2544,Dental onlay metl 4/more sur,0.0,2026,Procedure,CMS
D2610,Inlay porcelain/ceramic 1 su,0.0,2026,Procedure,CMS
D2620,Inlay porcelain/ceramic 2 su,0.0,2026,Procedure,CMS
D2630,Dental onlay porc 3/more sur,0.0,2026,Procedure,CMS
D2642,Dental onlay porcelin 2 surf,0.0,2026,Procedure,CMS
D2643,Dental onlay porcelin 3 surf,0.0,2026,Procedure,CMS
D2644,Dental onlay porc 4/more sur,0.0,2026,Procedure,CMS
D2650,Inlay composite/resin one su,0.0,2026,Procedure,CMS
D2651,Inlay composite/resin two su,0.0,2026,Procedure,CMS
D2652,Dental inlay resin 3/mre sur,0.0,2026,Procedure,CMS
D2662,Dental onlay resin 2 surface,0.0,2026,Procedure,CMS
D2663,Dental onlay resin 3 surface,0.0,2026,Procedure,CMS
D2664,Dental onlay resin 4/mre sur,0.0,2026,Procedure,CMS
D2710,Crown resin-based indirect,0.0,2026,Procedure,CMS
D2712,Crown 3/4 resin-based compos,0.0,2026,Procedure,CMS
D2720,Crown resin w/ high noble me,0.0,2026,Procedure,CMS
D2721,Crown resin w/ base metal,0.0,2026,Procedure,CMS
D2722,Crown resin w/ noble metal,0.0,2026,Procedure,CMS
D2740,Crown porcelain/ceramic,0.0,2026,Procedure,CMS
D2750,Crown porcelain w/ h noble m,0.0,2026,Procedure,CMS
D2751,Crown porcelain fused base m,0.0,2026,Procedure,CMS
D2752,Crown porcelain w/ noble met,0.0,2026,Procedure,CMS
D2753,Crown porc fused to titanium,0.0,2026,Procedure,CMS
D2780,Crown 3/4 cast hi noble met,0.0,2026,Procedure,CMS
D2781,Crown 3/4 cast base metal,0.0,2026,Procedure,CMS
D2782,Crown 3/4 cast noble metal,0.0,2026,Procedure,CMS
D2783,Crown 3/4 porcelain/ceramic,0.0,2026,Procedure,CMS
D2790,Crown full cast high noble m,0.0,2026,Procedure,CMS
D2791,Crown full cast base metal,0.0,2026,Procedure,CMS
D2792,Crown full cast noble metal,0.0,2026,Procedure,CMS
D2794,Crown-titanium,0.0,2026,Procedure,CMS
D2799,Interim crown,0.0,2026,Procedure,CMS
D2910,Recement inlay onlay or part,0.0,2026,Procedure,CMS
D2915,Recement cast or prefab post,0.0,2026,Procedure,CMS
D2920,Re-cement or re-bond crown,0.0,2026,Procedure,CMS
D2921,Reattach tooth fragment,0.0,2026,Procedure,CMS
D2928,Prefab porc/cer crown perm,0.0,2026,Procedure,CMS
D2929,Prefab porc/ceram crown pri,0.0,2026,Procedure,CMS
D2930,Prefab stnlss steel crwn pri,0.0,2026,Procedure,CMS
D2931,Prefab stnlss steel crown pe,0.0,2026,Procedure,CMS
D2932,Prefabricated resin crown,0.0,2026,Procedure,CMS
D2933,Prefab stainless steel crown,0.0,2026,Procedure,CMS
D2934,Prefab steel crown primary,0.0,2026,Procedure,CMS
D2940,Place direct restoration,0.0,2026,Procedure,CMS
D2949,Restorative foundation,0.0,2026,Procedure,CMS
D2950,Core build-up incl any pins,0.0,2026,Procedure,CMS
D2951,Tooth pin retention,0.0,2026,Procedure,CMS
D2952,Post and core cast + crown,0.0,2026,Procedure,CMS
D2953,Each addtnl cast post,0.0,2026,Procedure,CMS
D2954,Prefab post/core + crown,0.0,2026,Procedure,CMS
D2955,Post removal,0.0,2026,Procedure,CMS
D2956,Indirect rest remov,0.0,2026,Procedure,CMS
D2957,Each addtnl prefab post,0.0,2026,Procedure,CMS
D2960,Labial veneer resin direct,0.0,2026,Procedure,CMS
D2961,Labial veneer resin indirect,0.0,2026,Procedure,CMS
D2962,Labial veneer porc indirect,0.0,2026,Procedure,CMS
D2971,Add proc construct new crown,0.0,2026,Procedure,CMS
D2975,Coping,0.0,2026,Procedure,CMS
D2976,Band stabilization per tooth,0.0,2026,Procedure,CMS
D2980,Crown repair,0.0,2026,Procedure,CMS
D2981,Inlay repair,0.0,2026,Procedure,CMS
D2982,Onlay repair,0.0,2026,Procedure,CMS
D2983,Veneer repair,0.0,2026,Procedure,CMS
D2989,Excavate tooth non-restorabl,0.0,2026,Procedure,CMS
D2990,Resin infiltration of lesion,0.0,2026,Procedure,CMS
D2991,App of hydroxyapatite,0.0,2026,Procedure,CMS
D2999,Dental unspec restorative pr,0.0,2026,Procedure,CMS
D3110,Pulp cap direct,0.0,2026,Procedure,CMS
D3120,Pulp cap indirect,0.0,2026,Procedure,CMS
D3220,Therapeutic pulpotomy,0.0,2026,Procedure,CMS
D3221,Gross pulpal debridement,0.0,2026,Procedure,CMS
D3222,Part pulp for apexogenesis,0.0,2026,Procedure,CMS
D3230,Pulpal therapy anterior prim,0.0,2026,Procedure,CMS
D3240,Pulpal therapy posterior pri,0.0,2026,Procedure,CMS
D3310,"End thxpy, anterior tooth",0.0,2026,Procedure,CMS
D3320,"End thxpy, premolar tooth",0.0,2026,Procedure,CMS
D3330,"End thxpy, molar tooth",0.0,2026,Procedure,CMS
D3331,Non-surg tx root canal obs,0.0,2026,Procedure,CMS
D3332,Incomplete endodontic tx,0.0,2026,Procedure,CMS
D3333,Internal root repair,0.0,2026,Procedure,CMS
D3346,Retreat root canal anterior,0.0,2026,Procedure,CMS
D3347,Retreat root canal premolar,0.0,2026,Procedure,CMS
D3348,Retreat root canal molar,0.0,2026,Procedure,CMS
D3351,Apexification/recalc initial,0.0,2026,Procedure,CMS
D3352,Apexification/recalc interim,0.0,2026,Procedure,CMS
D3353,Apexification/recalc final,0.0,2026,Procedure,CMS
D3355,Pulpal regeneration initial,0.0,2026,Procedure,CMS
D3356,Pulpal regeneration interim,0.0,2026,Procedure,CMS
D3357,Pulpal regeneration complete,0.0,2026,Procedure,CMS
D3410,Apicoectomy - anterior,0.0,2026,Procedure,CMS
D3421,Root surgery premolar,0.0,2026,Procedure,CMS
D3425,Root surgery molar,0.0,2026,Procedure,CMS
D3426,Root surgery ea add root,0.0,2026,Procedure,CMS
D3428,Bone graft peri per tooth,0.0,2026,Procedure,CMS
D3429,Bone graft peri each addl,0.0,2026,Procedure,CMS
D3430,Retrograde filling,0.0,2026,Procedure,CMS
D3431,Biological materials,0.0,2026,Procedure,CMS
D3432,Guided tissue regeneration,0.0,2026,Procedure,CMS
D3450,Root amputation,0.0,2026,Procedure,CMS
D3460,Endodontic endosseous implan,0.0,2026,Procedure,CMS
D3470,Intentional replantation,0.0,2026,Procedure,CMS
D3471,Surg rep root res anterior,0.0,2026,Procedure,CMS
D3472,Surg rep root res premolar,0.0,2026,Procedure,CMS
D3473,Surg rep root res molar,0.0,2026,Procedure,CMS
D3501,Surg exp root surf anterior,0.0,2026,Procedure,CMS
D3502,Surg exp root surf premolar,0.0,2026,Procedure,CMS
D3503,Surg exp root surf molar,0.0,2026,Procedure,CMS
D3910,Isolation- tooth w rubb dam,0.0,2026,Procedure,CMS
D3911,Intraorifice barrier,0.0,2026,Procedure,CMS
D3920,Tooth splitting,0.0,2026,Procedure,CMS
D3921,Decor or submerg erupt tooth,0.0,2026,Procedure,CMS
D3950,Canal prep/fitting of dowel,0.0,2026,Procedure,CMS
D3999,Endodontic procedure,0.0,2026,Procedure,CMS
D4210,Gingivectomy/plasty 4 or mor,0.0,2026,Procedure,CMS
D4211,Gingivectomy/plasty 1 to 3,0.0,2026,Procedure,CMS
D4212,Gingivectomy/plasty rest,0.0,2026,Procedure,CMS
D4230,Ana crown exp 4 or> per quad,0.0,2026,Procedure,CMS
D4231,Ana crown exp 1-3 per quad,0.0,2026,Procedure,CMS
D4240,Gingival flap proc w/ planin,0.0,2026,Procedure,CMS
D4241,Gngvl flap w rootplan 1-3 th,0.0,2026,Procedure,CMS
D4245,Apically positioned flap,0.0,2026,Procedure,CMS
D4249,Crown lengthen hard tissue,0.0,2026,Procedure,CMS
D4260,Osseous surgery 4 or more,0.0,2026,Procedure,CMS
D4261,Osseous surg 1 to 3 teeth,0.0,2026,Procedure,CMS
D4263,Bone replce graft first site,0.0,2026,Procedure,CMS
D4264,Bone replce graft each add,0.0,2026,Procedure,CMS
D4265,Bio mtrls to aid soft/os reg,0.0,2026,Procedure,CMS
D4266,Guided tiss regen resorble,0.0,2026,Procedure,CMS
D4267,Guided tiss regen nonresorb,0.0,2026,Procedure,CMS
D4268,Surgical revision procedure,0.0,2026,Procedure,CMS
D4270,Pedicle soft tissue graft pr,0.0,2026,Procedure,CMS
D4273,Auto tissue graft 1st tooth,0.0,2026,Procedure,CMS
D4274,Mesial/distal wedge proc,0.0,2026,Procedure,CMS
D4275,Non-auto graft 1st tooth,0.0,2026,Procedure,CMS
D4276,Con tissue w pedicle graft,0.0,2026,Procedure,CMS
D4277,Soft tissue graft firsttooth,0.0,2026,Procedure,CMS
D4278,Soft tissue graft addl tooth,0.0,2026,Procedure,CMS
D4283,Auto tissue graft addl tooth,0.0,2026,Procedure,CMS
D4285,Non-auto graft addl tooth,0.0,2026,Procedure,CMS
D4286,Remove non-resorb barrier,0.0,2026,Procedure,CMS
D4322,Splint intra-coronal,0.0,2026,Procedure,CMS
D4323,Splint extra-coronal,0.0,2026,Procedure,CMS
D4341,Periodontal scaling & root,0.0,2026,Procedure,CMS
D4342,Periodontal scaling 1-3teeth,0.0,2026,Procedure,CMS
D4346,Scaling gingiv inflammation,0.0,2026,Procedure,CMS
D4355,Full mouth debridement,0.0,2026,Procedure,CMS
D4381,Localized delivery antimicro,0.0,2026,Procedure,CMS
D4910,Periodontal maint procedures,0.0,2026,Procedure,CMS
D4920,Unscheduled dressing change,0.0,2026,Procedure,CMS
D4921,Gingival irrigation per quad,0.0,2026,Procedure,CMS
D4999,Unspecified periodontal proc,0.0,2026,Procedure,CMS
D5110,Dentures complete maxillary,0.0,2026,Procedure,CMS
D5120,Dentures complete mandible,0.0,2026,Procedure,CMS
D5130,Dentures immediat maxillary,0.0,2026,Procedure,CMS
D5140,Dentures immediat mandible,0.0,2026,Procedure,CMS
D5211,Dentures maxill part resin,0.0,2026,Procedure,CMS
D5212,Dentures mand part resin,0.0,2026,Procedure,CMS
D5213,Dentures maxill part metal,0.0,2026,Procedure,CMS
D5214,Dentures mandibl part metal,0.0,2026,Procedure,CMS
D5221,Immed max part denture resin,0.0,2026,Procedure,CMS
D5222,Immed man part denture resin,0.0,2026,Procedure,CMS
D5223,Immed max part dent metal,0.0,2026,Procedure,CMS
D5224,Immed mand part dent metal,0.0,2026,Procedure,CMS
D5225,Maxillary part denture flex,0.0,2026,Procedure,CMS
D5226,Mandibular part denture flex,0.0,2026,Procedure,CMS
D5227,Immed max part denture,0.0,2026,Procedure,CMS
D5228,Immed mand part denture,0.0,2026,Procedure,CMS
D5282,"Remove unil part denture,max",0.0,2026,Procedure,CMS
D5283,"Remove unil part denture,man",0.0,2026,Procedure,CMS
D5284,Rem unilat dent flex base,0.0,2026,Procedure,CMS
D5286,Rem unilat dent 1 pc resin,0.0,2026,Procedure,CMS
D5410,Dentures adjust cmplt maxil,0.0,2026,Procedure,CMS
D5411,Dentures adjust cmplt mand,0.0,2026,Procedure,CMS
D5421,Dentures adjust part maxill,0.0,2026,Procedure,CMS
D5422,Dentures adjust part mandbl,0.0,2026,Procedure,CMS
D5511,Rep broke comp dent base man,0.0,2026,Procedure,CMS
D5512,Rep broke comp dent base max,0.0,2026,Procedure,CMS
D5520,Replace denture teeth complt,0.0,2026,Procedure,CMS
D5611,Rep resin part dent base man,0.0,2026,Procedure,CMS
D5612,Rep resin part dent base max,0.0,2026,Procedure,CMS
D5621,Rep cast part frame man,0.0,2026,Procedure,CMS
D5622,Rep cast part frame max,0.0,2026,Procedure,CMS
D5630,Rep partial denture clasp,0.0,2026,Procedure,CMS
D5640,Replace part denture teeth,0.0,2026,Procedure,CMS
D5650,Add tooth to partial denture,0.0,2026,Procedure,CMS
D5660,Add clasp to partial denture,0.0,2026,Procedure,CMS
D5670,Replc tth&acrlc on mtl frmwk,0.0,2026,Procedure,CMS
D5671,Replc tth&acrlc mandibular,0.0,2026,Procedure,CMS
D5710,Dentures rebase cmplt maxil,0.0,2026,Procedure,CMS
D5711,Dentures rebase cmplt mand,0.0,2026,Procedure,CMS
D5720,Dentures rebase part maxill,0.0,2026,Procedure,CMS
D5721,Dentures rebase part mandbl,0.0,2026,Procedure,CMS
D5725,Rebase hybrid prosthesis,0.0,2026,Procedure,CMS
D5730,Denture reln cmplt max dir,0.0,2026,Procedure,CMS
D5731,Denture reln cmplt mand dir,0.0,2026,Procedure,CMS
D5740,Denture reln part max dir,0.0,2026,Procedure,CMS
D5741,Denture reln part mand dir,0.0,2026,Procedure,CMS
D5750,Denture reln cmplt max indir,0.0,2026,Procedure,CMS
D5751,Denture reln cmplt mand ind,0.0,2026,Procedure,CMS
D5760,Denture reln part max indir,0.0,2026,Procedure,CMS
D5761,Denture reln part mand indir,0.0,2026,Procedure,CMS
D5765,Liner compl/partial rem dent,0.0,2026,Procedure,CMS
D5810,Denture interm cmplt maxill,0.0,2026,Procedure,CMS
D5811,Denture interm cmplt mandbl,0.0,2026,Procedure,CMS
D5820,Denture interm part maxill,0.0,2026,Procedure,CMS
D5821,Denture interm part mandbl,0.0,2026,Procedure,CMS
D5850,Denture tiss conditn maxill,0.0,2026,Procedure,CMS
D5851,Denture tiss condtin mandbl,0.0,2026,Procedure,CMS
D5862,Precision attachment,0.0,2026,Procedure,CMS
D5863,Overdenture complete max,0.0,2026,Procedure,CMS
D5864,Overdenture partial max,0.0,2026,Procedure,CMS
D5865,Overdenture complete mandib,0.0,2026,Procedure,CMS
D5866,Overdenture partial mandib,0.0,2026,Procedure,CMS
D5867,Replacement of precision att,0.0,2026,Procedure,CMS
D5875,Prosthesis modification,0.0,2026,Procedure,CMS
D5876,Add metal sub to acrylc dent,0.0,2026,Procedure,CMS
D5877,Dup of complt dent-maxill,0.0,2026,Procedure,CMS
D5878,Dup of complt dent-mandib,0.0,2026,Procedure,CMS
D5899,Removable prosthodontic proc,0.0,2026,Procedure,CMS
D5909,Max guid prothes w/ flange,0.0,2026,Procedure,CMS
D5911,Facial moulage sectional,0.0,2026,Procedure,CMS
D5912,Facial moulage complete,0.0,2026,Procedure,CMS
D5913,Nasal prosthesis,0.0,2026,Procedure,CMS
D5914,Auricular prosthesis,0.0,2026,Procedure,CMS
D5915,Orbital prosthesis,0.0,2026,Procedure,CMS
D5916,Ocular prosthesis,0.0,2026,Procedure,CMS
D5919,Facial prosthesis,0.0,2026,Procedure,CMS
D5922,Nasal septal prosthesis,0.0,2026,Procedure,CMS
D5923,Ocular prosthesis interim,0.0,2026,Procedure,CMS
D5924,Cranial prosthesis,0.0,2026,Procedure,CMS
D5925,Facial augmentation implant,0.0,2026,Procedure,CMS
D5926,Replacement nasal prosthesis,0.0,2026,Procedure,CMS
D5927,Auricular replacement,0.0,2026,Procedure,CMS
D5928,Orbital replacement,0.0,2026,Procedure,CMS
D5929,Facial replacement,0.0,2026,Procedure,CMS
D5930,Max guid prothes w/o flange,0.0,2026,Procedure,CMS
D5931,Surgical obturator,0.0,2026,Procedure,CMS
D5932,Postsurgical obturator,0.0,2026,Procedure,CMS
D5933,Refitting of obturator,0.0,2026,Procedure,CMS
D5934,Mandibular flange prosthesis,0.0,2026,Procedure,CMS
D5935,Mandibular denture prosth,0.0,2026,Procedure,CMS
D5936,Temp obturator prosthesis,0.0,2026,Procedure,CMS
D5937,Trismus appliance,0.0,2026,Procedure,CMS
D5938,Resct proth max comp remov,0.0,2026,Procedure,CMS
D5939,Resct proth mand comp remov,0.0,2026,Procedure,CMS
D5940,Resct proth max part remov,0.0,2026,Procedure,CMS
D5941,Resct proth mand part remov,0.0,2026,Procedure,CMS
D5942,Proth max implt sup remv,0.0,2026,Procedure,CMS
D5943,Proth mandib implt sup remv,0.0,2026,Procedure,CMS
D5944,Max implt sup remv part,0.0,2026,Procedure,CMS
D5945,Mand implt sup remv part,0.0,2026,Procedure,CMS
D5946,Max implt sup fix,0.0,2026,Procedure,CMS
D5947,Mand implt sup fix,0.0,2026,Procedure,CMS
D5948,Max implt sup fix part,0.0,2026,Procedure,CMS
D5949,Mand implt sup fix part,0.0,2026,Procedure,CMS
D5951,Feeding aid,0.0,2026,Procedure,CMS
D5952,Pediatric speech aid,0.0,2026,Procedure,CMS
D5953,Adult speech aid,0.0,2026,Procedure,CMS
D5954,Superimposed prosthesis,0.0,2026,Procedure,CMS
D5955,Palatal lift prosthesis,0.0,2026,Procedure,CMS
D5958,Intraoral con def inter plt,0.0,2026,Procedure,CMS
D5959,Intraoral con def mod palat,0.0,2026,Procedure,CMS
D5960,Modify speech aid prosthesis,0.0,2026,Procedure,CMS
D5982,Surgical stent,0.0,2026,Procedure,CMS
D5983,Radiation applicator,0.0,2026,Procedure,CMS
D5984,Radiation shield,0.0,2026,Procedure,CMS
D5985,Radiation cone locator,0.0,2026,Procedure,CMS
D5986,Fluoride applicator,0.0,2026,Procedure,CMS
D5987,Commissure splint,0.0,2026,Procedure,CMS
D5988,Surgical splint,0.0,2026,Procedure,CMS
D5991,Vesiculobullous disease carr,0.0,2026,Procedure,CMS
D5992,Adjust max prost appliance,0.0,2026,Procedure,CMS
D5993,Main/clean max prosthesis,0.0,2026,Procedure,CMS
D5995,"Peri medicament w/seal, max",0.0,2026,Procedure,CMS
D5996,"Peri medicament w/seal, mand",0.0,2026,Procedure,CMS
D5999,Maxillofacial prosthesis,0.0,2026,Procedure,CMS
D6010,Odontics endosteal implant,0.0,2026,Procedure,CMS
D6011,Second stage implant surgery,0.0,2026,Procedure,CMS
D6012,Endosteal implant,0.0,2026,Procedure,CMS
D6013,Surgical place mini implant,0.0,2026,Procedure,CMS
D6040,Odontics eposteal implant,0.0,2026,Procedure,CMS
D6049,Scale implt peri-implt inflm,0.0,2026,Procedure,CMS
D6050,Odontics transosteal implnt,0.0,2026,Procedure,CMS
D6051,Interim implant abutment,0.0,2026,Procedure,CMS
D6055,Implant connecting bar,0.0,2026,Procedure,CMS
D6056,Prefabricated abutment,0.0,2026,Procedure,CMS
D6057,Custom abutment,0.0,2026,Procedure,CMS
D6058,Abutment supported crown,0.0,2026,Procedure,CMS
D6059,Abutment supported mtl crown,0.0,2026,Procedure,CMS
D6060,Abutment supported mtl crown,0.0,2026,Procedure,CMS
D6061,Abutment supported mtl crown,0.0,2026,Procedure,CMS
D6062,Abutment supported mtl crown,0.0,2026,Procedure,CMS
D6063,Abutment supported mtl crown,0.0,2026,Procedure,CMS
D6064,Abutment supported mtl crown,0.0,2026,Procedure,CMS
D6065,Implant supported crown,0.0,2026,Procedure,CMS
D6066,Implant supported mtl crown,0.0,2026,Procedure,CMS
D6067,Implant supported mtl crown,0.0,2026,Procedure,CMS
D6068,Abutment supported retainer,0.0,2026,Procedure,CMS
D6069,Abutment supported retainer,0.0,2026,Procedure,CMS
D6070,Abutment supported retainer,0.0,2026,Procedure,CMS
D6071,Abutment supported retainer,0.0,2026,Procedure,CMS
D6072,Abutment supported retainer,0.0,2026,Procedure,CMS
D6073,Abutment supported retainer,0.0,2026,Procedure,CMS
D6074,Abutment supported retainer,0.0,2026,Procedure,CMS
D6075,Implant supported retainer,0.0,2026,Procedure,CMS
D6076,Implant supported retainer,0.0,2026,Procedure,CMS
D6077,Implant supported retainer,0.0,2026,Procedure,CMS
D6080,Implant maintenance,0.0,2026,Procedure,CMS
D6081,"Scale & debride, single imp",0.0,2026,Procedure,CMS
D6082,Imp crown porc to base alloy,0.0,2026,Procedure,CMS
D6083,Imp crown porc to noble allo,0.0,2026,Procedure,CMS
D6084,Imp crown porc to titanium,0.0,2026,Procedure,CMS
D6085,Interim implant crown,0.0,2026,Procedure,CMS
D6086,Imp crown base alloys,0.0,2026,Procedure,CMS
D6087,Implant crown noble alloys,0.0,2026,Procedure,CMS
D6088,Imp crown titanium alloys,0.0,2026,Procedure,CMS
D6089,Access/retorq implant screw,0.0,2026,Procedure,CMS
D6090,Repair implant,0.0,2026,Procedure,CMS
D6091,Repl semi/precision attach,0.0,2026,Procedure,CMS
D6092,Recement supp crown,0.0,2026,Procedure,CMS
D6093,Recement supp part denture,0.0,2026,Procedure,CMS
D6094,Abut support crown titanium,0.0,2026,Procedure,CMS
D6096,Remove broken imp ret screw,0.0,2026,Procedure,CMS
D6097,Abut crown porc to titanium,0.0,2026,Procedure,CMS
D6098,Imp retain porc to base allo,0.0,2026,Procedure,CMS
D6099,Imp retainer for fpd,0.0,2026,Procedure,CMS
D6100,Surg removal of implant body,0.0,2026,Procedure,CMS
D6101,Debridement of a periimplant,0.0,2026,Procedure,CMS
D6102,Debridement & contouring,0.0,2026,Procedure,CMS
D6103,Bone graft repair perimplant,0.0,2026,Procedure,CMS
D6104,Bone graft time of implant,0.0,2026,Procedure,CMS
D6105,Remove implant body,0.0,2026,Procedure,CMS
D6106,Tissue regen resorbable,0.0,2026,Procedure,CMS
D6107,Tissue regen non-resorbable,0.0,2026,Procedure,CMS
D6110,Implnt/abut remov dent max,0.0,2026,Procedure,CMS
D6111,Implnt/abut remov dent mand,0.0,2026,Procedure,CMS
D6112,Imp/abut rem dent part max,0.0,2026,Procedure,CMS
D6113,Imp/abut rem dent part mand,0.0,2026,Procedure,CMS
D6114,Implnt/abut fixed dent max,0.0,2026,Procedure,CMS
D6115,Implnt/abut fixed dent mand,0.0,2026,Procedure,CMS
D6116,Imp/abut fixed dent part max,0.0,2026,Procedure,CMS
D6117,Imp/abut fixed dent part man,0.0,2026,Procedure,CMS
D6118,Imp/abut int fixed dent man,0.0,2026,Procedure,CMS
D6119,Int/abut int fixed dent max,0.0,2026,Procedure,CMS
D6120,Imp retain porc to titanium,0.0,2026,Procedure,CMS
D6121,Retain metal fpd base alloys,0.0,2026,Procedure,CMS
D6122,Retain metal fpd noble alloy,0.0,2026,Procedure,CMS
D6123,Retain metal fpd titanium,0.0,2026,Procedure,CMS
D6180,Implnt maint proced,0.0,2026,Procedure,CMS
D6190,Radio/surgical implant index,0.0,2026,Procedure,CMS
D6191,Semi precision abutment,0.0,2026,Procedure,CMS
D6192,Semi precision attachment,0.0,2026,Procedure,CMS
D6193,Replace implnt screw,0.0,2026,Procedure,CMS
D6194,Abut support retainer titani,0.0,2026,Procedure,CMS
D6195,Abut retain porc to titanium,0.0,2026,Procedure,CMS
D6196,Remv of ind rest on implt,0.0,2026,Procedure,CMS
D6197,Replace material prosthesis,0.0,2026,Procedure,CMS
D6198,Remove interim implant,0.0,2026,Procedure,CMS
D6199,Implant procedure,0.0,2026,Procedure,CMS
D6205,Pontic-indirect resin based,0.0,2026,Procedure,CMS
D6210,Prosthodont high noble metal,0.0,2026,Procedure,CMS
D6211,Bridge base metal cast,0.0,2026,Procedure,CMS
D6212,Bridge noble metal cast,0.0,2026,Procedure,CMS
D6214,Pontic titanium,0.0,2026,Procedure,CMS
D6240,Bridge porcelain high noble,0.0,2026,Procedure,CMS
D6241,Bridge porcelain base metal,0.0,2026,Procedure,CMS
D6242,Bridge porcelain nobel metal,0.0,2026,Procedure,CMS
D6243,Pontic porcelain to titanium,0.0,2026,Procedure,CMS
D6245,Bridge porcelain/ceramic,0.0,2026,Procedure,CMS
D6250,Bridge resin w/high noble,0.0,2026,Procedure,CMS
D6251,Bridge resin base metal,0.0,2026,Procedure,CMS
D6252,Bridge resin w/noble metal,0.0,2026,Procedure,CMS
D6253,Interim pontic,0.0,2026,Procedure,CMS
D6280,Implt maint procd remv implt,0.0,2026,Procedure,CMS
D6545,Dental retainr cast metl,0.0,2026,Procedure,CMS
D6548,Porcelain/ceramic retainer,0.0,2026,Procedure,CMS
D6549,Resin retainer,0.0,2026,Procedure,CMS
D6600,Porcelain/ceramic inlay 2srf,0.0,2026,Procedure,CMS
D6601,Porc/ceram inlay >= 3 surfac,0.0,2026,Procedure,CMS
D6602,Cst hgh nble mtl inlay 2 srf,0.0,2026,Procedure,CMS
D6603,Cst hgh nble mtl inlay >=3sr,0.0,2026,Procedure,CMS
D6604,Cst bse mtl inlay 2 surfaces,0.0,2026,Procedure,CMS
D6605,Cst bse mtl inlay >= 3 surfa,0.0,2026,Procedure,CMS
D6606,Cast noble metal inlay 2 sur,0.0,2026,Procedure,CMS
D6607,Cst noble mtl inlay >=3 surf,0.0,2026,Procedure,CMS
D6608,Onlay porc/crmc 2 surfaces,0.0,2026,Procedure,CMS
D6609,Onlay porc/crmc >=3 surfaces,0.0,2026,Procedure,CMS
D6610,Onlay cst hgh nbl mtl 2 srfc,0.0,2026,Procedure,CMS
D6611,Onlay cst hgh nbl mtl >=3srf,0.0,2026,Procedure,CMS
D6612,Onlay cst base mtl 2 surface,0.0,2026,Procedure,CMS
D6613,Onlay cst base mtl >=3 surfa,0.0,2026,Procedure,CMS
D6614,Onlay cst nbl mtl 2 surfaces,0.0,2026,Procedure,CMS
D6615,Onlay cst nbl mtl >=3 surfac,0.0,2026,Procedure,CMS
D6624,Inlay titanium,0.0,2026,Procedure,CMS
D6634,Onlay titanium,0.0,2026,Procedure,CMS
D6710,Crown-indirect resin based,0.0,2026,Procedure,CMS
D6720,Retain crown resin w hi nble,0.0,2026,Procedure,CMS
D6721,Crown resin w/base metal,0.0,2026,Procedure,CMS
D6722,Crown resin w/noble metal,0.0,2026,Procedure,CMS
D6740,Crown porcelain/ceramic,0.0,2026,Procedure,CMS
D6750,Crown porcelain high noble,0.0,2026,Procedure,CMS
D6751,Crown porcelain base metal,0.0,2026,Procedure,CMS
D6752,Crown porcelain noble metal,0.0,2026,Procedure,CMS
D6753,Retain crown porc to titaniu,0.0,2026,Procedure,CMS
D6780,Crown 3/4 high noble metal,0.0,2026,Procedure,CMS
D6781,Crown 3/4 cast based metal,0.0,2026,Procedure,CMS
D6782,Crown 3/4 cast noble metal,0.0,2026,Procedure,CMS
D6783,Crown 3/4 porcelain/ceramic,0.0,2026,Procedure,CMS
D6784,Retainer crown 3/4 titanium,0.0,2026,Procedure,CMS
D6790,Crown full high noble metal,0.0,2026,Procedure,CMS
D6791,Crown full base metal cast,0.0,2026,Procedure,CMS
D6792,Crown full noble metal cast,0.0,2026,Procedure,CMS
D6793,Interim retainer crown,0.0,2026,Procedure,CMS
D6794,Crown titanium,0.0,2026,Procedure,CMS
D6920,Dental connector bar,0.0,2026,Procedure,CMS
D6930,Recement/bond part denture,0.0,2026,Procedure,CMS
D6940,Stress breaker,0.0,2026,Procedure,CMS
D6950,Precision attachment,0.0,2026,Procedure,CMS
D6980,Fixed partial repair,0.0,2026,Procedure,CMS
D6985,Pediatric partial denture fx,0.0,2026,Procedure,CMS
D6999,Fixed prosthodontic proc,0.0,2026,Procedure,CMS
D7111,Extraction coronal remnants,0.0,2026,Procedure,CMS
D7140,Extraction erupted tooth/exr,0.0,2026,Procedure,CMS
D7210,Rem imp tooth w mucoper flp,0.0,2026,Procedure,CMS
D7220,Impact tooth remov soft tiss,0.0,2026,Procedure,CMS
D7230,Impact tooth remov part bony,0.0,2026,Procedure,CMS
D7240,Impact tooth remov comp bony,0.0,2026,Procedure,CMS
D7241,Impact tooth rem bony w/comp,0.0,2026,Procedure,CMS
D7250,Tooth root removal,0.0,2026,Procedure,CMS
D7251,Coronectomy,0.0,2026,Procedure,CMS
D7252,Part extract for implant,0.0,2026,Procedure,CMS
D7259,Nerve dissection,0.0,2026,Procedure,CMS
D7260,Oral antral fistula closure,0.0,2026,Procedure,CMS
D7261,Primary closure sinus perf,0.0,2026,Procedure,CMS
D7270,Tooth reimplantation,0.0,2026,Procedure,CMS
D7272,Tooth transplantation,0.0,2026,Procedure,CMS
D7280,Exposure of unerupted tooth,0.0,2026,Procedure,CMS
D7282,Mobilize erupted/malpos toot,0.0,2026,Procedure,CMS
D7283,Place device impacted tooth,0.0,2026,Procedure,CMS
D7284,Exc biopsy of saliv glands,0.0,2026,Procedure,CMS
D7285,Biopsy of oral tissue hard,0.0,2026,Procedure,CMS
D7286,Biopsy of oral tissue soft,0.0,2026,Procedure,CMS
D7287,Exfoliative cytolog collect,0.0,2026,Procedure,CMS
D7288,Brush biopsy,0.0,2026,Procedure,CMS
D7290,Repositioning of teeth,0.0,2026,Procedure,CMS
D7291,Transseptal fiberotomy,0.0,2026,Procedure,CMS
D7292,Screw retained plate,0.0,2026,Procedure,CMS
D7293,Temp anchorage dev w flap,0.0,2026,Procedure,CMS
D7294,Temp anchorage dev w/o flap,0.0,2026,Procedure,CMS
D7295,"Bone harvest,auto graft proc",0.0,2026,Procedure,CMS
D7296,"Corticotomy, 1-3 teeth",0.0,2026,Procedure,CMS
D7297,"Corticotomy, 4 or more teeth",0.0,2026,Procedure,CMS
D7298,Remove screw retained plate,0.0,2026,Procedure,CMS
D7299,Rem anchorage device w/flap,0.0,2026,Procedure,CMS
D7300,Rem anchorage dev w/o flap,0.0,2026,Procedure,CMS
D7310,Alveoplasty w/ extraction,0.0,2026,Procedure,CMS
D7311,Alveoloplasty w/extract 1-3,0.0,2026,Procedure,CMS
D7320,Alveoplasty w/o extraction,0.0,2026,Procedure,CMS
D7321,Alveoloplasty not w/extracts,0.0,2026,Procedure,CMS
D7340,Vestibuloplasty ridge extens,0.0,2026,Procedure,CMS
D7350,Vestibuloplasty exten graft,0.0,2026,Procedure,CMS
D7410,Rad exc lesion up to 1.25 cm,0.0,2026,Procedure,CMS
D7411,Excision benign lesion>1.25c,0.0,2026,Procedure,CMS
D7412,Excision benign lesion compl,0.0,2026,Procedure,CMS
D7413,Excision malig lesion<=1.25c,0.0,2026,Procedure,CMS
D7414,Excision malig lesion>1.25cm,0.0,2026,Procedure,CMS
D7415,Excision malig les complicat,0.0,2026,Procedure,CMS
D7440,Malig tumor exc to 1.25 cm,0.0,2026,Procedure,CMS
D7441,Malig tumor > 1.25 cm,0.0,2026,Procedure,CMS
D7450,Rem odontogen cyst to 1.25cm,0.0,2026,Procedure,CMS
D7451,Rem odontogen cyst > 1.25 cm,0.0,2026,Procedure,CMS
D7460,Rem nonodonto cyst to 1.25cm,0.0,2026,Procedure,CMS
D7461,Rem nonodonto cyst > 1.25 cm,0.0,2026,Procedure,CMS
D7465,Lesion destruction,0.0,2026,Procedure,CMS
D7471,Rem exostosis any site,0.0,2026,Procedure,CMS
D7472,Removal of torus palatinus,0.0,2026,Procedure,CMS
D7473,Remove torus mandibularis,0.0,2026,Procedure,CMS
D7485,Surg reduct osseoustuberosit,0.0,2026,Procedure,CMS
D7490,Maxilla or mandible resectio,0.0,2026,Procedure,CMS
D7509,Marsupialization odon cyst,0.0,2026,Procedure,CMS
D7510,I&d absc intraoral soft tiss,0.0,2026,Procedure,CMS
D7511,Incision/drain abscess intra,0.0,2026,Procedure,CMS
D7520,I&d abscess extraoral,0.0,2026,Procedure,CMS
D7521,Incision/drain abscess extra,0.0,2026,Procedure,CMS
D7530,Removal fb skin/areolar tiss,0.0,2026,Procedure,CMS
D7540,Removal of fb reaction,0.0,2026,Procedure,CMS
D7550,Removal of sloughed off bone,0.0,2026,Procedure,CMS
D7560,Maxillary sinusotomy,0.0,2026,Procedure,CMS
D7610,Maxilla open reduct simple,0.0,2026,Procedure,CMS
D7620,Clsd reduct simpl maxilla fx,0.0,2026,Procedure,CMS
D7630,Open red simpl mandible fx,0.0,2026,Procedure,CMS
D7640,Clsd red simpl mandible fx,0.0,2026,Procedure,CMS
D7650,Open red simp malar/zygom fx,0.0,2026,Procedure,CMS
D7660,Clsd red simp malar/zygom fx,0.0,2026,Procedure,CMS
D7670,Closd rductn splint alveolus,0.0,2026,Procedure,CMS
D7671,Alveolus open reduction,0.0,2026,Procedure,CMS
D7680,Reduct simple facial bone fx,0.0,2026,Procedure,CMS
D7710,Maxilla open reduct compound,0.0,2026,Procedure,CMS
D7720,Clsd reduct compd maxilla fx,0.0,2026,Procedure,CMS
D7730,Open reduct compd mandble fx,0.0,2026,Procedure,CMS
D7740,Clsd reduct compd mandble fx,0.0,2026,Procedure,CMS
D7750,Open red comp malar/zygma fx,0.0,2026,Procedure,CMS
D7760,Clsd red comp malar/zygma fx,0.0,2026,Procedure,CMS
D7770,Open reduc compd alveolus fx,0.0,2026,Procedure,CMS
D7771,Alveolus clsd reduc stblz te,0.0,2026,Procedure,CMS
D7780,Reduct compnd facial bone fx,0.0,2026,Procedure,CMS
D7810,Tmj open reduct-dislocation,0.0,2026,Procedure,CMS
D7820,Closed tmp manipulation,0.0,2026,Procedure,CMS
D7830,Tmj manipulation under anest,0.0,2026,Procedure,CMS
D7840,Removal of tmj condyle,0.0,2026,Procedure,CMS
D7850,Tmj meniscectomy,0.0,2026,Procedure,CMS
D7852,Tmj repair of joint disc,0.0,2026,Procedure,CMS
D7854,Tmj excisn of joint membrane,0.0,2026,Procedure,CMS
D7856,Tmj cutting of a muscle,0.0,2026,Procedure,CMS
D7858,Tmj reconstruction,0.0,2026,Procedure,CMS
D7860,Tmj cutting into joint,0.0,2026,Procedure,CMS
D7865,Tmj reshaping components,0.0,2026,Procedure,CMS
D7870,Tmj aspiration joint fluid,0.0,2026,Procedure,CMS
D7871,Lysis + lavage w catheters,0.0,2026,Procedure,CMS
D7872,Tmj diagnostic arthroscopy,0.0,2026,Procedure,CMS
D7873,Tmj arthroscopy lysis adhesn,0.0,2026,Procedure,CMS
D7874,Tmj arthroscopy disc reposit,0.0,2026,Procedure,CMS
D7875,Tmj arthroscopy synovectomy,0.0,2026,Procedure,CMS
D7876,Tmj arthroscopy discectomy,0.0,2026,Procedure,CMS
D7877,Tmj arthroscopy debridement,0.0,2026,Procedure,CMS
D7880,Occlusal orthotic appliance,0.0,2026,Procedure,CMS
D7881,Occ orthotic device adjust,0.0,2026,Procedure,CMS
D7899,Tmj unspecified therapy,0.0,2026,Procedure,CMS
D7910,Dent sutur recent wnd to 5cm,0.0,2026,Procedure,CMS
D7911,Dental suture wound to 5 cm,0.0,2026,Procedure,CMS
D7912,Suture complicate wnd > 5 cm,0.0,2026,Procedure,CMS
D7920,Dental skin graft,0.0,2026,Procedure,CMS
D7921,Collect & appl blood product,0.0,2026,Procedure,CMS
D7922,Place intra-socket bio dress,0.0,2026,Procedure,CMS
D7939,Indexing for osteotomy,0.0,2026,Procedure,CMS
D7940,Reshaping bone orthognathic,0.0,2026,Procedure,CMS
D7941,Bone cutting ramus closed,0.0,2026,Procedure,CMS
D7943,Cutting ramus open w/graft,0.0,2026,Procedure,CMS
D7944,Bone cutting segmented,0.0,2026,Procedure,CMS
D7945,Bone cutting body mandible,0.0,2026,Procedure,CMS
D7946,Reconstruction maxilla total,0.0,2026,Procedure,CMS
D7947,Reconstruct maxilla segment,0.0,2026,Procedure,CMS
D7948,Reconstruct midface no graft,0.0,2026,Procedure,CMS
D7949,Reconstruct midface w/graft,0.0,2026,Procedure,CMS
D7950,Mandible graft,0.0,2026,Procedure,CMS
D7951,Sinus aug w bone or bone sub,0.0,2026,Procedure,CMS
D7952,Sinus augmentation vertical,0.0,2026,Procedure,CMS
D7953,Bone replacement graft,0.0,2026,Procedure,CMS
D7955,Repair maxillofacial defects,0.0,2026,Procedure,CMS
D7956,Tiss regen edent resorb,0.0,2026,Procedure,CMS
D7957,Tiss regen edent nonresorb,0.0,2026,Procedure,CMS
D7961,Buccal/labial frenectomy,0.0,2026,Procedure,CMS
D7962,Lingual frenectomy,0.0,2026,Procedure,CMS
D7963,Frenuloplasty,0.0,2026,Procedure,CMS
D7970,Excision hyperplastic tissue,0.0,2026,Procedure,CMS
D7971,Excision pericoronal gingiva,0.0,2026,Procedure,CMS
D7972,Surg redct fibrous tuberosit,0.0,2026,Procedure,CMS
D7979,Non-surgical sialolithotomy,0.0,2026,Procedure,CMS
D7980,Surgical sialolithotomy,0.0,2026,Procedure,CMS
D7981,Excision of salivary gland,0.0,2026,Procedure,CMS
D7982,Sialodochoplasty,0.0,2026,Procedure,CMS
D7983,Closure of salivary fistula,0.0,2026,Procedure,CMS
D7990,Emergency tracheotomy,0.0,2026,Procedure,CMS
D7991,Dental coronoidectomy,0.0,2026,Procedure,CMS
D7993,Surg place craniofacial impl,0.0,2026,Procedure,CMS
D7994,Surg place zygomatic impl,0.0,2026,Procedure,CMS
D7995,Synthetic graft facial bones,0.0,2026,Procedure,CMS
D7996,Implant mandible for augment,0.0,2026,Procedure,CMS
D7997,Appliance removal,0.0,2026,Procedure,CMS
D7998,Intraoral place of fix dev,0.0,2026,Procedure,CMS
D7999,Oral surgery procedure,0.0,2026,Procedure,CMS
D8010,Limited dental tx primary,0.0,2026,Procedure,CMS
D8020,Limited dental tx transition,0.0,2026,Procedure,CMS
D8030,Limited dental tx adolescent,0.0,2026,Procedure,CMS
D8040,Limited dental tx adult,0.0,2026,Procedure,CMS
D8070,Compre dental tx transition,0.0,2026,Procedure,CMS
D8080,Compre dental tx adolescent,0.0,2026,Procedure,CMS
D8090,Compre dental tx adult,0.0,2026,Procedure,CMS
D8091,Compre ortho treat w surg,0.0,2026,Procedure,CMS
D8210,Orthodontic rem appliance tx,0.0,2026,Procedure,CMS
D8220,Fixed appliance therapy habt,0.0,2026,Procedure,CMS
D8660,Preorthodontic tx visit,0.0,2026,Procedure,CMS
D8670,Periodic orthodontc tx visit,0.0,2026,Procedure,CMS
D8671,Periodic orth treat w surg,0.0,2026,Procedure,CMS
D8680,Orthodontic retention,0.0,2026,Procedure,CMS
D8681,Removable retainer adjust,0.0,2026,Procedure,CMS
D8695,Remove fixed ortho appliance,0.0,2026,Procedure,CMS
D8696,Rep of ortho appliance max,0.0,2026,Procedure,CMS
D8697,Rep of ortho appliance man,0.0,2026,Procedure,CMS
D8698,Recement fixed retainer max,0.0,2026,Procedure,CMS
D8699,Recement fixed retainer man,0.0,2026,Procedure,CMS
D8701,Repair fixed retainer max,0.0,2026,Procedure,CMS
D8702,Repair of fixed retainer man,0.0,2026,Procedure,CMS
D8703,Replace broken retainer max,0.0,2026,Procedure,CMS
D8704,Replace broken retainer man,0.0,2026,Procedure,CMS
D8999,Orthodontic procedure,0.0,2026,Procedure,CMS
D9110,Palliative tx dental pain,0.0,2026,Procedure,CMS
D9120,Fix partial denture section,0.0,2026,Procedure,CMS
D9128,Photobio therpy-first 15 min,0.0,2026,Procedure,CMS
D9129,Photobio therpy-sub 15 mins,0.0,2026,Procedure,CMS
D9130,Temporomandibular joint dysf,0.0,2026,Procedure,CMS
D9210,Dent anesthesia w/o surgery,0.0,2026,Procedure,CMS
D9211,Regional block anesthesia,0.0,2026,Procedure,CMS
D9212,Trigeminal block anesthesia,0.0,2026,Procedure,CMS
D9215,Local anesthesia,0.0,2026,Procedure,CMS
D9219,Eval mod/deep sed/gen anest,0.0,2026,Procedure,CMS
D9222,"Deep anest, 1st 15 min",0.0,2026,Procedure,CMS
D9223,General anesth ea addl 15 mi,0.0,2026,Procedure,CMS
D9224,Gen anes adv air-15 min,0.0,2026,Procedure,CMS
D9225,Gen anes adv air-sub 15 min,0.0,2026,Procedure,CMS
D9230,Analgesia,0.0,2026,Procedure,CMS
D9239,"Iv mod sedation, 1st 15 min",0.0,2026,Procedure,CMS
D9243,Iv sedation ea addl 15m,0.0,2026,Procedure,CMS
D9244,Office min sed drug enteral,0.0,2026,Procedure,CMS
D9245,Admin mod sedation-enteral,0.0,2026,Procedure,CMS
D9246,Mod sedation noniv-15 min,0.0,2026,Procedure,CMS
D9247,Mod sedation noniv-sub15min,0.0,2026,Procedure,CMS
D9310,Dental consultation,0.0,2026,Procedure,CMS
D9311,Consult w/med hlth care prof,0.0,2026,Procedure,CMS
D9410,Dental house call,0.0,2026,Procedure,CMS
D9420,Hospital/asc call,0.0,2026,Procedure,CMS
D9430,Office visit during hours,0.0,2026,Procedure,CMS
D9440,Office visit after hours,0.0,2026,Procedure,CMS
D9450,Case presentation tx plan,0.0,2026,Procedure,CMS
D9610,Dent therapeutic drug inject,0.0,2026,Procedure,CMS
D9612,Thera par drugs 2 or > admin,0.0,2026,Procedure,CMS
D9613,Infiltration thera drug,0.0,2026,Procedure,CMS
D9630,Drugs/meds disp for home use,0.0,2026,Procedure,CMS
D9910,Dent appl desensitizing med,0.0,2026,Procedure,CMS
D9911,Appl desensitizing resin,0.0,2026,Procedure,CMS
D9912,Pre-visit patient screening,0.0,2026,Procedure,CMS
D9913,Admin of neuromod,0.0,2026,Procedure,CMS
D9914,Admin of dermal fill,0.0,2026,Procedure,CMS
D9920,Behavior management,0.0,2026,Procedure,CMS
D9930,Treatment of complications,0.0,2026,Procedure,CMS
D9932,Clean & inspect rem dent max,0.0,2026,Procedure,CMS
D9933,Clean & inspect rem dent man,0.0,2026,Procedure,CMS
D9934,Clean rem part denture max,0.0,2026,Procedure,CMS
D9935,Clean rem part denture mand,0.0,2026,Procedure,CMS
D9936,Clean occ guard,0.0,2026,Procedure,CMS
D9938,Fab removable appliance,0.0,2026,Procedure,CMS
D9939,Placemnt removable appliance,0.0,2026,Procedure,CMS
D9941,Fabrication athletic guard,0.0,2026,Procedure,CMS
D9942,Repair/reline occlusal guard,0.0,2026,Procedure,CMS
D9943,Occlusal guard adjustment,0.0,2026,Procedure,CMS
D9944,"Occ guard, hard, full arch",0.0,2026,Procedure,CMS
D9945,"Occ guard, soft, full arch",0.0,2026,Procedure,CMS
D9946,"Occ guard, hard, part arch",0.0,2026,Procedure,CMS
D9947,Sleep apnea appliance,0.0,2026,Procedure,CMS
D9948,Adjust sleep apnea appliance,0.0,2026,Procedure,CMS
D9949,Repair sleep apnea appliance,0.0,2026,Procedure,CMS
D9950,Occlusion analysis,0.0,2026,Procedure,CMS
D9951,Limited occlusal adjustment,0.0,2026,Procedure,CMS
D9952,Complete occlusal adjustment,0.0,2026,Procedure,CMS
D9953,Reline sleep apnea appliance,0.0,2026,Procedure,CMS
D9954,Fab/del oral appliance thxpy,0.0,2026,Procedure,CMS
D9955,Oral app thxpy titration vis,0.0,2026,Procedure,CMS
D9956,Admin home sleep apnea test,0.0,2026,Procedure,CMS
D9957,Screening sleep disorders,0.0,2026,Procedure,CMS
D9959,Unspec sleep ap proc,0.0,2026,Procedure,CMS
D9961,Dup/copy patient's records,0.0,2026,Procedure,CMS
D9970,Enamel microabrasion,0.0,2026,Procedure,CMS
D9971,Odontoplasty per tooth,0.0,2026,Procedure,CMS
D9972,Extrnl bleaching per arch,0.0,2026,Procedure,CMS
D9973,Extrnl bleaching per tooth,0.0,2026,Procedure,CMS
D9974,Intrnl bleaching per tooth,0.0,2026,Procedure,CMS
D9975,External bleaching home app,0.0,2026,Procedure,CMS
D9985,Sales tax,0.0,2026,Procedure,CMS
D9986,Missed appointment,0.0,2026,Procedure,CMS
D9987,Cancelled appointment,0.0,2026,Procedure,CMS
D9990,Trans or sign language svcs,0.0,2026,Procedure,CMS
D9991,"Case mgmt, appt barriers",0.0,2026,Procedure,CMS
D9992,"Case mgmt, care coordination",0.0,2026,Procedure,CMS
D9993,"Case mgmt, interviewing",0.0,2026,Procedure,CMS
D9994,"Case mgmt, pt education",0.0,2026,Procedure,CMS
D9995,Teledentistry real-time,0.0,2026,Procedure,CMS
D9996,Teledentistry dent review,0.0,2026,Procedure,CMS
D9997,Dent case mgmt special needs,0.0,2026,Procedure,CMS
D9999,Adjunctive procedure,0.0,2026,Procedure,CMS
G0008,Admin influenza virus vac,0.0,2026,Procedure,CMS
G0009,Admin pneumococcal vaccine,0.0,2026,Procedure,CMS
G0010,Admin hepatitis b vaccine,0.0,2026,Procedure,CMS
G0011,"Hiv prep counsel, md 15-30m",0.45,2026,Procedure,CMS
G0012,Injection of hiv prep drug,0.17,2026,Procedure,CMS
G0013,"Hiv prep counsel, clin staff",0.18,2026,Procedure,CMS
G0017,Crisis psychotherapy 60m,4.7,2026,Procedure,CMS
G0018,Crisis psychotherapy add 30m,2.25,2026,Procedure,CMS
G0019,Comm hlth intg svs sdoh 60mn,1.0,2026,Procedure,CMS
G0022,Comm hlth intg svs add 30 m,0.7,2026,Procedure,CMS
G0023,Pin service 60m per month,1.0,2026,Procedure,CMS
G0024,Pin srv add 30 min pr m,0.7,2026,Procedure,CMS
G0027,Semen analysis,0.0,2026,Procedure,CMS
G0029,No tob scr/cess int,0.0,2026,Procedure,CMS
G0030,Pt scr tob & cess int,0.0,2026,Procedure,CMS
G0031,Pall serv during meas,0.0,2026,Procedure,CMS
G0032,2+ antipsy schiz,0.0,2026,Procedure,CMS
G0033,2+ benzo seiz,0.0,2026,Procedure,CMS
G0034,Pall serv during meas,0.0,2026,Procedure,CMS
G0035,Pt ed pos 23,0.0,2026,Procedure,CMS
G0036,Pt/ptn decln assess,0.0,2026,Procedure,CMS
G0037,Pt not able to participate,0.0,2026,Procedure,CMS
G0038,Clin pt no ref,0.0,2026,Procedure,CMS
G0039,"Pt no ref, rn spec",0.0,2026,Procedure,CMS
G0040,Pt phys/occ therapy,0.0,2026,Procedure,CMS
G0041,Pt/ptn decln referral,0.0,2026,Procedure,CMS
G0042,Ref to therapy,0.0,2026,Procedure,CMS
G0043,Pt mech pros ht valv,0.0,2026,Procedure,CMS
G0044,Pt mitral stenosis,0.0,2026,Procedure,CMS
G0045,Mrs 90 days post stk,0.0,2026,Procedure,CMS
G0046,No mrs 90 days post stk,0.0,2026,Procedure,CMS
G0047,Ped blunt hd traum,0.0,2026,Procedure,CMS
G0048,Pall serv during meas,0.0,2026,Procedure,CMS
G0049,Main hemo in-cntr,0.0,2026,Procedure,CMS
G0050,Pt w/ lmted life expec,0.0,2026,Procedure,CMS
G0051,Pt hospice mnth,0.0,2026,Procedure,CMS
G0052,Pt peri dialysis dur mo,0.0,2026,Procedure,CMS
G0053,Adv rheum pt care mvp,0.0,2026,Procedure,CMS
G0054,Strk cr prev pos outcme mvp,0.0,2026,Procedure,CMS
G0055,Adv care heart dx mvp,0.0,2026,Procedure,CMS
G0057,Best pct pt safety em mvp,0.0,2026,Procedure,CMS
G0058,Imprv care le jnt repr mvp,0.0,2026,Procedure,CMS
G0059,Pt sfty pos exp w aneth mvp,0.0,2026,Procedure,CMS
G0060,Allergy/immunology ss,0.0,2026,Procedure,CMS
G0061,Anesthesiology ss,0.0,2026,Procedure,CMS
G0062,Audiology ss,0.0,2026,Procedure,CMS
G0063,Cardiology ss,0.0,2026,Procedure,CMS
G0064,Cert nurse midwife ss,0.0,2026,Procedure,CMS
G0065,Chiropractic ss,0.0,2026,Procedure,CMS
G0066,Clinical social work ss,0.0,2026,Procedure,CMS
G0067,Dentistry ss,0.0,2026,Procedure,CMS
G0068,Adm iv infusion drug in home,0.0,2026,Procedure,CMS
G0069,Adm sq infusion drug in home,0.0,2026,Procedure,CMS
G0070,Adm of chemo drug in home,0.0,2026,Procedure,CMS
G0076,Care manag h vst new pt 20 m,1.01,2026,Procedure,CMS
G0077,Care manag h vst new pt 30 m,1.52,2026,Procedure,CMS
G0078,Care manag h vst new pt 45 m,2.53,2026,Procedure,CMS
G0079,Care manag h vst new pt 60 m,3.38,2026,Procedure,CMS
G0080,Care manag h vst new pt 75 m,4.09,2026,Procedure,CMS
G0081,Care man h v ext pt 20 mi,1.0,2026,Procedure,CMS
G0082,Care man h v ext pt 30 m,1.56,2026,Procedure,CMS
G0083,Care man h v ext pt 45 m,2.33,2026,Procedure,CMS
G0084,Care man h v ext pt 60 m,3.28,2026,Procedure,CMS
G0085,Care man h v ext pt 75 m,4.09,2026,Procedure,CMS
G0086,Care man home care plan 30 m,1.25,2026,Procedure,CMS
G0087,Care man home care plan 60 m,1.8,2026,Procedure,CMS
G0088,Adm iv drug 1st home visit,0.0,2026,Procedure,CMS
G0089,Adm subq drug 1st home visit,0.0,2026,Procedure,CMS
G0090,Adm iv chemo 1st home visit,0.0,2026,Procedure,CMS
G0101,Ca screen;pelvic/breast exam,0.44,2026,Procedure,CMS
G0102,Prostate ca screening; dre,0.18,2026,Procedure,CMS
G0103,Psa screening,0.0,2026,Procedure,CMS
G0104,Ca screen;flexi sigmoidscope,0.82,2026,Procedure,CMS
G0105,Colorectal scrn; hi risk ind,3.18,2026,Procedure,CMS
G0108,Diab manage trn  per indiv,0.9,2026,Procedure,CMS
G0109,Diab manage trn ind/group,0.25,2026,Procedure,CMS
G0117,Glaucoma scrn hgh risk direc,0.44,2026,Procedure,CMS
G0118,Glaucoma scrn hgh risk direc,0.17,2026,Procedure,CMS
G0121,Colon ca scrn not hi rsk ind,3.18,2026,Procedure,CMS
G0123,Screen cerv/vag thin layer,0.0,2026,Procedure,CMS
G0124,Screen c/v thin layer by md,0.25,2026,Procedure,CMS
G0127,Trim nail(s),0.17,2026,Procedure,CMS
G0128,Corf skilled nursing service,0.0,2026,Procedure,CMS
G0129,Php/iop ot service,0.0,2026,Procedure,CMS
G0130,Single energy x-ray study,0.21,2026,Procedure,CMS
G0136,Adm of pa/n assess 5-15 m,0.18,2026,Procedure,CMS
G0137,"Inten outpt svs,min 9 pr 7 d",0.0,2026,Procedure,CMS
G0138,Iv cipaglucosidase alfa-atga,0.21,2026,Procedure,CMS
G0140,Nav srv peer sup 60 min pr m,1.0,2026,Procedure,CMS
G0141,"Scr c/v cyto,autosys and md",0.25,2026,Procedure,CMS
G0143,"Scr c/v cyto,thinlayer,rescr",0.0,2026,Procedure,CMS
G0144,"Scr c/v cyto,thinlayer,rescr",0.0,2026,Procedure,CMS
G0145,"Scr c/v cyto,thinlayer,rescr",0.0,2026,Procedure,CMS
G0146,Nav srv peer sup add 30 pr m,0.7,2026,Procedure,CMS
G0147,"Scr c/v cyto, automated sys",0.0,2026,Procedure,CMS
G0148,"Scr c/v cyto, autosys, rescr",0.0,2026,Procedure,CMS
G0151,"Hhcp-serv of pt,ea 15 min",0.0,2026,Procedure,CMS
G0152,"Hhcp-serv of ot,ea 15 min",0.0,2026,Procedure,CMS
G0153,"Hhcp-svs of s/l path,ea 15mn",0.0,2026,Procedure,CMS
G0155,"Hhcp-svs of csw,ea 15 min",0.0,2026,Procedure,CMS
G0156,"Hhcp-svs of aide,ea 15 min",0.0,2026,Procedure,CMS
G0157,Hhc pt assistant ea 15,0.0,2026,Procedure,CMS
G0158,Hhc ot assistant ea 15,0.0,2026,Procedure,CMS
G0159,Hhc pt maint ea 15 min,0.0,2026,Procedure,CMS
G0160,Hhc occup therapy ea 15,0.0,2026,Procedure,CMS
G0161,Hhc slp ea 15 min,0.0,2026,Procedure,CMS
G0162,"Hhc rn e&m plan svs, 15 min",0.0,2026,Procedure,CMS
G0166,"Extrnl counterpulse, per tx",0.0,2026,Procedure,CMS
G0168,Wound closure by adhesive,0.3,2026,Procedure,CMS
G0175,"Opps service,sched team conf",0.0,2026,Procedure,CMS
G0176,Opps/php/iop; activity thrpy,0.0,2026,Procedure,CMS
G0177,Opps/php/iop; train & educ,0.0,2026,Procedure,CMS
G0179,Md recertification hha pt,0.44,2026,Procedure,CMS
G0180,Md certification hha patient,0.65,2026,Procedure,CMS
G0181,Home health care supervision,1.73,2026,Procedure,CMS
G0182,Hospice care supervision,1.73,2026,Procedure,CMS
G0183,Software meas of cardiac vol,0.0,2026,Procedure,CMS
G0186,"Dstry eye lesn,fdr vssl tech",0.0,2026,Procedure,CMS
G0219,Pet img wholbod melano nonco,0.0,2026,Procedure,CMS
G0235,Pet not otherwise specified,0.0,2026,Procedure,CMS
G0237,Therapeutic procd strg endur,0.0,2026,Procedure,CMS
G0238,"Oth resp proc, indiv",0.0,2026,Procedure,CMS
G0239,"Oth resp proc, group",0.0,2026,Procedure,CMS
G0245,Initial foot exam pt lops,0.86,2026,Procedure,CMS
G0246,Followup eval of foot pt lop,0.44,2026,Procedure,CMS
G0247,Routine footcare pt w lops,0.49,2026,Procedure,CMS
G0248,Demonstrate use home inr mon,0.0,2026,Procedure,CMS
G0249,Provide inr test mater/equip,0.0,2026,Procedure,CMS
G0250,Md inr test revie inter mgmt,0.18,2026,Procedure,CMS
G0252,Pet imaging initial dx,0.0,2026,Procedure,CMS
G0255,Current percep threshold tst,0.0,2026,Procedure,CMS
G0257,Unsched dialysis esrd pt hos,0.0,2026,Procedure,CMS
G0259,Inject for sacroiliac joint,0.0,2026,Procedure,CMS
G0260,Inj for sacroiliac jt anesth,0.0,2026,Procedure,CMS
G0268,Removal of impacted wax md,0.59,2026,Procedure,CMS
G0269,Occlusive device in vein art,0.0,2026,Procedure,CMS
G0270,Mnt subs tx for change dx,0.45,2026,Procedure,CMS
G0271,Group mnt 2 or more 30 mins,0.25,2026,Procedure,CMS
G0276,Pild/placebo control clin tr,6.99,2026,Procedure,CMS
G0277,"Hbot, full body chamber, 30m",0.0,2026,Procedure,CMS
G0278,"Iliac art angio,cardiac cath",0.24,2026,Procedure,CMS
G0279,"Tomosynthesis, mammo",0.59,2026,Procedure,CMS
G0281,Elec stim unattend for press,0.18,2026,Procedure,CMS
G0282,Elect stim wound care not pd,0.0,2026,Procedure,CMS
G0283,Elec stim other than wound,0.18,2026,Procedure,CMS
G0288,"Recon, cta for surg plan",0.0,2026,Procedure,CMS
G0289,"Arthro, loose body + chondro",1.44,2026,Procedure,CMS
G0293,"Non-cov surg proc,clin trial",0.0,2026,Procedure,CMS
G0294,"Non-cov proc, clinical trial",0.0,2026,Procedure,CMS
G0295,Electromagnetic therapy onc,0.0,2026,Procedure,CMS
G0296,Visit to determ ldct elig,0.52,2026,Procedure,CMS
G0299,Hhs/hospice of rn ea 15 min,0.0,2026,Procedure,CMS
G0300,Hhs/hospice of lpn ea 15 min,0.0,2026,Procedure,CMS
G0302,Pre-op service lvrs complete,0.0,2026,Procedure,CMS
G0303,Pre-op service lvrs 10-15dos,0.0,2026,Procedure,CMS
G0304,Pre-op service lvrs 1-9 dos,0.0,2026,Procedure,CMS
G0305,Post op service lvrs min 6,0.0,2026,Procedure,CMS
G0306,Cbc/diffwbc w/o platelet,0.0,2026,Procedure,CMS
G0307,Cbc without platelet,0.0,2026,Procedure,CMS
G0310,Immunize counsel 5-15 min,0.0,2026,Procedure,CMS
G0311,Immunize counsel 16-30 mins,0.0,2026,Procedure,CMS
G0312,Immunize couns < 21yr 5-15 m,0.0,2026,Procedure,CMS
G0313,Immunize couns < 21yr 6-30 m,0.0,2026,Procedure,CMS
G0314,Counsel immune <21 16-30 m,0.0,2026,Procedure,CMS
G0315,Counsel immune <21  5-15 m,0.0,2026,Procedure,CMS
G0316,Prolong inpt eval add15 m,0.61,2026,Procedure,CMS
G0317,Prolong nursin fac eval 15m,0.61,2026,Procedure,CMS
G0318,Prolong home eval add 15m,0.61,2026,Procedure,CMS
G0320,Two-way audio and video hhs,0.0,2026,Procedure,CMS
G0321,Audio-only hhs,0.0,2026,Procedure,CMS
G0322,Home h physio data collec tr,0.0,2026,Procedure,CMS
G0323,Care manage beh svs 20mins,0.93,2026,Procedure,CMS
G0327,Colon ca scrn;bld-bsd biomrk,0.0,2026,Procedure,CMS
G0328,Fecal blood scrn immunoassay,0.0,2026,Procedure,CMS
G0329,Electromagntic tx for ulcers,0.06,2026,Procedure,CMS
G0330,Facility svs dental rehab,0.0,2026,Procedure,CMS
G0333,Dispense fee initial 30 day,0.0,2026,Procedure,CMS
G0337,Hospice evaluation preelecti,1.42,2026,Procedure,CMS
G0339,"Robot lin-radsurg com, first",0.0,2026,Procedure,CMS
G0340,Robt lin-radsurg fractx 2-5,0.0,2026,Procedure,CMS
G0341,Percutaneous islet celltrans,6.81,2026,Procedure,CMS
G0342,Laparoscopy islet cell trans,11.62,2026,Procedure,CMS
G0343,Laparotomy islet cell transp,19.35,2026,Procedure,CMS
G0372,Md service required for pmd,0.17,2026,Procedure,CMS
G0378,Hospital observation per hr,0.0,2026,Procedure,CMS
G0379,Direct refer hospital observ,0.0,2026,Procedure,CMS
G0380,Lev 1 hosp type b ed visit,0.0,2026,Procedure,CMS
G0381,Lev 2 hosp type b ed visit,0.0,2026,Procedure,CMS
G0382,Lev 3 hosp type b ed visit,0.0,2026,Procedure,CMS
G0383,Lev 4 hosp type b ed visit,0.0,2026,Procedure,CMS
G0384,Lev 5 hosp type b ed visit,0.0,2026,Procedure,CMS
G0390,Trauma respons w/hosp criti,0.0,2026,Procedure,CMS
G0396,Alcohol/subs interv 15-30mn,0.65,2026,Procedure,CMS
G0397,Alcohol/subs interv >30 min,1.3,2026,Procedure,CMS
G0398,Home sleep test/type 2 porta,0.0,2026,Procedure,CMS
G0399,Home sleep test/type 3 porta,0.0,2026,Procedure,CMS
G0400,Home sleep test/type 4 porta,0.0,2026,Procedure,CMS
G0402,Initial preventive exam,2.6,2026,Procedure,CMS
G0403,Ekg for initial prevent exam,0.17,2026,Procedure,CMS
G0404,Ekg tracing for initial prev,0.0,2026,Procedure,CMS
G0405,Ekg interpret & report preve,0.17,2026,Procedure,CMS
G0406,Inpt/tele follow up 15,0.76,2026,Procedure,CMS
G0407,Inpt/tele follow up 25,1.39,2026,Procedure,CMS
G0408,Inpt/tele follow up 35,2.0,2026,Procedure,CMS
G0409,Corf related serv 15 mins ea,0.0,2026,Procedure,CMS
G0410,Grp psych php/iop 45-50,0.0,2026,Procedure,CMS
G0411,Interactive grp psyc php/iop,0.0,2026,Procedure,CMS
G0412,Open tx iliac spine uni/bil,10.19,2026,Procedure,CMS
G0413,Pelvic ring fracture uni/bil,15.34,2026,Procedure,CMS
G0414,Pelvic ring fx treat int fix,14.28,2026,Procedure,CMS
G0415,Open tx post pelvic fxcture,20.41,2026,Procedure,CMS
G0416,"Prostate biopsy, any mthd",3.51,2026,Procedure,CMS
G0420,Ed svc ckd ind per session,2.12,2026,Procedure,CMS
G0421,Ed svc ckd grp per session,0.5,2026,Procedure,CMS
G0422,Intens cardiac rehab w/exerc,2.05,2026,Procedure,CMS
G0423,Intens cardiac rehab no exer,2.05,2026,Procedure,CMS
G0425,Inpt/ed teleconsult30,1.92,2026,Procedure,CMS
G0426,Inpt/ed teleconsult50,2.61,2026,Procedure,CMS
G0427,Inpt/ed teleconsult70,3.86,2026,Procedure,CMS
G0428,Collagen meniscus implant,0.0,2026,Procedure,CMS
G0429,Dermal filler injection(s),1.16,2026,Procedure,CMS
G0432,Eia hiv-1/hiv-2 screen,0.0,2026,Procedure,CMS
G0433,Elisa hiv-1/hiv-2 screen,0.0,2026,Procedure,CMS
G0435,Oral hiv-1/hiv-2 screen,0.0,2026,Procedure,CMS
G0438,"Ppps, initial visit",2.6,2026,Procedure,CMS
G0439,"Ppps, subseq visit",1.92,2026,Procedure,CMS
G0442,Annual alcohol screen 15 min,0.18,2026,Procedure,CMS
G0443,Brief alcohol misuse counsel,0.6,2026,Procedure,CMS
G0444,Depression screen annual,0.18,2026,Procedure,CMS
G0445,High inten beh couns std 30m,0.6,2026,Procedure,CMS
G0446,Intens behave ther cardio dx,0.6,2026,Procedure,CMS
G0447,Behavior counsel obesity 15m,0.6,2026,Procedure,CMS
G0448,Place perm pacing cardiovert,0.0,2026,Procedure,CMS
G0451,Devlopment test interpt&rep,0.0,2026,Procedure,CMS
G0452,Molecular pathology interpr,0.91,2026,Procedure,CMS
G0453,Cont intraop neuro monitor,0.6,2026,Procedure,CMS
G0454,Md document visit by npp,0.18,2026,Procedure,CMS
G0455,Fecal microbiota prep instil,1.31,2026,Procedure,CMS
G0458,Ldr prostate brachy comp rat,0.0,2026,Procedure,CMS
G0459,Telehealth inpt pharm mgmt,0.95,2026,Procedure,CMS
G0460,Autolog prp not diab ulcer,0.0,2026,Procedure,CMS
G0463,Hospital outpt clinic visit,0.0,2026,Procedure,CMS
G0465,Autolog prp diab wound ulcer,1.78,2026,Procedure,CMS
G0466,Fqhc visit new patient,0.0,2026,Procedure,CMS
G0467,"Fqhc visit, estab pt",0.0,2026,Procedure,CMS
G0468,"Fqhc visit, ippe or awv",0.0,2026,Procedure,CMS
G0469,"Fqhc visit, mh new pt",0.0,2026,Procedure,CMS
G0470,"Fqhc visit, mh estab pt",0.0,2026,Procedure,CMS
G0471,Ven blood coll snf/hha,0.0,2026,Procedure,CMS
G0472,Hep c screen high risk/other,0.0,2026,Procedure,CMS
G0473,Group behave couns 2-10,0.23,2026,Procedure,CMS
G0475,Hiv combination assay,0.0,2026,Procedure,CMS
G0476,Hpv combo assay ca screen,0.0,2026,Procedure,CMS
G0480,Drug test def 1-7 classes,0.0,2026,Procedure,CMS
G0481,Drug test def 8-14 classes,0.0,2026,Procedure,CMS
G0482,Drug test def 15-21 classes,0.0,2026,Procedure,CMS
G0483,Drug test def 22+ classes,0.0,2026,Procedure,CMS
G0490,"Home visit rn, lpn by rhc/fq",0.0,2026,Procedure,CMS
G0491,Dialysis acu kidney no esrd,0.0,2026,Procedure,CMS
G0492,Md/oth eval acut kid no esrd,0.0,2026,Procedure,CMS
G0493,Rn care ea 15 min hh/hospice,0.0,2026,Procedure,CMS
G0494,Lpn care ea 15min hh/hospice,0.0,2026,Procedure,CMS
G0495,Rn care train/edu in hh,0.0,2026,Procedure,CMS
G0496,Lpn care train/edu in hh,0.0,2026,Procedure,CMS
G0498,Chemo extend iv infus w/pump,0.0,2026,Procedure,CMS
G0499,Hepb screen high risk indiv,0.0,2026,Procedure,CMS
G0500,Mod sedat endo service >5yrs,0.1,2026,Procedure,CMS
G0501,Resource-inten svc during ov,0.0,2026,Procedure,CMS
G0506,Comp asses care plan ccm svc,0.87,2026,Procedure,CMS
G0508,Crit care telehea consult 60,4.0,2026,Procedure,CMS
G0509,Crit care telehea consult 50,3.86,2026,Procedure,CMS
G0513,"Prolong prev svcs, first 30m",1.17,2026,Procedure,CMS
G0514,"Prolong prev svcs, addl 30m",1.17,2026,Procedure,CMS
G0516,"Insert drug del implant, >=4",1.77,2026,Procedure,CMS
G0517,Remove drug implant,2.05,2026,Procedure,CMS
G0518,Remove w insert drug implant,3.46,2026,Procedure,CMS
G0519,New pt-cg dyad dem low cmplx,0.0,2026,Procedure,CMS
G0520,New pt-cg dyad dem mod cmplx,0.0,2026,Procedure,CMS
G0521,New pt-cg dyad dem hig cmplx,0.0,2026,Procedure,CMS
G0522,Mgt nw pt dementia low cmplx,0.0,2026,Procedure,CMS
G0523,Mgt nw pt dem mod-high cmplx,0.0,2026,Procedure,CMS
G0524,Est pt-cg dyad dem low cmplx,0.0,2026,Procedure,CMS
G0525,Est pt-cg dyad dem mod cmplx,0.0,2026,Procedure,CMS
G0526,Est pt-cg dyad dem hig cmplx,0.0,2026,Procedure,CMS
G0527,Mgt est pt dmentia low cmplx,0.0,2026,Procedure,CMS
G0528,Mgt est pt dem mod-hi cmplx,0.0,2026,Procedure,CMS
G0529,"In home respite care, 4 hr u",0.0,2026,Procedure,CMS
G0530,"Adult daycare center, 8 hr u",0.0,2026,Procedure,CMS
G0531,"Fclty-based respite, 24 hr u",0.0,2026,Procedure,CMS
G0532,Take home supp nasal spray,0.0,2026,Procedure,CMS
G0533,Buprenorphone inj weekly,0.0,2026,Procedure,CMS
G0534,Coordinated care/or referral,0.0,2026,Procedure,CMS
G0535,Pt navigat svs direct/ref,0.0,2026,Procedure,CMS
G0536,Peer recover support svs,0.0,2026,Procedure,CMS
G0537,Risk ascvd tst once pr 12 mo,0.18,2026,Procedure,CMS
G0538,Ascvd rsk mng clin stf pr mo,0.18,2026,Procedure,CMS
G0539,Initial care training 30 m,1.0,2026,Procedure,CMS
G0540,Train for caregiver add 15,0.54,2026,Procedure,CMS
G0541,No pt prsnt train initial 30,1.0,2026,Procedure,CMS
G0542,No pt prsnt train add 15,0.54,2026,Procedure,CMS
G0543,Group train w/o patient,0.23,2026,Procedure,CMS
G0544,Post d/c phone follow up,0.98,2026,Procedure,CMS
G0545,Inherent visit to inpt,0.89,2026,Procedure,CMS
G0546,Phone/internet ehr assess,0.35,2026,Procedure,CMS
G0547,Phone/internet svs 11-20 m,0.7,2026,Procedure,CMS
G0548,Phone/inter svs 21-30 m,1.05,2026,Procedure,CMS
G0549,Phone/inter for treat>31m,1.4,2026,Procedure,CMS
G0550,Phone/inter for dx/treat >5m,0.7,2026,Procedure,CMS
G0551,Phn/intr svs fr dx treat 30m,0.7,2026,Procedure,CMS
G0552,Supply of digital device,0.0,2026,Procedure,CMS
G0553,Monthly tx for dmht 20mins,0.62,2026,Procedure,CMS
G0554,Add 20 m of monthly tx,0.61,2026,Procedure,CMS
G0555,Replacment pt electronic sys,0.0,2026,Procedure,CMS
G0556,Adv prim care mgmt lvl 1,0.25,2026,Procedure,CMS
G0557,Adv prim care mgmt lvl 2,0.77,2026,Procedure,CMS
G0558,Adv prim care mgmt lvl 3,1.67,2026,Procedure,CMS
G0559,Unrelat prac follow up visit,0.16,2026,Procedure,CMS
G0560,Safety plan interven,1.09,2026,Procedure,CMS
G0561,"Temp tube delivery, unil",0.0,2026,Procedure,CMS
G0562,Complex simulation w/pet-ct,0.0,2026,Procedure,CMS
G0563,Sbrt w/positron emission del,0.0,2026,Procedure,CMS
G0566,3d bn img algor drvd fr mri,0.0,2026,Procedure,CMS
G0567,Screening hep c detect,0.0,2026,Procedure,CMS
G0568,"Int psych care mng, 1 cal mo",1.88,2026,Procedure,CMS
G0569,"Subs psych care mng, subs mo",2.05,2026,Procedure,CMS
G0570,"Care manage serv, pr cal mo",0.93,2026,Procedure,CMS
G0571,Intraop nerve cryoablation,1.36,2026,Procedure,CMS
G0659,Drug test def simple all cl,0.0,2026,Procedure,CMS
G0660,Team remote e/m new pt 10 mn,0.0,2026,Procedure,CMS
G0661,Team remote e/m new pt 20 mn,0.0,2026,Procedure,CMS
G0662,Team remote e/m new pt 30 mn,0.0,2026,Procedure,CMS
G0663,Team remote e/m new pt 45 mn,0.0,2026,Procedure,CMS
G0664,Team remote e/m new pt 60 mn,0.0,2026,Procedure,CMS
G0665,Team remote e/m est pt 10 mn,0.0,2026,Procedure,CMS
G0666,Team remote e/m est pt 15 mn,0.0,2026,Procedure,CMS
G0667,Team remote e/m est pt 25 mn,0.0,2026,Procedure,CMS
G0668,Team remote e/m est pt 40 mn,0.0,2026,Procedure,CMS
G0913,Improve visual funct,0.0,2026,Procedure,CMS
G0914,Survey not complete,0.0,2026,Procedure,CMS
G0915,No improve visual funct,0.0,2026,Procedure,CMS
G0916,Satisfy with care,0.0,2026,Procedure,CMS
G0917,Care survey not complete,0.0,2026,Procedure,CMS
G0918,No satisfy with care,0.0,2026,Procedure,CMS
G1025,Pt mnth 1 mcp prov,0.0,2026,Procedure,CMS
G1026,Pt hemo > 3mo,0.0,2026,Procedure,CMS
G1027,Pt hemo < 3mo,0.0,2026,Procedure,CMS
G1028,Take home supply 8mg per 0.1,0.0,2026,Procedure,CMS
G2000,Blinded conv. tx mdd clin tr,0.0,2026,Procedure,CMS
G2001,Post d/c h vst new pt 20 m,1.01,2026,Procedure,CMS
G2002,Post-d/c h vst new pt 30 m,1.52,2026,Procedure,CMS
G2003,Post-d/c h vst new pt 45 m,2.53,2026,Procedure,CMS
G2004,Post-d/c h vst new pt 60 m,3.38,2026,Procedure,CMS
G2005,Post-d/c h vst new pt 75 m,4.09,2026,Procedure,CMS
G2006,Post-d/c h vst ext pt 20 m,1.0,2026,Procedure,CMS
G2007,Post-d/c h vst ext pt 30 m,1.56,2026,Procedure,CMS
G2008,Post-d/c h vst ext pt 45 m,2.33,2026,Procedure,CMS
G2009,Post-d/c h vst ext pt 60 m,3.28,2026,Procedure,CMS
G2010,Remot image submit by pt,0.18,2026,Procedure,CMS
G2011,Alcohol/sub misuse assess,0.33,2026,Procedure,CMS
G2013,Post-d/c h vst ext pt 75 m,4.09,2026,Procedure,CMS
G2014,Post-d/c care plan overs 30m,1.25,2026,Procedure,CMS
G2015,Post-d/c care plan overs 60m,1.8,2026,Procedure,CMS
G2020,Hi inten serv for sip model,0.0,2026,Procedure,CMS
G2021,Hea care pract tx in place,0.0,2026,Procedure,CMS
G2022,"Benef refuses service, mod",0.0,2026,Procedure,CMS
G2025,Dis site tele svcs rhc/fqhc,1.44,2026,Procedure,CMS
G2067,Med assist tx meth wk,0.0,2026,Procedure,CMS
G2068,Med assist tx bupre oral,0.0,2026,Procedure,CMS
G2069,Med assist tx inject,0.0,2026,Procedure,CMS
G2073,Med tx naltrexone,0.0,2026,Procedure,CMS
G2074,Med assist tx no drug,0.0,2026,Procedure,CMS
G2075,Med tx meds nos,0.0,2026,Procedure,CMS
G2076,Intake act w/med exam,0.0,2026,Procedure,CMS
G2077,Periodic assessment,0.0,2026,Procedure,CMS
G2078,Take-home meth,0.0,2026,Procedure,CMS
G2079,Take-hom buprenorphine,0.0,2026,Procedure,CMS
G2080,Add 30 mins counsel,0.0,2026,Procedure,CMS
G2081,Pt 66+ snp or ltc pos > 90d,0.0,2026,Procedure,CMS
G2082,Visit esketamine 56m or less,0.7,2026,Procedure,CMS
G2083,"Visit esketamine, > 56m",0.7,2026,Procedure,CMS
G2086,Off base opioid tx 70min,8.36,2026,Procedure,CMS
G2087,"Off base opioid tx, 60 m",8.19,2026,Procedure,CMS
G2088,"Off base opioid tx, add30",0.82,2026,Procedure,CMS
G2090,Pt 66+ frailty and med dem,0.0,2026,Procedure,CMS
G2091,Pt 66+ frailty and adv ill,0.0,2026,Procedure,CMS
G2092,Ace arb arni,0.0,2026,Procedure,CMS
G2093,Med doc rsn no ace arn arni,0.0,2026,Procedure,CMS
G2094,Pt rsn no ace arn arni,0.0,2026,Procedure,CMS
G2096,No rsn ace arb arni,0.0,2026,Procedure,CMS
G2097,Dx uri 3d after other dx,0.0,2026,Procedure,CMS
G2098,Pt 66+ frailty and med dem,0.0,2026,Procedure,CMS
G2099,Pt 66+ frailty and adv ill,0.0,2026,Procedure,CMS
G2100,Pt 66+ frailty and med dem,0.0,2026,Procedure,CMS
G2101,Pt 66+ frailty and adv ill,0.0,2026,Procedure,CMS
G2105,Pt 66+ snp or ltc pos > 90d,0.0,2026,Procedure,CMS
G2106,Pt 66+ frailty and med dem,0.0,2026,Procedure,CMS
G2107,Pt 66+ frailty and adv ill,0.0,2026,Procedure,CMS
G2112,Pred<=5 mg ra glu <6m,0.0,2026,Procedure,CMS
G2113,"Pred>5 mg >6m, no chg da",0.0,2026,Procedure,CMS
G2115,Pt 66-80 frailty and med dem,0.0,2026,Procedure,CMS
G2116,Pt 66-80 frailty and adv ill,0.0,2026,Procedure,CMS
G2118,Pt 81+ frailty,0.0,2026,Procedure,CMS
G2121,Psy dep anx ap and icd asse,0.0,2026,Procedure,CMS
G2122,Psy/dep/anx/apandicd noasse,0.0,2026,Procedure,CMS
G2125,Pt 81+ frailty,0.0,2026,Procedure,CMS
G2126,Pt 66-80 frailty and adv ill,0.0,2026,Procedure,CMS
G2127,Pt 66-80 frailty and med dem,0.0,2026,Procedure,CMS
G2128,No aspirin med rsn,0.0,2026,Procedure,CMS
G2129,No bp outpt,0.0,2026,Procedure,CMS
G2136,Bk pain vas 6-20wk <= 3,0.0,2026,Procedure,CMS
G2137,Bk pain vas 6-20wk > 3,0.0,2026,Procedure,CMS
G2138,Bk pain vas 9-15mo <= 3,0.0,2026,Procedure,CMS
G2139,Bk pain vas 9-15mo > 3,0.0,2026,Procedure,CMS
G2140,Leg pain vas 6-20wk <= 3,0.0,2026,Procedure,CMS
G2141,Leg pain vas 6-20wk > 3,0.0,2026,Procedure,CMS
G2142,Fs odi 9-15mo postop<= 22,0.0,2026,Procedure,CMS
G2143,Fs odi 9-15mo > 22,0.0,2026,Procedure,CMS
G2144,Fs odi 6-20wk postop <= 22,0.0,2026,Procedure,CMS
G2145,Fsodi 6-20wk >22 or chg 30pt,0.0,2026,Procedure,CMS
G2146,Leg pain vas 9-15mo <= 3,0.0,2026,Procedure,CMS
G2147,Leg pain vas 9-15mo > 3,0.0,2026,Procedure,CMS
G2148,Mpm used,0.0,2026,Procedure,CMS
G2149,No mpm med rsn,0.0,2026,Procedure,CMS
G2150,No mpm,0.0,2026,Procedure,CMS
G2151,Dx degen neuro,0.0,2026,Procedure,CMS
G2152,Res change sc >=0,0.0,2026,Procedure,CMS
G2167,Res change sc < 0,0.0,2026,Procedure,CMS
G2168,Svs by pt in home health,0.0,2026,Procedure,CMS
G2169,Svs by ot in home health,0.0,2026,Procedure,CMS
G2172,Tx for opioid use demo proj,0.0,2026,Procedure,CMS
G2173,Uri w comorb 12m oth dx,0.0,2026,Procedure,CMS
G2174,Uri new rx antibiotic 30d,0.0,2026,Procedure,CMS
G2175,Pt comorb dx 12m of epi,0.0,2026,Procedure,CMS
G2176,Outpt ed obs w inpt admit,0.0,2026,Procedure,CMS
G2177,Bronch w rx antibx 30d,0.0,2026,Procedure,CMS
G2178,Pt not elig low neuro ex,0.0,2026,Procedure,CMS
G2179,Med doc rsn no low ex,0.0,2026,Procedure,CMS
G2180,Inelig footwr eval,0.0,2026,Procedure,CMS
G2181,Bmi not doc medrsn ptref,0.0,2026,Procedure,CMS
G2182,Pt 1st biolog antirheum,0.0,2026,Procedure,CMS
G2183,Doc pt unable comm,0.0,2026,Procedure,CMS
G2184,No caregiver,0.0,2026,Procedure,CMS
G2185,Caregiver dem trained,0.0,2026,Procedure,CMS
G2186,Pt ref app rsrcs,0.0,2026,Procedure,CMS
G2187,Clin ind img hd trauma,0.0,2026,Procedure,CMS
G2188,Pt 50 yrs w/clin ind hd,0.0,2026,Procedure,CMS
G2189,Img hd abnml neuro exam,0.0,2026,Procedure,CMS
G2190,Ind img hd rad neck,0.0,2026,Procedure,CMS
G2191,Ind img hd pos hd ache,0.0,2026,Procedure,CMS
G2192,>55 yrs temp hd ache,0.0,2026,Procedure,CMS
G2193,<6yr new onset hd ache,0.0,2026,Procedure,CMS
G2194,New hdache ped pt dis,0.0,2026,Procedure,CMS
G2195,Occip hdache child,0.0,2026,Procedure,CMS
G2196,Screen unhlthy etoh use,0.0,2026,Procedure,CMS
G2197,Screen hlthy etoh use,0.0,2026,Procedure,CMS
G2199,Not scrn etoh no rsn,0.0,2026,Procedure,CMS
G2200,Unhlthy etoh rcvd couns,0.0,2026,Procedure,CMS
G2202,No rsn no brief couns,0.0,2026,Procedure,CMS
G2204,Pt 45-85 w/ scope,0.0,2026,Procedure,CMS
G2205,Preg drng adjv trtmt,0.0,2026,Procedure,CMS
G2206,Adjv trtmt chemo her2,0.0,2026,Procedure,CMS
G2207,Rsn no trtmt chem her2,0.0,2026,Procedure,CMS
G2208,No trtmt chemo and her2,0.0,2026,Procedure,CMS
G2209,Refused to participate,0.0,2026,Procedure,CMS
G2210,No neck fs prom no rsn,0.0,2026,Procedure,CMS
G2211,Complex e/m visit add on,0.33,2026,Procedure,CMS
G2212,Prolong outpt/office vis,0.61,2026,Procedure,CMS
G2213,Initiat med assist tx in er,1.27,2026,Procedure,CMS
G2214,Init/sub psych care m 1st 30,0.77,2026,Procedure,CMS
G2215,Home supply nasal naloxone,0.0,2026,Procedure,CMS
G2216,Home supply inject naloxon,0.0,2026,Procedure,CMS
G2250,"Remot img sub by pt, non e/m",0.18,2026,Procedure,CMS
G2251,"Brief chkin, 5-10, non-e/m",0.25,2026,Procedure,CMS
G2252,"Brief chkin by md/qhp, 11-20",0.5,2026,Procedure,CMS
G3002,Chronic pain mgmt 30 mins,1.45,2026,Procedure,CMS
G3003,Chronic pain mgmt addl 15m,0.5,2026,Procedure,CMS
G4000,Dermatology ss,0.0,2026,Procedure,CMS
G4001,Diagnostic rad ss,0.0,2026,Procedure,CMS
G4002,Ep cardio ss,0.0,2026,Procedure,CMS
G4003,Emergency med ss,0.0,2026,Procedure,CMS
G4004,Endocrinology ss,0.0,2026,Procedure,CMS
G4005,Family medicine ss,0.0,2026,Procedure,CMS
G4006,Gastroenterology ss,0.0,2026,Procedure,CMS
G4007,General surgery ss,0.0,2026,Procedure,CMS
G4008,Geriatrics ss,0.0,2026,Procedure,CMS
G4009,Hospitalists ss,0.0,2026,Procedure,CMS
G4010,Infectious disease ss,0.0,2026,Procedure,CMS
G4011,Internal medicine ss,0.0,2026,Procedure,CMS
G4012,Interventional rad ss,0.0,2026,Procedure,CMS
G4013,Mntal/behav/psych hlth ss,0.0,2026,Procedure,CMS
G4014,Nephrology ss,0.0,2026,Procedure,CMS
G4015,Neurology ss,0.0,2026,Procedure,CMS
G4016,Neurosurgical ss,0.0,2026,Procedure,CMS
G4017,Nutrition/dietician ss,0.0,2026,Procedure,CMS
G4018,Ob/gyn ss,0.0,2026,Procedure,CMS
G4019,Oncology/hema ss,0.0,2026,Procedure,CMS
G4020,Ophthalmology/optometry ss,0.0,2026,Procedure,CMS
G4021,Orthopedic surgery ss,0.0,2026,Procedure,CMS
G4022,Otolaryngology ss,0.0,2026,Procedure,CMS
G4023,Pathology ss,0.0,2026,Procedure,CMS
G4024,Pediatrics ss,0.0,2026,Procedure,CMS
G4025,Physical medicine ss,0.0,2026,Procedure,CMS
G4026,Phys/occ therapy ss,0.0,2026,Procedure,CMS
G4027,Plastic surgery ss,0.0,2026,Procedure,CMS
G4028,Podiatry ss,0.0,2026,Procedure,CMS
G4029,Preventive medicine ss,0.0,2026,Procedure,CMS
G4030,Pulmonology ss,0.0,2026,Procedure,CMS
G4031,Radiation oncology ss,0.0,2026,Procedure,CMS
G4032,Rheumatology ss,0.0,2026,Procedure,CMS
G4033,Skilled nursing facility ss,0.0,2026,Procedure,CMS
G4034,Speech language path ss,0.0,2026,Procedure,CMS
G4035,Thoracic surgery ss,0.0,2026,Procedure,CMS
G4036,Urgent care ss,0.0,2026,Procedure,CMS
G4037,Urology ss,0.0,2026,Procedure,CMS
G4038,Vascular surgery ss,0.0,2026,Procedure,CMS
G8395,Lvef>=40% doc normal or mild,0.0,2026,Procedure,CMS
G8396,Lvef not performed,0.0,2026,Procedure,CMS
G8397,Dil macula/fundus exam/w doc,0.0,2026,Procedure,CMS
G8399,Pt w/dxa results document,0.0,2026,Procedure,CMS
G8400,Pt w/dxa no results doc,0.0,2026,Procedure,CMS
G8404,Low extemity neur exam docum,0.0,2026,Procedure,CMS
G8405,Low extemity neur not perfor,0.0,2026,Procedure,CMS
G8410,Eval on foot documented,0.0,2026,Procedure,CMS
G8415,Eval on foot not performed,0.0,2026,Procedure,CMS
G8416,Pt inelig footwear evaluatio,0.0,2026,Procedure,CMS
G8417,Calc bmi abv up param f/u,0.0,2026,Procedure,CMS
G8418,Calc bmi blw low param f/u,0.0,2026,Procedure,CMS
G8419,Calc bmi out nrm param nof/u,0.0,2026,Procedure,CMS
G8420,Calc bmi norm parameters,0.0,2026,Procedure,CMS
G8421,Bmi not calculated,0.0,2026,Procedure,CMS
G8427,Docrev cur meds by elig clin,0.0,2026,Procedure,CMS
G8428,Cur meds not document,0.0,2026,Procedure,CMS
G8430,Doc med rsn no medrec,0.0,2026,Procedure,CMS
G8431,Pos clin depres scrn f/u doc,0.0,2026,Procedure,CMS
G8432,"Dep scr not doc, rng",0.0,2026,Procedure,CMS
G8433,Scr for dep not cpt doc rsn,0.0,2026,Procedure,CMS
G8450,Beta-bloc rx pt w/abn lvef,0.0,2026,Procedure,CMS
G8451,Pt w/abn lvef inelig b-bloc,0.0,2026,Procedure,CMS
G8452,Pt w/abn lvef b-bloc no rx,0.0,2026,Procedure,CMS
G8465,High risk recurrence pro ca,0.0,2026,Procedure,CMS
G8473,Ace/arb thxpy rx'd,0.0,2026,Procedure,CMS
G8474,Ace/arb not rx'd; doc reas,0.0,2026,Procedure,CMS
G8475,Ace/arb thxpy not rx'd,0.0,2026,Procedure,CMS
G8476,Bp sys <140 and dias <90,0.0,2026,Procedure,CMS
G8477,Bp sys>=140 and/or dias >=90,0.0,2026,Procedure,CMS
G8478,Bp not performed/doc,0.0,2026,Procedure,CMS
G8510,"Scr dep neg, no plan reqd",0.0,2026,Procedure,CMS
G8511,"Scr dep pos, no plan doc rng",0.0,2026,Procedure,CMS
G8535,Eld maltreatment not doc,0.0,2026,Procedure,CMS
G8536,No doc elder mal scrn,0.0,2026,Procedure,CMS
G8539,Doc funct and care plan,0.0,2026,Procedure,CMS
G8540,Foa not doc as being perf,0.0,2026,Procedure,CMS
G8541,No doc cur funct assess,0.0,2026,Procedure,CMS
G8542,Doc funct no deficiencies,0.0,2026,Procedure,CMS
G8543,Cur funct asses; no care pln,0.0,2026,Procedure,CMS
G8559,Pt ref doc oto eval,0.0,2026,Procedure,CMS
G8560,Pt hx act drain prev 90 days,0.0,2026,Procedure,CMS
G8561,Pt inelig for ref oto eval,0.0,2026,Procedure,CMS
G8562,Pt no hx act drain 90 d,0.0,2026,Procedure,CMS
G8563,Pt no ref oto reas no spec,0.0,2026,Procedure,CMS
G8564,Pt ref oto eval,0.0,2026,Procedure,CMS
G8565,Ver doc hear loss,0.0,2026,Procedure,CMS
G8566,Pt inelig ref oto eval,0.0,2026,Procedure,CMS
G8567,Pt no doc hear loss,0.0,2026,Procedure,CMS
G8568,Pt no ref otolo no spec,0.0,2026,Procedure,CMS
G8569,Prol intubation req,0.0,2026,Procedure,CMS
G8570,No prol intub req,0.0,2026,Procedure,CMS
G8575,Postop ren fail,0.0,2026,Procedure,CMS
G8576,No postop ren fail,0.0,2026,Procedure,CMS
G8577,Reop req bld grft oth,0.0,2026,Procedure,CMS
G8578,No reop req bld grft oth,0.0,2026,Procedure,CMS
G8598,Asa/antiplat ther used,0.0,2026,Procedure,CMS
G8599,No asa/antiplat ther use rng,0.0,2026,Procedure,CMS
G8600,Tpa initi w/in 4.5 hr,0.0,2026,Procedure,CMS
G8601,No elig tpa init w/in 4.5 hr,0.0,2026,Procedure,CMS
G8602,No tpa init w/in 4.5 hr,0.0,2026,Procedure,CMS
G8633,Pharm ther osteo rx,0.0,2026,Procedure,CMS
G8635,No pharm ther osteo rx,0.0,2026,Procedure,CMS
G8647,Rafscrs ki scor >= 0,0.0,2026,Procedure,CMS
G8648,Rafscrs ki scor < 0,0.0,2026,Procedure,CMS
G8650,Rafs crs ki no scor no rsn,0.0,2026,Procedure,CMS
G8651,Rafscrs hi scor >=0,0.0,2026,Procedure,CMS
G8652,Rafscrs hi scor < 0,0.0,2026,Procedure,CMS
G8654,Rafs crs hi no scor no surv,0.0,2026,Procedure,CMS
G8655,Rafscrs llfai scor >= 0,0.0,2026,Procedure,CMS
G8656,Rafscrs llfai scor < 0,0.0,2026,Procedure,CMS
G8658,Rafscrs llfai no scor + surv,0.0,2026,Procedure,CMS
G8659,Rafscrs lbi scor >= 0,0.0,2026,Procedure,CMS
G8660,Rafscrs lbi scor < 0,0.0,2026,Procedure,CMS
G8661,Rafscrs lbi no scor,0.0,2026,Procedure,CMS
G8662,Rafs crs lbi no scor no surv,0.0,2026,Procedure,CMS
G8663,Rafscrs si scor >= 0,0.0,2026,Procedure,CMS
G8664,Rafscrs si scor < 0,0.0,2026,Procedure,CMS
G8666,Rafs crs si no scor no surv,0.0,2026,Procedure,CMS
G8667,Rafscrs ewh scor >= 0,0.0,2026,Procedure,CMS
G8668,Rafscrs ewh scor < 0,0.0,2026,Procedure,CMS
G8670,Rafs crs ewh no scor no surv,0.0,2026,Procedure,CMS
G8694,Lvef <=40%,0.0,2026,Procedure,CMS
G8708,Antibiotic not pres,0.0,2026,Procedure,CMS
G8709,Uri ep compete diag,0.0,2026,Procedure,CMS
G8710,Pt pres antibiotic,0.0,2026,Procedure,CMS
G8711,Pres antibx on/within 3 day,0.0,2026,Procedure,CMS
G8712,Not pres antibiotic,0.0,2026,Procedure,CMS
G8721,"Pt, pn, hist grade doc",0.0,2026,Procedure,CMS
G8722,"Med reas pt, pn, not doc",0.0,2026,Procedure,CMS
G8723,Spec sit not prim tumor,0.0,2026,Procedure,CMS
G8724,"Pt, pn, hist grade not doc",0.0,2026,Procedure,CMS
G8733,Doc pos elder mal scrn plan,0.0,2026,Procedure,CMS
G8734,Doc neg eld req,0.0,2026,Procedure,CMS
G8735,Eld mal scrn pos no plan,0.0,2026,Procedure,CMS
G8749,No signs melanoma,0.0,2026,Procedure,CMS
G8752,Sys bp less 140,0.0,2026,Procedure,CMS
G8753,Sys bp > or = 140,0.0,2026,Procedure,CMS
G8754,Dias bp less 90,0.0,2026,Procedure,CMS
G8755,Dias bp > or = 90,0.0,2026,Procedure,CMS
G8756,No bp measure doc,0.0,2026,Procedure,CMS
G8783,Bp scrn perf rec interval,0.0,2026,Procedure,CMS
G8785,Bp scrn no perf at interval,0.0,2026,Procedure,CMS
G8797,Specimen site not esophagus,0.0,2026,Procedure,CMS
G8798,Specimen site not prostate,0.0,2026,Procedure,CMS
G8806,Perf ultrsnd to lct preg doc,0.0,2026,Procedure,CMS
G8807,No ta tv ultrasnd,0.0,2026,Procedure,CMS
G8808,"Ultrasound not perf, rng",0.0,2026,Procedure,CMS
G8815,Doc reas no statin therapy,0.0,2026,Procedure,CMS
G8816,Statin med pres at disch,0.0,2026,Procedure,CMS
G8817,Doc reas no statin med disch,0.0,2026,Procedure,CMS
G8826,Pt disch home day #2 evar,0.0,2026,Procedure,CMS
G8833,Pt not disch home day#2 evar,0.0,2026,Procedure,CMS
G8834,Pt disch home day #2 cea,0.0,2026,Procedure,CMS
G8838,Not disch home by day #2,0.0,2026,Procedure,CMS
G8839,Sleep apnea assess,0.0,2026,Procedure,CMS
G8840,Doc reas no sleep apnea,0.0,2026,Procedure,CMS
G8841,No sleep apnea assess,0.0,2026,Procedure,CMS
G8842,Ahi rdi rei doc win 2mo,0.0,2026,Procedure,CMS
G8843,Doc reas no ahi rdi rei,0.0,2026,Procedure,CMS
G8844,No ahi rdi rei ini dx no rsn,0.0,2026,Procedure,CMS
G8845,Pos airway press prescribed,0.0,2026,Procedure,CMS
G8846,Mod or severe osa,0.0,2026,Procedure,CMS
G8849,Doc reas no pos air press,0.0,2026,Procedure,CMS
G8850,No pap prescribed,0.0,2026,Procedure,CMS
G8851,Adhere tx assess at lst ann,0.0,2026,Procedure,CMS
G8854,Reas no adhere therapy,0.0,2026,Procedure,CMS
G8855,Ther not assessed annually,0.0,2026,Procedure,CMS
G8856,Ref for oto eval,0.0,2026,Procedure,CMS
G8857,No elig ref for oto eval,0.0,2026,Procedure,CMS
G8858,Not ref for oto eval,0.0,2026,Procedure,CMS
G8863,No assess bone loss,0.0,2026,Procedure,CMS
G8864,Pneumococcal vaccine admin,0.0,2026,Procedure,CMS
G8865,Doc med reas no pneumococcal,0.0,2026,Procedure,CMS
G8866,Doc pt reas no pneumococcal,0.0,2026,Procedure,CMS
G8867,No pneumococcal admin,0.0,2026,Procedure,CMS
G8869,Doc immune hep b antitnf,0.0,2026,Procedure,CMS
G8875,Breast cancer dx min invsive,0.0,2026,Procedure,CMS
G8876,Doc reas no min inv dx,0.0,2026,Procedure,CMS
G8877,No brst cncr dx min invasive,0.0,2026,Procedure,CMS
G8878,Sent lymph node biopsy,0.0,2026,Procedure,CMS
G8880,Sen lym p node biop not perf,0.0,2026,Procedure,CMS
G8881,Brst cncr stage > t1n0m0,0.0,2026,Procedure,CMS
G8882,No sent lymph node biopsy,0.0,2026,Procedure,CMS
G8907,Pt doc no events on discharg,0.0,2026,Procedure,CMS
G8908,Pt doc w burn prior to d/c,0.0,2026,Procedure,CMS
G8909,Pt doc no burn prior to d/c,0.0,2026,Procedure,CMS
G8910,Pt doc to have fall in asc,0.0,2026,Procedure,CMS
G8911,Pt doc no fall in asc,0.0,2026,Procedure,CMS
G8912,Pt doc with wrong event,0.0,2026,Procedure,CMS
G8913,Pt doc no wrong event,0.0,2026,Procedure,CMS
G8914,Pt trans to hosp post d/c,0.0,2026,Procedure,CMS
G8915,Pt not trans to hosp at d/c,0.0,2026,Procedure,CMS
G8916,Pt w iv ab given on time,0.0,2026,Procedure,CMS
G8917,Pt w iv ab not given on time,0.0,2026,Procedure,CMS
G8918,Pt w/o preop order iv ab pro,0.0,2026,Procedure,CMS
G8923,Lvef <= 40% or lvsd,0.0,2026,Procedure,CMS
G8924,Spir res doc fev1/fvc<70%,0.0,2026,Procedure,CMS
G8934,Lvef <=40% or dep lv sys fcn,0.0,2026,Procedure,CMS
G8935,Rx ace or arb therapy,0.0,2026,Procedure,CMS
G8936,Pt not eligible ace/arb,0.0,2026,Procedure,CMS
G8937,No rx ace/arb therapy,0.0,2026,Procedure,CMS
G8942,Doc fcn/care plan w/30 days,0.0,2026,Procedure,CMS
G8944,Ajcc mel cnr stg 0 - iic,0.0,2026,Procedure,CMS
G8946,Mibm but no dx of breast ca,0.0,2026,Procedure,CMS
G8950,"Pre-htn or htn doc, f/u indc",0.0,2026,Procedure,CMS
G8952,"Pre-htn/htn, no f/u, not gvn",0.0,2026,Procedure,CMS
G8955,Most recent assess vol mgmt,0.0,2026,Procedure,CMS
G8956,Pt rcv hedia outpt dyls fac,0.0,2026,Procedure,CMS
G8958,Assess vol mgmt not doc,0.0,2026,Procedure,CMS
G8961,Csit lowrisk surg pts preop,0.0,2026,Procedure,CMS
G8962,Csit on pt any reas 30 days,0.0,2026,Procedure,CMS
G8967,Warf or other fda drug presc,0.0,2026,Procedure,CMS
G8968,Doc med not presb,0.0,2026,Procedure,CMS
G8969,Doc pt rsn no presc warf/fda,0.0,2026,Procedure,CMS
G8970,No rsk fac or 1 mod risk te,0.0,2026,Procedure,CMS
G9001,"Mccd, initial rate",0.0,2026,Procedure,CMS
G9002,"Mccd,maintenance rate",0.0,2026,Procedure,CMS
G9003,"Mccd, risk adj hi, initial",0.0,2026,Procedure,CMS
G9004,"Mccd, risk adj lo, initial",0.0,2026,Procedure,CMS
G9005,"Mccd, risk adj, maintenance",0.0,2026,Procedure,CMS
G9006,"Mccd, home monitoring",0.0,2026,Procedure,CMS
G9007,"Mccd, sch team conf",0.0,2026,Procedure,CMS
G9008,"Mccd,phys coor-care ovrsght",0.0,2026,Procedure,CMS
G9009,"Mccd, risk adj, level 3",0.0,2026,Procedure,CMS
G9010,"Mccd, risk adj, level 4",0.0,2026,Procedure,CMS
G9011,"Mccd, risk adj, level 5",0.0,2026,Procedure,CMS
G9012,Other specified case mgmt,0.0,2026,Procedure,CMS
G9013,Esrd demo bundle level i,0.0,2026,Procedure,CMS
G9014,Esrd demo bundle-level ii,0.0,2026,Procedure,CMS
G9016,Demo-smoking cessation coun,0.0,2026,Procedure,CMS
G9050,Oncology work-up evaluation,0.0,2026,Procedure,CMS
G9051,Oncology tx decision-mgmt,0.0,2026,Procedure,CMS
G9052,Onc surveillance for disease,0.0,2026,Procedure,CMS
G9053,Onc expectant management pt,0.0,2026,Procedure,CMS
G9054,Onc supervision palliative,0.0,2026,Procedure,CMS
G9055,Onc visit unspecified nos,0.0,2026,Procedure,CMS
G9056,Onc prac mgmt adheres guide,0.0,2026,Procedure,CMS
G9057,Onc pract mgmt differs trial,0.0,2026,Procedure,CMS
G9058,Onc prac mgmt disagree w/gui,0.0,2026,Procedure,CMS
G9059,Onc prac mgmt pt opt alterna,0.0,2026,Procedure,CMS
G9060,Onc prac mgmt dif pt comorb,0.0,2026,Procedure,CMS
G9061,Onc prac cond noadd by guide,0.0,2026,Procedure,CMS
G9062,Onc prac guide differs nos,0.0,2026,Procedure,CMS
G9063,Onc dx nsclc stgi no progres,0.0,2026,Procedure,CMS
G9064,Onc dx nsclc stg2 no progres,0.0,2026,Procedure,CMS
G9065,Onc dx nsclc stg3a no progre,0.0,2026,Procedure,CMS
G9066,Onc dx nsclc stg3b-4 metasta,0.0,2026,Procedure,CMS
G9067,Onc dx nsclc dx unknown nos,0.0,2026,Procedure,CMS
G9068,Onc dx sclc/nsclc limited,0.0,2026,Procedure,CMS
G9069,Onc dx sclc/nsclc ext at dx,0.0,2026,Procedure,CMS
G9070,Onc dx sclc/nsclc ext unknwn,0.0,2026,Procedure,CMS
G9071,"Onc dx brst stg1-2b hr,nopro",0.0,2026,Procedure,CMS
G9072,Onc dx brst stg1-2 noprogres,0.0,2026,Procedure,CMS
G9073,"Onc dx brst stg3-hr, no pro",0.0,2026,Procedure,CMS
G9074,Onc dx brst stg3-noprogress,0.0,2026,Procedure,CMS
G9075,Onc dx brst metastic/ recur,0.0,2026,Procedure,CMS
G9077,Onc dx prostate t1no progres,0.0,2026,Procedure,CMS
G9078,Onc dx prostate t2no progres,0.0,2026,Procedure,CMS
G9079,Onc dx prostate t3b-t4noprog,0.0,2026,Procedure,CMS
G9080,Onc dx prostate w/rise psa,0.0,2026,Procedure,CMS
G9083,Onc dx prostate unknwn nos,0.0,2026,Procedure,CMS
G9084,"Onc dx colon t1-3,n1-2,no pr",0.0,2026,Procedure,CMS
G9085,"Onc dx colon t4, n0 w/o prog",0.0,2026,Procedure,CMS
G9086,Onc dx colon t1-4 no dx prog,0.0,2026,Procedure,CMS
G9087,Onc dx colon metas evid dx,0.0,2026,Procedure,CMS
G9088,Onc dx colon metas noevid dx,0.0,2026,Procedure,CMS
G9089,Onc dx colon extent unknown,0.0,2026,Procedure,CMS
G9090,Onc dx rectal t1-2 no progr,0.0,2026,Procedure,CMS
G9091,Onc dx rectal t3 n0 no prog,0.0,2026,Procedure,CMS
G9092,"Onc dx rectal t1-3,n1-2noprg",0.0,2026,Procedure,CMS
G9093,"Onc dx rectal t4,n,m0 no prg",0.0,2026,Procedure,CMS
G9094,Onc dx rectal m1 w/mets prog,0.0,2026,Procedure,CMS
G9095,Onc dx rectal extent unknwn,0.0,2026,Procedure,CMS
G9096,Onc dx esophag t1-t3 noprog,0.0,2026,Procedure,CMS
G9097,Onc dx esophageal t4 no prog,0.0,2026,Procedure,CMS
G9098,Onc dx esophageal mets recur,0.0,2026,Procedure,CMS
G9099,Onc dx esophageal unknown,0.0,2026,Procedure,CMS
G9100,Onc dx gastric no recurrence,0.0,2026,Procedure,CMS
G9101,Onc dx gastric p r1-r2noprog,0.0,2026,Procedure,CMS
G9102,Onc dx gastric unresectable,0.0,2026,Procedure,CMS
G9103,Onc dx gastric recurrent,0.0,2026,Procedure,CMS
G9104,Onc dx gastric unknown nos,0.0,2026,Procedure,CMS
G9105,Onc dx pancreatc p r0 res no,0.0,2026,Procedure,CMS
G9106,Onc dx pancreatc p r1/r2 no,0.0,2026,Procedure,CMS
G9107,Onc dx pancreatic unresectab,0.0,2026,Procedure,CMS
G9108,Onc dx pancreatic unknwn nos,0.0,2026,Procedure,CMS
G9109,Onc dx head/neck t1-t2no prg,0.0,2026,Procedure,CMS
G9110,Onc dx head/neck t3-4 noprog,0.0,2026,Procedure,CMS
G9111,Onc dx head/neck m1 mets rec,0.0,2026,Procedure,CMS
G9112,Onc dx head/neck ext unknown,0.0,2026,Procedure,CMS
G9113,Onc dx ovarian stg1a-b no pr,0.0,2026,Procedure,CMS
G9114,Onc dx ovarian stg1a-b or 2,0.0,2026,Procedure,CMS
G9115,Onc dx ovarian stg3/4 noprog,0.0,2026,Procedure,CMS
G9116,Onc dx ovarian recurrence,0.0,2026,Procedure,CMS
G9117,Onc dx ovarian unknown nos,0.0,2026,Procedure,CMS
G9123,Onc dx cml chronic phase,0.0,2026,Procedure,CMS
G9124,Onc dx cml acceler phase,0.0,2026,Procedure,CMS
G9125,Onc dx cml blast phase,0.0,2026,Procedure,CMS
G9126,Onc dx cml remission,0.0,2026,Procedure,CMS
G9128,Onc dx multi myeloma stage i,0.0,2026,Procedure,CMS
G9129,Onc dx mult myeloma stg2 hig,0.0,2026,Procedure,CMS
G9130,Onc dx multi myeloma unknown,0.0,2026,Procedure,CMS
G9131,Onc dx brst unknown nos,0.0,2026,Procedure,CMS
G9132,Onc dx prostate mets no cast,0.0,2026,Procedure,CMS
G9133,Onc dx prostate clinical met,0.0,2026,Procedure,CMS
G9134,Onc nhlstg 1-2 no relap no,0.0,2026,Procedure,CMS
G9135,Onc dx nhl stg 3-4 not relap,0.0,2026,Procedure,CMS
G9136,Onc dx nhl trans to lg bcell,0.0,2026,Procedure,CMS
G9137,Onc dx nhl relapse/refractor,0.0,2026,Procedure,CMS
G9138,Onc dx nhl stg unknown,0.0,2026,Procedure,CMS
G9139,Onc dx cml dx status unknown,0.0,2026,Procedure,CMS
G9140,Frontier extended stay demo,0.0,2026,Procedure,CMS
G9143,Warfarin respon genetic test,0.0,2026,Procedure,CMS
G9147,Outpt iv insulin tx any mea,0.0,2026,Procedure,CMS
G9148,Medical home level 1,0.0,2026,Procedure,CMS
G9149,Medical home level ii,0.0,2026,Procedure,CMS
G9150,Medical home level iii,0.0,2026,Procedure,CMS
G9151,Mapcp demo state,0.0,2026,Procedure,CMS
G9152,Mapcp demo community,0.0,2026,Procedure,CMS
G9153,Mapcp demo physician,0.0,2026,Procedure,CMS
G9156,Evaluation for wheelchair,0.0,2026,Procedure,CMS
G9157,Transesoph doppl cardiac mon,2.15,2026,Procedure,CMS
G9187,Bpci home visit,0.18,2026,Procedure,CMS
G9188,Beta not given no reason,0.0,2026,Procedure,CMS
G9189,Beta pres or already taking,0.0,2026,Procedure,CMS
G9190,Medical reason for no beta,0.0,2026,Procedure,CMS
G9191,Pt reason for no beta,0.0,2026,Procedure,CMS
G9212,Doc of dsm-iv init eval,0.0,2026,Procedure,CMS
G9213,No doc of dsm-iv,0.0,2026,Procedure,CMS
G9223,Pjp proph ordered cd4 low,0.0,2026,Procedure,CMS
G9225,Norsn no foot exam,0.0,2026,Procedure,CMS
G9226,3 comp foot exam completed,0.0,2026,Procedure,CMS
G9227,"Foa doc, care plan not doc",0.0,2026,Procedure,CMS
G9228,Gc chl syp documented,0.0,2026,Procedure,CMS
G9230,Norsn for gc chl syp test,0.0,2026,Procedure,CMS
G9231,Doc esrd dia trans preg,0.0,2026,Procedure,CMS
G9242,Doc viral load >=200,0.0,2026,Procedure,CMS
G9243,Doc viral load <200,0.0,2026,Procedure,CMS
G9246,No enc or enc/vir ld 90days,0.0,2026,Procedure,CMS
G9247,2 enc enc/vir ld 90d,0.0,2026,Procedure,CMS
G9254,Doc pt dischg >2d,0.0,2026,Procedure,CMS
G9255,Pt dc home 2nd po day,0.0,2026,Procedure,CMS
G9273,Sys<140 and dia<90,0.0,2026,Procedure,CMS
G9274,Bp out of nrml limits,0.0,2026,Procedure,CMS
G9275,Doc of non tobacco user,0.0,2026,Procedure,CMS
G9276,Doc of tobacco user,0.0,2026,Procedure,CMS
G9277,Doc daily aspirin or contra,0.0,2026,Procedure,CMS
G9278,Doc no daily aspirin,0.0,2026,Procedure,CMS
G9279,Pne scrn done doc vac done,0.0,2026,Procedure,CMS
G9280,Pne not given norsn,0.0,2026,Procedure,CMS
G9281,Pne scrn done doc not ind,0.0,2026,Procedure,CMS
G9282,Doc medrsn no histo type,0.0,2026,Procedure,CMS
G9283,Hist type doc on report,0.0,2026,Procedure,CMS
G9284,No hist type doc on report,0.0,2026,Procedure,CMS
G9285,Site not small cell lung ca,0.0,2026,Procedure,CMS
G9286,Antibio rx w in 10d of sympt,0.0,2026,Procedure,CMS
G9287,No antibio w in 10d of sympt,0.0,2026,Procedure,CMS
G9288,Doc medrsn no hist type rpt,0.0,2026,Procedure,CMS
G9289,Doc type nsm lung ca,0.0,2026,Procedure,CMS
G9290,No doc type nsm lung ca,0.0,2026,Procedure,CMS
G9291,Not nsm lung ca,0.0,2026,Procedure,CMS
G9292,Medrsn no pt category,0.0,2026,Procedure,CMS
G9293,No pt category on report,0.0,2026,Procedure,CMS
G9294,Pt cat and thck on report,0.0,2026,Procedure,CMS
G9295,Non cutaneous loc,0.0,2026,Procedure,CMS
G9296,Doc share dec prior proc,0.0,2026,Procedure,CMS
G9297,No doc share dec prior proc,0.0,2026,Procedure,CMS
G9298,Eval risk vte card 30d prior,0.0,2026,Procedure,CMS
G9299,No eval risk vte card prior,0.0,2026,Procedure,CMS
G9305,No interv req for leak,0.0,2026,Procedure,CMS
G9306,Interv req for leak,0.0,2026,Procedure,CMS
G9307,No ret for surg w in 30d,0.0,2026,Procedure,CMS
G9308,Unpl ret or w/compl w/in 30d,0.0,2026,Procedure,CMS
G9309,No unplnd hosp readm in 30d,0.0,2026,Procedure,CMS
G9310,Unplnd hosp readm in 30d,0.0,2026,Procedure,CMS
G9311,No surg site infection,0.0,2026,Procedure,CMS
G9312,Surgical site infection,0.0,2026,Procedure,CMS
G9313,Amoxic not presc as 1st line,0.0,2026,Procedure,CMS
G9314,Norsn not first line amox,0.0,2026,Procedure,CMS
G9315,Amox w/wo clav rx,0.0,2026,Procedure,CMS
G9316,Doc comm risk calc,0.0,2026,Procedure,CMS
G9317,No doc comm risk calc,0.0,2026,Procedure,CMS
G9318,Image std nomenclature,0.0,2026,Procedure,CMS
G9319,Image not std nomenclature,0.0,2026,Procedure,CMS
G9321,Prev ct nuc med cnt doc 12mo,0.0,2026,Procedure,CMS
G9322,No cnt ct nuc med doc 12mo,0.0,2026,Procedure,CMS
G9341,Srch for ct w in 12 mos,0.0,2026,Procedure,CMS
G9342,No srch for ct in 12mo norsn,0.0,2026,Procedure,CMS
G9344,Sysrsn no dicom srch,0.0,2026,Procedure,CMS
G9345,Follow up pulm nod,0.0,2026,Procedure,CMS
G9347,No follow up pulm nod norsn,0.0,2026,Procedure,CMS
G9351,Doc >1 sinus ct w 90d dx,0.0,2026,Procedure,CMS
G9352,Not >1 sinus ct w 90d dx,0.0,2026,Procedure,CMS
G9353,Medrsn >1 sinus ct w 90d dx,0.0,2026,Procedure,CMS
G9354,1 or no ct sinus w/in 90d dx,0.0,2026,Procedure,CMS
G9355,No early ind/delivery,0.0,2026,Procedure,CMS
G9356,Early ind/delivery,0.0,2026,Procedure,CMS
G9357,Pp eval/edu perf,0.0,2026,Procedure,CMS
G9358,Pp eval/edu not perf,0.0,2026,Procedure,CMS
G9361,Doc rsn elect c-sec/induct,0.0,2026,Procedure,CMS
G9364,Sinus caus bac inx,0.0,2026,Procedure,CMS
G9367,>= 2 same hi-rsk med ord,0.0,2026,Procedure,CMS
G9368,>= 2 same hi-rsk med not ord,0.0,2026,Procedure,CMS
G9380,Off assis eol iss,0.0,2026,Procedure,CMS
G9382,No off assis eol,0.0,2026,Procedure,CMS
G9383,Recd scrn hcv infec,0.0,2026,Procedure,CMS
G9384,Doc med rsn no hcv scrn,0.0,2026,Procedure,CMS
G9385,Doc pt reas not rec hcv srn,0.0,2026,Procedure,CMS
G9386,Scrn hcv infec not recd,0.0,2026,Procedure,CMS
G9393,Ini phq9 >9 remiss <5,0.0,2026,Procedure,CMS
G9394,"Dx bipol, death, nhres, hosp",0.0,2026,Procedure,CMS
G9395,Ini phq9 >9 no remiss >=5,0.0,2026,Procedure,CMS
G9396,Ini phq9 >9 not assess,0.0,2026,Procedure,CMS
G9408,Card tamp w/in 30d,0.0,2026,Procedure,CMS
G9409,No card tamp e/in 30d,0.0,2026,Procedure,CMS
G9410,Admit w/in 180d req remov,0.0,2026,Procedure,CMS
G9411,No admit w/in 180d req remov,0.0,2026,Procedure,CMS
G9412,Admit w/in 180d req surg rev,0.0,2026,Procedure,CMS
G9413,No admit req surg rev,0.0,2026,Procedure,CMS
G9414,1dose menig vac btwn 10 & 13,0.0,2026,Procedure,CMS
G9415,No 1dose meni vac btwn 10&13,0.0,2026,Procedure,CMS
G9416,Pt 1 tdap betw 10-13 yrs,0.0,2026,Procedure,CMS
G9417,Pt not 1 tdap betw 10-13 yrs,0.0,2026,Procedure,CMS
G9418,Lungcx bx rpt docs class,0.0,2026,Procedure,CMS
G9419,Med reas not incl histo type,0.0,2026,Procedure,CMS
G9420,Spec site no lung,0.0,2026,Procedure,CMS
G9421,Lung cx bx rpt no doc class,0.0,2026,Procedure,CMS
G9422,Rpt doc class histo type,0.0,2026,Procedure,CMS
G9423,Med reas rpt no histo type,0.0,2026,Procedure,CMS
G9424,Site no lung or lung cx,0.0,2026,Procedure,CMS
G9425,Spec rpt no doc class histo,0.0,2026,Procedure,CMS
G9426,Impr med time edarr pain med,0.0,2026,Procedure,CMS
G9427,No impro med time pain med,0.0,2026,Procedure,CMS
G9428,Patho rpt incl pt ctg,0.0,2026,Procedure,CMS
G9429,Doc med rsn no pt cat,0.0,2026,Procedure,CMS
G9430,Spec site no cutaneous,0.0,2026,Procedure,CMS
G9431,Patho rpt no pt ctg,0.0,2026,Procedure,CMS
G9432,Asth controlled,0.0,2026,Procedure,CMS
G9434,Asth not controlled,0.0,2026,Procedure,CMS
G9452,Doc med reas no hcv test,0.0,2026,Procedure,CMS
G9455,"Abd imag w/us, ct or mri",0.0,2026,Procedure,CMS
G9456,Doc med pt reas no hcc scrn,0.0,2026,Procedure,CMS
G9457,Pt no abd img no doc rsn,0.0,2026,Procedure,CMS
G9468,No recd cortico>=10mg/d >60d,0.0,2026,Procedure,CMS
G9470,No rec cortico>60d 1rx 600mg,0.0,2026,Procedure,CMS
G9471,W/in 2yr dxa not order,0.0,2026,Procedure,CMS
G9473,Chap services at hospice,0.0,2026,Procedure,CMS
G9474,Diet counsel at hospice,0.0,2026,Procedure,CMS
G9475,Other counselor at hospice,0.0,2026,Procedure,CMS
G9476,Volun service at hospice,0.0,2026,Procedure,CMS
G9477,Care coord at hospice,0.0,2026,Procedure,CMS
G9478,Othe therapist at hospice,0.0,2026,Procedure,CMS
G9479,Pharmacist at hospice,0.0,2026,Procedure,CMS
G9480,Admission to mccm,0.0,2026,Procedure,CMS
G9481,Remote e/m new pt 10mins,0.48,2026,Procedure,CMS
G9482,Remote e/m new pt 20mins,0.93,2026,Procedure,CMS
G9483,Remote e/m new pt 30mins,1.42,2026,Procedure,CMS
G9484,Remote e/m new pt 45mins,2.43,2026,Procedure,CMS
G9485,Remote e/m new pt 60mins,3.17,2026,Procedure,CMS
G9486,Remote e/m est. pt 10mins,0.48,2026,Procedure,CMS
G9487,Remote e/m est. pt 15mins,0.97,2026,Procedure,CMS
G9488,Remote e/m est. pt 25mins,1.5,2026,Procedure,CMS
G9489,Remote e/m est. pt 40mins,2.11,2026,Procedure,CMS
G9490,Cmmi mod home visit,0.18,2026,Procedure,CMS
G9497,Rec inst no smoke day surg,0.0,2026,Procedure,CMS
G9498,Abx reg prescribed,0.0,2026,Procedure,CMS
G9500,Rad expos ind/exp tm doc,0.0,2026,Procedure,CMS
G9501,Rad expos ind/exp tm no doc,0.0,2026,Procedure,CMS
G9502,Med reas no perf foot exam,0.0,2026,Procedure,CMS
G9504,Doc rsn hep b stat not asses,0.0,2026,Procedure,CMS
G9505,Abx pres w/in 10 dys of symp,0.0,2026,Procedure,CMS
G9507,Doc reas on statin or contra,0.0,2026,Procedure,CMS
G9508,Doc pt not on statin,0.0,2026,Procedure,CMS
G9509,Adit mdd dys rem 12 mnths,0.0,2026,Procedure,CMS
G9510,Remis12m not phq-9 score <5,0.0,2026,Procedure,CMS
G9511,Idx evt dte phq>9 doc 12 mo,0.0,2026,Procedure,CMS
G9512,Indiv pdc > 0.8,0.0,2026,Procedure,CMS
G9513,Indiv pdc not > 0.8,0.0,2026,Procedure,CMS
G9514,Req ret or w/in 90d of surg,0.0,2026,Procedure,CMS
G9515,"No reas, no ret or w/in 90d",0.0,2026,Procedure,CMS
G9516,Impr vis acuit w/in 90d,0.0,2026,Procedure,CMS
G9517,No impr vis acuit w/in 90d,0.0,2026,Procedure,CMS
G9518,Doc active inj drug use,0.0,2026,Procedure,CMS
G9519,Final ref +/- 1.0 w/in 90d,0.0,2026,Procedure,CMS
G9520,Refract not +/- 1.0 w/in 90d,0.0,2026,Procedure,CMS
G9521,Er and ip hosp <2 in 12 mos,0.0,2026,Procedure,CMS
G9522,Er/ip hosp =/>2 in 12 mos,0.0,2026,Procedure,CMS
G9529,Minor blunt trauma w/head ct,0.0,2026,Procedure,CMS
G9530,Pt mbht hd ct ord ec prov,0.0,2026,Procedure,CMS
G9531,Pt doc,0.0,2026,Procedure,CMS
G9533,Indic for head ct not valid,0.0,2026,Procedure,CMS
G9537,Img hd clin trial,0.0,2026,Procedure,CMS
G9539,Intent pot remv time placemt,0.0,2026,Procedure,CMS
G9540,Pt alive 3 mos post proc,0.0,2026,Procedure,CMS
G9541,Filter rem 3 mon plmt,0.0,2026,Procedure,CMS
G9542,Doc reass appr remo filt 3ms,0.0,2026,Procedure,CMS
G9543,Doc 2x re-assess filt remov,0.0,2026,Procedure,CMS
G9544,No filt remov w/in 3mos plcm,0.0,2026,Procedure,CMS
G9547,Cys ren les or adren,0.0,2026,Procedure,CMS
G9548,No f/u rec image study,0.0,2026,Procedure,CMS
G9549,Doc med rsn for f/u imag,0.0,2026,Procedure,CMS
G9550,Imag rec,0.0,2026,Procedure,CMS
G9551,Imag no les,0.0,2026,Procedure,CMS
G9552,Inc thyr node <1.0 in rpt,0.0,2026,Procedure,CMS
G9553,Prior thyroid dise dx,0.0,2026,Procedure,CMS
G9554,Ct/cta/mri/a chst foll rec,0.0,2026,Procedure,CMS
G9555,Doc med rsn for follup image,0.0,2026,Procedure,CMS
G9556,Ct/cta/mri/a no follup imag,0.0,2026,Procedure,CMS
G9557,Ct/cta/mri/a no thyr <1.0cm,0.0,2026,Procedure,CMS
G9580,Door to punc time <2hrs,0.0,2026,Procedure,CMS
G9582,"Door to punc time >2hr, nrg",0.0,2026,Procedure,CMS
G9593,Low pecarn ped head trauma,0.0,2026,Procedure,CMS
G9594,Pt mbht hd ct ord ec prov,0.0,2026,Procedure,CMS
G9595,Doc shnt/tum/coag,0.0,2026,Procedure,CMS
G9597,No low pecarn ped head traum,0.0,2026,Procedure,CMS
G9598,Aor ane 5.5-5.9 cm max diam,0.0,2026,Procedure,CMS
G9599,Aor ane >=6.0 cm max diam,0.0,2026,Procedure,CMS
G9603,Pt surv improv bsline tx,0.0,2026,Procedure,CMS
G9605,Surv score no improv w/tx,0.0,2026,Procedure,CMS
G9606,Intraop cyst eval trac inj,0.0,2026,Procedure,CMS
G9607,Doc med rsn not perf cystosc,0.0,2026,Procedure,CMS
G9608,Intraop cyst eval not done,0.0,2026,Procedure,CMS
G9609,Doc order anti-plat,0.0,2026,Procedure,CMS
G9610,Doc md rsn no antipla,0.0,2026,Procedure,CMS
G9611,No doc order anti-plat rng,0.0,2026,Procedure,CMS
G9621,Scr unheal etoh w/counsel,0.0,2026,Procedure,CMS
G9622,No unheal etoh user,0.0,2026,Procedure,CMS
G9624,Pt not scrn or no counseling,0.0,2026,Procedure,CMS
G9625,Pt bl srg 30 day pst srg,0.0,2026,Procedure,CMS
G9626,Med rsn no rpt bladder inj,0.0,2026,Procedure,CMS
G9627,Pt no bl srg 30 day pst srg,0.0,2026,Procedure,CMS
G9628,Pt bwli srg 30 day pst srg,0.0,2026,Procedure,CMS
G9629,Med rsn no rpt bowel inj,0.0,2026,Procedure,CMS
G9630,Pt no bwli srg 30 day srg,0.0,2026,Procedure,CMS
G9637,Doc >1 dose reduc tech,0.0,2026,Procedure,CMS
G9638,No doc >1 dose reduc tech,0.0,2026,Procedure,CMS
G9642,Current smoker,0.0,2026,Procedure,CMS
G9643,Elective surgery,0.0,2026,Procedure,CMS
G9644,No smok b/4 anes day of surg,0.0,2026,Procedure,CMS
G9645,Had smoke b/4 anes day surg,0.0,2026,Procedure,CMS
G9646,Pt w/90d mrs 0-2,0.0,2026,Procedure,CMS
G9648,Pt w/90d mrs >2,0.0,2026,Procedure,CMS
G9649,Psor as doc spc bm,0.0,2026,Procedure,CMS
G9651,Psor as doc no spc bm,0.0,2026,Procedure,CMS
G9654,Mon anesth care,0.0,2026,Procedure,CMS
G9655,Toc tool incl key elem,0.0,2026,Procedure,CMS
G9656,Pt trans from anest to pacu,0.0,2026,Procedure,CMS
G9658,Toc tool incl elem not used,0.0,2026,Procedure,CMS
G9659,>=86y scr colo nomed rsn,0.0,2026,Procedure,CMS
G9660,Doc med rsn colo pt >= 86y,0.0,2026,Procedure,CMS
G9661,Pt >= 86  w/ hi risk,0.0,2026,Procedure,CMS
G9662,Prior dx/active clin ascvd,0.0,2026,Procedure,CMS
G9663,Fast/dir ldl >= 190 mg/dl,0.0,2026,Procedure,CMS
G9664,Taking statin or rec'd order,0.0,2026,Procedure,CMS
G9665,No statin/no order statin,0.0,2026,Procedure,CMS
G9674,Pt w/clin ascvd dx,0.0,2026,Procedure,CMS
G9675,Pt w/fast/dir lab ldl-c >190,0.0,2026,Procedure,CMS
G9676,40-75y w/type 1/2 w/ldl-c rs,0.0,2026,Procedure,CMS
G9679,Acute care pneumonia,0.0,2026,Procedure,CMS
G9680,Acute care congestive heart,0.0,2026,Procedure,CMS
G9681,Acute care chronic obstruct,0.0,2026,Procedure,CMS
G9682,Acute care skin infection,0.0,2026,Procedure,CMS
G9683,Acute fluid/electro disorder,0.0,2026,Procedure,CMS
G9684,Acute care urinary tract inf,0.0,2026,Procedure,CMS
G9685,Acute nursing facility care,3.5,2026,Procedure,CMS
G9687,Hospice anytime msmt per,0.0,2026,Procedure,CMS
G9688,Pt w/hosp anytime msmt per,0.0,2026,Procedure,CMS
G9689,Inpt elect carotid intervent,0.0,2026,Procedure,CMS
G9690,Pt in hos,0.0,2026,Procedure,CMS
G9691,Pt hosp dur msmt period,0.0,2026,Procedure,CMS
G9692,Hosp recd by pt dur msmt per,0.0,2026,Procedure,CMS
G9693,Pt use hosp during msmt per,0.0,2026,Procedure,CMS
G9694,Hosp srv used pt in msmt per,0.0,2026,Procedure,CMS
G9695,Long act inhal bronchdil pre,0.0,2026,Procedure,CMS
G9696,Med rsn no presc bronchdil,0.0,2026,Procedure,CMS
G9698,Sys rsn no presc bronchdil,0.0,2026,Procedure,CMS
G9699,Long inhal bronchdil no pres,0.0,2026,Procedure,CMS
G9700,Pt is w/hosp during msmt per,0.0,2026,Procedure,CMS
G9702,Pt use hosp during msmt per,0.0,2026,Procedure,CMS
G9703,Anbx 30 prior to episode,0.0,2026,Procedure,CMS
G9704,Ajcc br ca stg i: t1 mic/t1a,0.0,2026,Procedure,CMS
G9705,Ajcc br ca stg ib,0.0,2026,Procedure,CMS
G9706,Low recur prost ca,0.0,2026,Procedure,CMS
G9708,Bilat mast/hx bi /unilat mas,0.0,2026,Procedure,CMS
G9709,Hosp srv used pt in msmt per,0.0,2026,Procedure,CMS
G9710,Pt prov hosp srv msmt per,0.0,2026,Procedure,CMS
G9711,Pt hx tot col or colon ca,0.0,2026,Procedure,CMS
G9712,Doc med rsn presc anbx,0.0,2026,Procedure,CMS
G9713,Pt use hosp during msmt per,0.0,2026,Procedure,CMS
G9714,Pt is w/hosp during msmt per,0.0,2026,Procedure,CMS
G9716,Bmi doc onl fup not cmpltd,0.0,2026,Procedure,CMS
G9717,Doc pt dx bipol,0.0,2026,Procedure,CMS
G9719,Pt not ambul/immob/wc,0.0,2026,Procedure,CMS
G9720,Hospice anytime msmt per,0.0,2026,Procedure,CMS
G9721,Pt not ambul/immob/wc,0.0,2026,Procedure,CMS
G9722,Doc hx renal fail or cr+ >=4,0.0,2026,Procedure,CMS
G9723,Hosp recd by pt dur msmt per,0.0,2026,Procedure,CMS
G9724,Pt w/doc use anticoag mst yr,0.0,2026,Procedure,CMS
G9726,Refused to participate,0.0,2026,Procedure,CMS
G9727,Pt unable cmplt lepf prom,0.0,2026,Procedure,CMS
G9728,Refused to participate,0.0,2026,Procedure,CMS
G9729,Pt unbl cmplt lepf prom,0.0,2026,Procedure,CMS
G9730,Refused to participate,0.0,2026,Procedure,CMS
G9731,Pt unbl cmplt lepf prom,0.0,2026,Procedure,CMS
G9732,Refused to participate,0.0,2026,Procedure,CMS
G9733,Pt unbl cmplt lb fs prom,0.0,2026,Procedure,CMS
G9734,Refused to participate,0.0,2026,Procedure,CMS
G9735,Pt unbl cmplt shld fs prom,0.0,2026,Procedure,CMS
G9736,Refused to participate,0.0,2026,Procedure,CMS
G9737,Pt unbl cmplt ewh fs prom,0.0,2026,Procedure,CMS
G9740,Hosp srv to pt dur msmt per,0.0,2026,Procedure,CMS
G9741,Pt w/hosp anytime msmt per,0.0,2026,Procedure,CMS
G9744,Pt not eli d/t act dig htn,0.0,2026,Procedure,CMS
G9745,Doc rsn no hbp scrn or f/u,0.0,2026,Procedure,CMS
G9746,"Mit sten, valve or trans af",0.0,2026,Procedure,CMS
G9752,Urgent surgery,0.0,2026,Procedure,CMS
G9753,"Doc no dicom, ct other fac",0.0,2026,Procedure,CMS
G9754,Incid pulm nodule,0.0,2026,Procedure,CMS
G9755,Doc med rsn no fllw up,0.0,2026,Procedure,CMS
G9756,Surg proc w/silicone oil,0.0,2026,Procedure,CMS
G9757,Surg proc w/silicone oil,0.0,2026,Procedure,CMS
G9758,Pt in hos,0.0,2026,Procedure,CMS
G9761,Pt w/hosp anytime msmt per,0.0,2026,Procedure,CMS
G9762,Pt had >= 2-3 hpv vaccines,0.0,2026,Procedure,CMS
G9763,Pt not have 2-3 hpv vaccines,0.0,2026,Procedure,CMS
G9764,Pt treatd w/oral syst or bio,0.0,2026,Procedure,CMS
G9765,Doc pat declined therapy,0.0,2026,Procedure,CMS
G9766,Cva stroke dx tx transf fac,0.0,2026,Procedure,CMS
G9767,Hosp new dx cva consid evst,0.0,2026,Procedure,CMS
G9768,Pt w/hosp anytime msmt per,0.0,2026,Procedure,CMS
G9769,Bn den 2yr/got ost med/ther,0.0,2026,Procedure,CMS
G9770,Perip nerve block,0.0,2026,Procedure,CMS
G9771,"Anes end, 1 temp >35.5(95.9)",0.0,2026,Procedure,CMS
G9772,Doc med rsn no temp >= 35.5,0.0,2026,Procedure,CMS
G9773,1 bod temp >=35.5,0.0,2026,Procedure,CMS
G9775,Recd 2 anti-emet pre/intraop,0.0,2026,Procedure,CMS
G9776,Doc med rsn no proph antiem,0.0,2026,Procedure,CMS
G9777,Pt no antiemet pre/intraop,0.0,2026,Procedure,CMS
G9779,Pts breastfeeding,0.0,2026,Procedure,CMS
G9780,Pts dx w/rhabdomyolysis,0.0,2026,Procedure,CMS
G9781,Doc rsn no statin,0.0,2026,Procedure,CMS
G9782,Hx dx fam/pure hypercholes,0.0,2026,Procedure,CMS
G9784,Path/derm prov 2nd biop opin,0.0,2026,Procedure,CMS
G9785,Path report sent,0.0,2026,Procedure,CMS
G9786,Path report not sent,0.0,2026,Procedure,CMS
G9787,Pt alive,0.0,2026,Procedure,CMS
G9788,Most rct bp </= 130/80,0.0,2026,Procedure,CMS
G9789,"Record bp ip, er, urg/self",0.0,2026,Procedure,CMS
G9790,Most rct bp >/= 130/80,0.0,2026,Procedure,CMS
G9791,Most rct tob stat free,0.0,2026,Procedure,CMS
G9792,Most rct tob stat not free,0.0,2026,Procedure,CMS
G9793,Pt on daily asa/antiplat,0.0,2026,Procedure,CMS
G9794,Doc med rsn no daily aspirin,0.0,2026,Procedure,CMS
G9795,Pt no daily asa/antiplat,0.0,2026,Procedure,CMS
G9796,Pt currently on statin,0.0,2026,Procedure,CMS
G9797,Pt not currently on statin,0.0,2026,Procedure,CMS
G9805,Pt w/hosp anytime msmt per,0.0,2026,Procedure,CMS
G9806,Pt recd cerv cyto/hpv,0.0,2026,Procedure,CMS
G9807,Pt no recd cerv cyto/hpv,0.0,2026,Procedure,CMS
G9812,Pt died during inpt/30d aft,0.0,2026,Procedure,CMS
G9813,Pt not died w/in 30d of proc,0.0,2026,Procedure,CMS
G9818,Doc sex activity,0.0,2026,Procedure,CMS
G9819,Pt w/hosp anytime msmt per,0.0,2026,Procedure,CMS
G9820,Doc chlam scr test w/follow,0.0,2026,Procedure,CMS
G9821,No doc chlam scr ts w/follow,0.0,2026,Procedure,CMS
G9822,Endo abl proc yr prev ind dt,0.0,2026,Procedure,CMS
G9823,Endo smpl/hyst bx res doc,0.0,2026,Procedure,CMS
G9824,Endo smpl/hyst bx res no doc,0.0,2026,Procedure,CMS
G9830,Her-2 pos,0.0,2026,Procedure,CMS
G9831,Ajcc stg brt ca dx ii or iii,0.0,2026,Procedure,CMS
G9832,Br ca stg = 1 t stg = t1c,0.0,2026,Procedure,CMS
G9838,Pt met dis at dx,0.0,2026,Procedure,CMS
G9839,Anti-egfr mon anti ther,0.0,2026,Procedure,CMS
G9840,Gene testing performed,0.0,2026,Procedure,CMS
G9841,Gene testing not performed,0.0,2026,Procedure,CMS
G9842,Pt met dis at dx,0.0,2026,Procedure,CMS
G9843,Kras or nras gene mutation,0.0,2026,Procedure,CMS
G9844,Pt no recd anti-egfr ther,0.0,2026,Procedure,CMS
G9845,Pt recd anti-egfr ther,0.0,2026,Procedure,CMS
G9846,Pt died from cancer,0.0,2026,Procedure,CMS
G9847,Pt recd chemo last 14d life,0.0,2026,Procedure,CMS
G9848,Pt no chemo last 14d life,0.0,2026,Procedure,CMS
G9858,Pt enroll hospice,0.0,2026,Procedure,CMS
G9859,Pt died from cancer,0.0,2026,Procedure,CMS
G9860,Pt less 3d hospice,0.0,2026,Procedure,CMS
G9861,Pt more than 3d hospice,0.0,2026,Procedure,CMS
G9862,Doc rsn no 10 yr follow,0.0,2026,Procedure,CMS
G9868,Cmmi asyntelehealth <10min,0.8,2026,Procedure,CMS
G9869,Cmmi asyntelehealth 10-20min,1.07,2026,Procedure,CMS
G9870,Cmmi asyntelehealth >20min,1.34,2026,Procedure,CMS
G9871,"Bhv couns dm prev, onln 60 m",0.0,2026,Procedure,CMS
G9873,1 em core session,0.0,2026,Procedure,CMS
G9874,4 em core sessions,0.0,2026,Procedure,CMS
G9875,9 em core sessions,0.0,2026,Procedure,CMS
G9876,2 em core ms mo 7-9 no wl,0.0,2026,Procedure,CMS
G9877,2 em core ms mo 10-12 no wl,0.0,2026,Procedure,CMS
G9878,2 em core ms mo 7-9 wl,0.0,2026,Procedure,CMS
G9879,2 em core ms mo 10-12 wl,0.0,2026,Procedure,CMS
G9880,Em 5 percent wl,0.0,2026,Procedure,CMS
G9881,Em 9 percent wl,0.0,2026,Procedure,CMS
G9882,2 em ongoing ms mo 13-15 wl,0.0,2026,Procedure,CMS
G9883,2 em ongoing ms mo 16-18 wl,0.0,2026,Procedure,CMS
G9884,2 em ongoing ms mo 19-21 wl,0.0,2026,Procedure,CMS
G9885,2 em ongoing ms mo 22-24 wl,0.0,2026,Procedure,CMS
G9886,In-person attendance g code,0.0,2026,Procedure,CMS
G9887,Distance learning attendance,0.0,2026,Procedure,CMS
G9888,5% wl maintnd from bsline wt,0.0,2026,Procedure,CMS
G9890,Em bridge payment,0.0,2026,Procedure,CMS
G9891,Em session reporting,0.0,2026,Procedure,CMS
G9894,Adr dep thrpy prescribed,0.0,2026,Procedure,CMS
G9895,Doc med rsn no adr dep thrpy,0.0,2026,Procedure,CMS
G9896,Doc pt rsn no adr dep thrpy,0.0,2026,Procedure,CMS
G9897,Pt nt prsc adr dep thrpy rng,0.0,2026,Procedure,CMS
G9898,Pt 66+ snp or ltc pos > 90d,0.0,2026,Procedure,CMS
G9899,Scrn mam perf rslts doc,0.0,2026,Procedure,CMS
G9900,Scrn mam perf rslts not doc,0.0,2026,Procedure,CMS
G9901,Pt 66+ snp or ltc pos > 90d,0.0,2026,Procedure,CMS
G9902,Pt scrn tbco and id as user,0.0,2026,Procedure,CMS
G9903,Pt scrn tbco id as non user,0.0,2026,Procedure,CMS
G9905,No pt tbco scrn rng,0.0,2026,Procedure,CMS
G9906,Pt recv tbco cess interv,0.0,2026,Procedure,CMS
G9908,No pt tbco cess interv rng,0.0,2026,Procedure,CMS
G9910,Pt 66+ snp or ltc pos > 90d,0.0,2026,Procedure,CMS
G9911,Node neg pre/post syst ther,0.0,2026,Procedure,CMS
G9912,Hbv status assesed and int,0.0,2026,Procedure,CMS
G9913,No hbv status assesd and int,0.0,2026,Procedure,CMS
G9914,Pt initiated anti-tnf agent,0.0,2026,Procedure,CMS
G9915,No documntd hbv results rcd,0.0,2026,Procedure,CMS
G9916,Funct status past 12 months,0.0,2026,Procedure,CMS
G9917,Adv dem crgvr limited,0.0,2026,Procedure,CMS
G9918,"No funct stat perf, rsn nos",0.0,2026,Procedure,CMS
G9919,Scrn nd pos nd prov of rec,0.0,2026,Procedure,CMS
G9920,Scrning perf and negative,0.0,2026,Procedure,CMS
G9922,Sfty cncrns scrn nd mit recs,0.0,2026,Procedure,CMS
G9923,Safty cncrns scrn and neg,0.0,2026,Procedure,CMS
G9925,No scrn prov rsn nos,0.0,2026,Procedure,CMS
G9926,Sfty cncrns scrn but no recs,0.0,2026,Procedure,CMS
G9928,No warf or fda drug presc,0.0,2026,Procedure,CMS
G9929,Trs/rev af,0.0,2026,Procedure,CMS
G9930,Com care,0.0,2026,Procedure,CMS
G9931,No chad or chad scr 0 or 1,0.0,2026,Procedure,CMS
G9938,Pt 66+ snp or ltc pos > 90d,0.0,2026,Procedure,CMS
G9939,Same path/derm perf biopsy,0.0,2026,Procedure,CMS
G9940,Doc reas no statin therapy,0.0,2026,Procedure,CMS
G9943,Bk pn nt msr vas scl pre/pst,0.0,2026,Procedure,CMS
G9945,Pt w/cancer scoliosis,0.0,2026,Procedure,CMS
G9946,Bk pain no vas,0.0,2026,Procedure,CMS
G9949,Leg pain no vas,0.0,2026,Procedure,CMS
G9954,Pt >2 rsk fac post-op vomit,0.0,2026,Procedure,CMS
G9955,Inhlnt anesth only for induc,0.0,2026,Procedure,CMS
G9956,Combo thrpy of >= 2 prophly,0.0,2026,Procedure,CMS
G9957,Doc med rsn no combo thrpy,0.0,2026,Procedure,CMS
G9958,No combo prohpyl thrp for pt,0.0,2026,Procedure,CMS
G9959,Systemic antimicro not presc,0.0,2026,Procedure,CMS
G9960,Med rsn sys antimi nt rx,0.0,2026,Procedure,CMS
G9961,Systemic antimicro presc,0.0,2026,Procedure,CMS
G9962,Embolization doc separatly,0.0,2026,Procedure,CMS
G9963,Embolization not doc separat,0.0,2026,Procedure,CMS
G9964,Pt recv >=1 well-chld visit,0.0,2026,Procedure,CMS
G9965,No well-chld vist recv by pt,0.0,2026,Procedure,CMS
G9968,Pt refrd 2 pvdr/spclst in pp,0.0,2026,Procedure,CMS
G9969,Pvdr rfrd pt rprt rcvd,0.0,2026,Procedure,CMS
G9970,Pvdr rfrd pt no rprt rcvd,0.0,2026,Procedure,CMS
G9978,Remote e/m new pt 10mins,0.48,2026,Procedure,CMS
G9979,Remote e/m new pt 20mins,0.93,2026,Procedure,CMS
G9980,Remote e/m new pt 30 mins,1.42,2026,Procedure,CMS
G9981,Remote e/m new pt 45mins,2.43,2026,Procedure,CMS
G9982,Remote e/m new pt 60mins,3.17,2026,Procedure,CMS
G9983,Remote e/m est. pt 10mins,0.48,2026,Procedure,CMS
G9984,Remote e/m est. pt  15mins,0.97,2026,Procedure,CMS
G9985,Remote e/m est. pt 25mins,1.5,2026,Procedure,CMS
G9986,Remote e/m est. pt 40mins,2.11,2026,Procedure,CMS
G9987,Bpci advanced in home visit,0.18,2026,Procedure,CMS
G9988,Pall serv during meas,0.0,2026,Procedure,CMS
G9992,Pall serv during meas,0.0,2026,Procedure,CMS
G9993,Pall serv during meas,0.0,2026,Procedure,CMS
G9994,Pall serv during meas,0.0,2026,Procedure,CMS
G9996,Doc pt pal or hospice,0.0,2026,Procedure,CMS
G9997,Doc pt preg dur msrmt pd,0.0,2026,Procedure,CMS
G9998,Doc med rsn <3 colon,0.0,2026,Procedure,CMS
G9999,Doc sys rsn <3 colon,0.0,2026,Procedure,CMS
GXXX1,"Bhv couns dm prev, onln 60 m",0.0,2026,Procedure,CMS
H0001,Alcohol and/or drug assess,0.0,2026,Procedure,CMS
H0002,Alcohol and/or drug screenin,0.0,2026,Procedure,CMS
H0003,Alcohol and/or drug screenin,0.0,2026,Procedure,CMS
H0004,Alcohol and/or drug services,0.0,2026,Procedure,CMS
H0005,Alcohol and/or drug services,0.0,2026,Procedure,CMS
H0006,Alcohol and/or drug services,0.0,2026,Procedure,CMS
H0007,Alcohol and/or drug services,0.0,2026,Procedure,CMS
H0008,Alcohol and/or drug services,0.0,2026,Procedure,CMS
H0009,Alcohol and/or drug services,0.0,2026,Procedure,CMS
H0010,Alcohol and/or drug services,0.0,2026,Procedure,CMS
H0011,Alcohol and/or drug services,0.0,2026,Procedure,CMS
H0012,Alcohol and/or drug services,0.0,2026,Procedure,CMS
H0013,Alcohol and/or drug services,0.0,2026,Procedure,CMS
H0014,Alcohol and/or drug services,0.0,2026,Procedure,CMS
H0015,Alcohol and/or drug services,0.0,2026,Procedure,CMS
H0016,Alcohol and/or drug services,0.0,2026,Procedure,CMS
H0017,Alcohol and/or drug services,0.0,2026,Procedure,CMS
H0018,Alcohol and/or drug services,0.0,2026,Procedure,CMS
H0019,Alcohol and/or drug services,0.0,2026,Procedure,CMS
H0020,Alcohol and/or drug services,0.0,2026,Procedure,CMS
H0021,Alcohol and/or drug training,0.0,2026,Procedure,CMS
H0022,Alcohol and/or drug interven,0.0,2026,Procedure,CMS
H0023,Alcohol and/or drug outreach,0.0,2026,Procedure,CMS
H0024,Alcohol and/or drug preventi,0.0,2026,Procedure,CMS
H0025,Alcohol and/or drug preventi,0.0,2026,Procedure,CMS
H0026,Alcohol and/or drug preventi,0.0,2026,Procedure,CMS
H0027,Alcohol and/or drug preventi,0.0,2026,Procedure,CMS
H0028,Alcohol and/or drug preventi,0.0,2026,Procedure,CMS
H0029,Alcohol and/or drug preventi,0.0,2026,Procedure,CMS
H0030,Alcohol and/or drug hotline,0.0,2026,Procedure,CMS
H0031,Mh health assess by non-md,0.0,2026,Procedure,CMS
H0032,Mh svc plan dev by non-md,0.0,2026,Procedure,CMS
H0033,Oral med adm direct observe,0.0,2026,Procedure,CMS
H0034,Med trng & support per 15min,0.0,2026,Procedure,CMS
H0035,Mh partial hosp tx under 24h,0.0,2026,Procedure,CMS
H0036,Comm psy face-face per 15min,0.0,2026,Procedure,CMS
H0037,Comm psy sup tx pgm per diem,0.0,2026,Procedure,CMS
H0038,Self-help/peer svc per 15min,0.0,2026,Procedure,CMS
H0039,Asser com tx face-face/15min,0.0,2026,Procedure,CMS
H0040,Assert comm tx pgm per diem,0.0,2026,Procedure,CMS
H0041,Fos c chld non-ther per diem,0.0,2026,Procedure,CMS
H0042,Fos c chld non-ther per mon,0.0,2026,Procedure,CMS
H0043,"Supported housing, per diem",0.0,2026,Procedure,CMS
H0044,"Supported housing, per month",0.0,2026,Procedure,CMS
H0045,Respite not-in-home per diem,0.0,2026,Procedure,CMS
H0046,"Mental health service, nos",0.0,2026,Procedure,CMS
H0047,Alcohol/drug abuse svc nos,0.0,2026,Procedure,CMS
H0048,Spec coll non-blood:a/d test,0.0,2026,Procedure,CMS
H0049,Alcohol/drug screening,0.0,2026,Procedure,CMS
H0050,Alcohol/drug service 15 min,0.0,2026,Procedure,CMS
H0051,Traditional healing service,0.0,2026,Procedure,CMS
H0052,Mmip mental health and care,0.0,2026,Procedure,CMS
H0053,Ht mental health and care,0.0,2026,Procedure,CMS
H1000,Prenatal care atrisk assessm,0.0,2026,Procedure,CMS
H1001,Antepartum management,0.0,2026,Procedure,CMS
H1002,Carecoordination prenatal,0.0,2026,Procedure,CMS
H1003,Prenatal at risk education,0.0,2026,Procedure,CMS
H1004,Follow up home visit/prental,0.0,2026,Procedure,CMS
H1005,Prenatalcare enhanced srv pk,0.0,2026,Procedure,CMS
H1010,Nonmed family planning ed,0.0,2026,Procedure,CMS
H1011,Family assessment,0.0,2026,Procedure,CMS
H2000,Comp multidisipln evaluation,0.0,2026,Procedure,CMS
H2001,Rehabilitation program 1/2 d,0.0,2026,Procedure,CMS
H2010,Comprehensive med svc 15 min,0.0,2026,Procedure,CMS
H2011,"Crisis interven svc, 15 min",0.0,2026,Procedure,CMS
H2012,"Behav hlth day treat, per hr",0.0,2026,Procedure,CMS
H2013,"Psych hlth fac svc, per diem",0.0,2026,Procedure,CMS
H2014,"Skills train and dev, 15 min",0.0,2026,Procedure,CMS
H2015,"Comp comm supp svc, 15 min",0.0,2026,Procedure,CMS
H2016,"Comp comm supp svc, per diem",0.0,2026,Procedure,CMS
H2017,"Psysoc rehab svc, per 15 min",0.0,2026,Procedure,CMS
H2018,"Psysoc rehab svc, per diem",0.0,2026,Procedure,CMS
H2019,"Ther behav svc, per 15 min",0.0,2026,Procedure,CMS
H2020,"Ther behav svc, per diem",0.0,2026,Procedure,CMS
H2021,"Com wrap-around sv, 15 min",0.0,2026,Procedure,CMS
H2022,"Com wrap-around sv, per diem",0.0,2026,Procedure,CMS
H2023,"Supported employ, per 15 min",0.0,2026,Procedure,CMS
H2024,"Supported employ, per diem",0.0,2026,Procedure,CMS
H2025,"Supp maint employ, 15 min",0.0,2026,Procedure,CMS
H2026,"Supp maint employ, per diem",0.0,2026,Procedure,CMS
H2027,"Psychoed svc, per 15 min",0.0,2026,Procedure,CMS
H2028,"Sex offend tx svc, 15 min",0.0,2026,Procedure,CMS
H2029,"Sex offend tx svc, per diem",0.0,2026,Procedure,CMS
H2030,"Mh clubhouse svc, per 15 min",0.0,2026,Procedure,CMS
H2031,"Mh clubhouse svc, per diem",0.0,2026,Procedure,CMS
H2032,"Activity therapy, per 15 min",0.0,2026,Procedure,CMS
H2033,Multisys ther/juvenile 15min,0.0,2026,Procedure,CMS
H2034,"A/d halfway house, per diem",0.0,2026,Procedure,CMS
H2035,"A/d tx program, per hour",0.0,2026,Procedure,CMS
H2036,"A/d tx program, per diem",0.0,2026,Procedure,CMS
H2037,"Dev delay prev dp ch, 15 min",0.0,2026,Procedure,CMS
H2038,Skill train and dev/diem,0.0,2026,Procedure,CMS
H2040,"Coord specialty care, month",0.0,2026,Procedure,CMS
H2041,Coord special care encounter,0.0,2026,Procedure,CMS
J0013,"Esketamine, nasal spray",0.0,2026,Procedure,CMS
J0120,Tetracyclin injection,0.0,2026,Procedure,CMS
J0121,"Inj., omadacycline, 1 mg",0.0,2026,Procedure,CMS
J0122,"Inj., eravacycline, 1 mg",0.0,2026,Procedure,CMS
J0129,Abatacept injection,0.0,2026,Procedure,CMS
J0130,Abciximab injection,0.0,2026,Procedure,CMS
J0131,"Inj, acetaminophen (nos)",0.0,2026,Procedure,CMS
J0132,Acetylcysteine injection,0.0,2026,Procedure,CMS
J0133,Acyclovir injection,0.0,2026,Procedure,CMS
J0134,Inj acetaminophen -fresenius,0.0,2026,Procedure,CMS
J0136,"Inj, acetaminophen (b braun)",0.0,2026,Procedure,CMS
J0137,"Inj, acetaminophen (hikma)",0.0,2026,Procedure,CMS
J0138,Inj acetaminoph 10mg/ibu 3mg,0.0,2026,Procedure,CMS
J0139,"Inj, adalimumab, 1 mg",0.0,2026,Procedure,CMS
J0153,Adenosine inj 1mg,0.0,2026,Procedure,CMS
J0162,Inj epinephrine (fresenius),0.0,2026,Procedure,CMS
J0163,Epinephrine in nacl (endo),0.0,2026,Procedure,CMS
J0164,Epinephrine in nacl (baxter),0.0,2026,Procedure,CMS
J0165,Inj epinephrine nos 0.1 mg,0.0,2026,Procedure,CMS
J0166,Inj epinephrine (bpi),0.0,2026,Procedure,CMS
J0167,Inj epinephrine (hospira),0.0,2026,Procedure,CMS
J0168,Epinephrine (intl med sys),0.0,2026,Procedure,CMS
J0169,Inj epinephrine (adrenalin),0.0,2026,Procedure,CMS
J0174,"Inj, lecanemab-irmb, 1 mg",0.0,2026,Procedure,CMS
J0175,"Inj, donanemab-azbt, 2 mg",0.0,2026,Procedure,CMS
J0177,"Inj, aflibercept hd, 1 mg",0.0,2026,Procedure,CMS
J0178,Aflibercept injection,0.0,2026,Procedure,CMS
J0179,"Inj, brolucizumab-dbll, 1 mg",0.0,2026,Procedure,CMS
J0180,Agalsidase beta injection,0.0,2026,Procedure,CMS
J0184,"Inj, amisulpride, 1 mg",0.0,2026,Procedure,CMS
J0185,"Inj., aprepitant, 1 mg",0.0,2026,Procedure,CMS
J0202,"Injection, alemtuzumab",0.0,2026,Procedure,CMS
J0206,Inj allopurinol sodium 1 mg,0.0,2026,Procedure,CMS
J0207,Amifostine,0.0,2026,Procedure,CMS
J0208,"Inj, pedmark, 100 mg",0.0,2026,Procedure,CMS
J0209,"Inj, sod thiosulfate (hope)",0.0,2026,Procedure,CMS
J0210,Methyldopate hcl injection,0.0,2026,Procedure,CMS
J0211,"Inj, nithiodote, 3mg / 125mg",0.0,2026,Procedure,CMS
J0216,"Inj, alfentanil hcl, 500mcg",0.0,2026,Procedure,CMS
J0217,Inj velmanase alfa-tycv 1 mg,0.0,2026,Procedure,CMS
J0218,Inj olipudase alfa-rpcp 1mg,0.0,2026,Procedure,CMS
J0219,Inj aval alfa-nqpt 4mg,0.0,2026,Procedure,CMS
J0220,Alglucosidase alfa injection,0.0,2026,Procedure,CMS
J0221,Lumizyme injection,0.0,2026,Procedure,CMS
J0222,"Inj., patisiran, 0.1 mg",0.0,2026,Procedure,CMS
J0223,Inj givosiran 0.5 mg,0.0,2026,Procedure,CMS
J0224,"Inj. lumasiran, 0.5 mg",0.0,2026,Procedure,CMS
J0225,"Inj, vutrisiran, 1 mg",0.0,2026,Procedure,CMS
J0248,"Inj, remdesivir, 1 mg",0.0,2026,Procedure,CMS
J0256,Alpha 1 proteinase inhibitor,0.0,2026,Procedure,CMS
J0257,Glassia injection,0.0,2026,Procedure,CMS
J0270,Alprostadil for injection,0.0,2026,Procedure,CMS
J0275,Alprostadil urethral suppos,0.0,2026,Procedure,CMS
J0278,Amikacin sulfate injection,0.0,2026,Procedure,CMS
J0280,Aminophyllin 250 mg inj,0.0,2026,Procedure,CMS
J0281,Inj aminocaproic acid 1 gram,0.0,2026,Procedure,CMS
J0282,Amiodarone hcl,0.0,2026,Procedure,CMS
J0283,"Inj, amiodarone (nexterone)",0.0,2026,Procedure,CMS
J0285,Amphotericin b,0.0,2026,Procedure,CMS
J0287,Amphotericin b lipid complex,0.0,2026,Procedure,CMS
J0289,Amphotericin b liposome inj,0.0,2026,Procedure,CMS
J0290,Ampicillin 500 mg inj,0.0,2026,Procedure,CMS
J0291,"Inj., plazomicin, 5 mg",0.0,2026,Procedure,CMS
J0295,Ampicillin sulbactam 1.5 gm,0.0,2026,Procedure,CMS
J0300,Amobarbital 125 mg inj,0.0,2026,Procedure,CMS
J0330,Succinycholine chloride inj,0.0,2026,Procedure,CMS
J0348,Anidulafungin injection,0.0,2026,Procedure,CMS
J0349,"Inj, rezafungin, 1 mg",0.0,2026,Procedure,CMS
J0360,Hydralazine hcl injection,0.0,2026,Procedure,CMS
J0364,Apomorphine hydrochloride,0.0,2026,Procedure,CMS
J0390,Chloroquine injection,0.0,2026,Procedure,CMS
J0391,"Inj, artesunate, 1mg",0.0,2026,Procedure,CMS
J0400,Aripiprazole injection,0.0,2026,Procedure,CMS
J0401,"Inj, abilify maintena, 1 mg",0.0,2026,Procedure,CMS
J0402,"Inj, abilify asimtufii, 1 mg",0.0,2026,Procedure,CMS
J0456,Azithromycin,0.0,2026,Procedure,CMS
J0457,"Injection, aztreonam, 100 mg",0.0,2026,Procedure,CMS
J0458,Aztreonam/avibactam 10 mg,0.0,2026,Procedure,CMS
J0461,Atropine sulfate injection,0.0,2026,Procedure,CMS
J0462,"Atropine sulf, nte, 0.01 mg",0.0,2026,Procedure,CMS
J0470,Dimecaprol injection,0.0,2026,Procedure,CMS
J0475,Baclofen 10 mg injection,0.0,2026,Procedure,CMS
J0476,Baclofen intrathecal trial,0.0,2026,Procedure,CMS
J0480,Basiliximab,0.0,2026,Procedure,CMS
J0485,Belatacept injection,0.0,2026,Procedure,CMS
J0490,Belimumab injection,0.0,2026,Procedure,CMS
J0491,Inj anifrolumab-fnia 1mg,0.0,2026,Procedure,CMS
J0500,Dicyclomine injection,0.0,2026,Procedure,CMS
J0515,Inj benztropine mesylate,0.0,2026,Procedure,CMS
J0517,"Inj., benralizumab, 1 mg",0.0,2026,Procedure,CMS
J0520,Bethanechol chloride inject,0.0,2026,Procedure,CMS
J0525,Inj cefotetan disodium 10 mg,0.0,2026,Procedure,CMS
J0558,Peng benzathine/procaine inj,0.0,2026,Procedure,CMS
J0561,Penicillin g benzathine inj,0.0,2026,Procedure,CMS
J0565,"Inj, bezlotoxumab, 10 mg",0.0,2026,Procedure,CMS
J0567,"Inj., cerliponase alfa 1 mg",0.0,2026,Procedure,CMS
J0570,Buprenorphine implant 74.2mg,0.0,2026,Procedure,CMS
J0571,Buprenorphine oral 1mg,0.0,2026,Procedure,CMS
J0572,Bupren/nal up to 3mg bupreno,0.0,2026,Procedure,CMS
J0573,Bupren/nal 3.1 to 6mg bupren,0.0,2026,Procedure,CMS
J0574,Bupren/nal 6.1 to 10mg bupre,0.0,2026,Procedure,CMS
J0575,Bupren/nal over 10mg bupreno,0.0,2026,Procedure,CMS
J0577,"Inj, brixadi, 7 days or less",0.0,2026,Procedure,CMS
J0578,"Inj brixadi, more than 7 day",0.0,2026,Procedure,CMS
J0582,Bivalirudin (endo) 1 mg,0.0,2026,Procedure,CMS
J0583,Bivalirudin,0.0,2026,Procedure,CMS
J0584,"Injection, burosumab-twza 1m",0.0,2026,Procedure,CMS
J0585,"Injection,onabotulinumtoxina",0.0,2026,Procedure,CMS
J0586,Abobotulinumtoxina,0.0,2026,Procedure,CMS
J0587,"Inj, rimabotulinumtoxinb",0.0,2026,Procedure,CMS
J0588,Incobotulinumtoxin a,0.0,2026,Procedure,CMS
J0589,Inj daxibotulinumtoxina-lanm,0.0,2026,Procedure,CMS
J0591,"Inj deoxycholic acid, 1 mg",0.0,2026,Procedure,CMS
J0592,Buprenorphine hydrochloride,0.0,2026,Procedure,CMS
J0593,"Inj., lanadelumab-flyo, 1 mg",0.0,2026,Procedure,CMS
J0594,Busulfan injection,0.0,2026,Procedure,CMS
J0595,Butorphanol tartrate 1 mg,0.0,2026,Procedure,CMS
J0596,"Injection, ruconest",0.0,2026,Procedure,CMS
J0597,"C-1 esterase, berinert",0.0,2026,Procedure,CMS
J0598,"C-1 esterase, cinryze",0.0,2026,Procedure,CMS
J0599,"Inj., haegarda 10 units",0.0,2026,Procedure,CMS
J0600,Edetate calcium disodium inj,0.0,2026,Procedure,CMS
J0601,Sevelamer carbonate 20 mg,0.0,2026,Procedure,CMS
J0602,Sevelamer carbonate pdr 20mg,0.0,2026,Procedure,CMS
J0603,Sevelamer hydrochloride 20mg,0.0,2026,Procedure,CMS
J0604,"Cinacalcet, esrd on dialysis",0.0,2026,Procedure,CMS
J0605,Sucroferric oxyhydroxide 5mg,0.0,2026,Procedure,CMS
J0606,"Inj, etelcalcetide, 0.1 mg",0.0,2026,Procedure,CMS
J0607,Lanthanum carbonate oral 5mg,0.0,2026,Procedure,CMS
J0608,Lanthanum carbonate pwdr 5mg,0.0,2026,Procedure,CMS
J0609,Ferric citrate orl 3 mg iron,0.0,2026,Procedure,CMS
J0612,"Inj, calcium gluconate, nos",0.0,2026,Procedure,CMS
J0613,Calcium glucon (wg critical),0.0,2026,Procedure,CMS
J0614,"Inj, treosulfan, 50 mg",0.0,2026,Procedure,CMS
J0615,"Calcium acetate, oral, 23 mg",0.0,2026,Procedure,CMS
J0616,Inj metoprolol tartrate 1 mg,0.0,2026,Procedure,CMS
J0618,"Inj, calcium chloride, 2 mg",0.0,2026,Procedure,CMS
J0620,Calcium glycer & lact/10 ml,0.0,2026,Procedure,CMS
J0630,Calcitonin salmon injection,0.0,2026,Procedure,CMS
J0636,Inj calcitriol per 0.1 mcg,0.0,2026,Procedure,CMS
J0637,Caspofungin acetate,0.0,2026,Procedure,CMS
J0638,Canakinumab injection,0.0,2026,Procedure,CMS
J0640,Leucovorin calcium injection,0.0,2026,Procedure,CMS
J0641,Inj levoleucovorin nos 0.5mg,0.0,2026,Procedure,CMS
J0642,"Injection, khapzory, 0.5 mg",0.0,2026,Procedure,CMS
J0650,"Inj, levothyroxine nos 10mcg",0.0,2026,Procedure,CMS
J0651,"Inj, levothyroxine, freskabi",0.0,2026,Procedure,CMS
J0652,"Inj, levothyroxine, hikma",0.0,2026,Procedure,CMS
J0654,"Inj, liothyronine, 1 mcg",0.0,2026,Procedure,CMS
J0665,"Inj, bupivacaine, nos, 0.5mg",0.0,2026,Procedure,CMS
J0666,"Inj, bupivacaine liposome",0.0,2026,Procedure,CMS
J0668,"Instill, bupivac and meloxic",0.0,2026,Procedure,CMS
J0670,Inj mepivacaine hcl/10 ml,0.0,2026,Procedure,CMS
J0675,"Inj, carboprost, 0.1 mg",0.0,2026,Procedure,CMS
J0681,Inj ceftobipole medocarl 3mg,0.0,2026,Procedure,CMS
J0687,Inj cefazolin (wg crit care),0.0,2026,Procedure,CMS
J0688,"Inj cefazolin sodium, hikma",0.0,2026,Procedure,CMS
J0689,"Inj cefazolin sodium, baxter",0.0,2026,Procedure,CMS
J0690,Cefazolin sodium injection,0.0,2026,Procedure,CMS
J0691,Inj lefamulin 1 mg,0.0,2026,Procedure,CMS
J0692,Cefepime hcl for injection,0.0,2026,Procedure,CMS
J0694,Cefoxitin sodium injection,0.0,2026,Procedure,CMS
J0695,Inj ceftolozane tazobactam,0.0,2026,Procedure,CMS
J0696,Ceftriaxone sodium injection,0.0,2026,Procedure,CMS
J0697,Sterile cefuroxime injection,0.0,2026,Procedure,CMS
J0698,Cefotaxime sodium injection,0.0,2026,Procedure,CMS
J0699,"Inj, cefiderocol, 10 mg",0.0,2026,Procedure,CMS
J0701,Inj. cefepime hcl (baxter),0.0,2026,Procedure,CMS
J0702,Betamethasone acet&sod phosp,0.0,2026,Procedure,CMS
J0703,"Inj, cefepime hcl (b braun)",0.0,2026,Procedure,CMS
J0706,Caffeine citrate injection,0.0,2026,Procedure,CMS
J0712,Ceftaroline fosamil inj,0.0,2026,Procedure,CMS
J0713,Inj ceftazidime per 500 mg,0.0,2026,Procedure,CMS
J0714,Ceftazidime and avibactam,0.0,2026,Procedure,CMS
J0716,Centruroides immune f(ab),0.0,2026,Procedure,CMS
J0717,Certolizumab pegol inj 1mg,0.0,2026,Procedure,CMS
J0720,Chloramphenicol sodium injec,0.0,2026,Procedure,CMS
J0725,Chorionic gonadotropin/1000u,0.0,2026,Procedure,CMS
J0735,Clonidine hydrochloride,0.0,2026,Procedure,CMS
J0736,"Inj, clindamycin phosp 300mg",0.0,2026,Procedure,CMS
J0737,"Inj, clindamycin (baxter)",0.0,2026,Procedure,CMS
J0738,"Hiv prep, inj, lenacapavir",0.0,2026,Procedure,CMS
J0739,"Hiv prep, inj, cabotegravir",0.0,2026,Procedure,CMS
J0740,Cidofovir injection,0.0,2026,Procedure,CMS
J0741,"Inj, cabote rilpivir 2mg 3mg",0.0,2026,Procedure,CMS
J0742,Inj imip 4 cilas 4 releb 2mg,0.0,2026,Procedure,CMS
J0743,Cilastatin sodium injection,0.0,2026,Procedure,CMS
J0744,Ciprofloxacin iv,0.0,2026,Procedure,CMS
J0745,Inj codeine phosphate /30 mg,0.0,2026,Procedure,CMS
J0750,"Hiv prep, ftc/tdf 200/300mg",0.0,2026,Procedure,CMS
J0751,"Hiv prep, ftc/taf 200/25mg",0.0,2026,Procedure,CMS
J0752,"Hiv prep, oral lenacapavir",0.0,2026,Procedure,CMS
J0759,"Inj, clevidipine, 1 mg",0.0,2026,Procedure,CMS
J0770,Colistimethate sodium inj,0.0,2026,Procedure,CMS
J0775,"Collagenase, clost hist inj",0.0,2026,Procedure,CMS
J0780,Prochlorperazine injection,0.0,2026,Procedure,CMS
J0791,Inj crizanlizumab-tmca 5mg,0.0,2026,Procedure,CMS
J0799,"Hiv prep, fda approved, noc",0.0,2026,Procedure,CMS
J0801,Inj. acthar gel to 40 units,0.0,2026,Procedure,CMS
J0802,"Inj. (ani), up to 40 units",0.0,2026,Procedure,CMS
J0834,"Inj., cosyntropin, 0.25 mg",0.0,2026,Procedure,CMS
J0840,Crotalidae poly immune fab,0.0,2026,Procedure,CMS
J0841,Inj crotalidae im f(ab')2 eq,0.0,2026,Procedure,CMS
J0850,Cytomegalovirus imm iv /vial,0.0,2026,Procedure,CMS
J0870,"Injection, imetelstat, 1 mg",0.0,2026,Procedure,CMS
J0872,Daptomycin (xellia) unrefrig,0.0,2026,Procedure,CMS
J0873,Inj daptomycin (xellia),0.0,2026,Procedure,CMS
J0874,"Inj, daptomycin (baxter)",0.0,2026,Procedure,CMS
J0875,"Injection, dalbavancin",0.0,2026,Procedure,CMS
J0877,"Inj, daptomycin (hospira)",0.0,2026,Procedure,CMS
J0878,Daptomycin injection,0.0,2026,Procedure,CMS
J0879,"Difelikefalin, esrd on dialy",0.0,2026,Procedure,CMS
J0881,"Darbepoetin alfa, non-esrd",0.0,2026,Procedure,CMS
J0882,"Darbepoetin alfa, esrd use",0.0,2026,Procedure,CMS
J0883,Argatroban nonesrd use 1mg,0.0,2026,Procedure,CMS
J0884,Argatroban esrd dialysis 1mg,0.0,2026,Procedure,CMS
J0885,"Epoetin alfa, non-esrd",0.0,2026,Procedure,CMS
J0887,Epoetin beta esrd use,0.0,2026,Procedure,CMS
J0888,Epoetin beta non esrd,0.0,2026,Procedure,CMS
J0890,Peginesatide injection,0.0,2026,Procedure,CMS
J0891,Argatroban nonesrd (accord),0.0,2026,Procedure,CMS
J0892,Argatroban dialysis (accord),0.0,2026,Procedure,CMS
J0893,"Inj, decitabine (sun pharma)",0.0,2026,Procedure,CMS
J0894,Decitabine injection,0.0,2026,Procedure,CMS
J0895,Deferoxamine mesylate inj,0.0,2026,Procedure,CMS
J0896,Inj luspatercept-aamt 0.25mg,0.0,2026,Procedure,CMS
J0897,Denosumab injection,0.0,2026,Procedure,CMS
J0898,Argatroban nonesrd (auromed),0.0,2026,Procedure,CMS
J0899,"Argatroban dialysis, auromed",0.0,2026,Procedure,CMS
J0901,Vadadustat oral 1mg for esrd,0.0,2026,Procedure,CMS
J0911,Inst tauro 1.35mg/hep 100u,0.0,2026,Procedure,CMS
J0945,Brompheniramine maleate inj,0.0,2026,Procedure,CMS
J1000,Depo-estradiol cypionate inj,0.0,2026,Procedure,CMS
J1010,"Inj, methylpred acetate 1 mg",0.0,2026,Procedure,CMS
J1050,Medroxyprogesterone acetate,0.0,2026,Procedure,CMS
J1071,Inj testosterone cypionate,0.0,2026,Procedure,CMS
J1072,"Inj, testosterone, azmiro",0.0,2026,Procedure,CMS
J1073,Testosterone pellet 75 mg,0.0,2026,Procedure,CMS
J1095,"Injection, dexamethasone 9%",0.0,2026,Procedure,CMS
J1096,Dexametha opth insert 0.1 mg,0.0,2026,Procedure,CMS
J1097,Phenylep ketorolac opth soln,0.0,2026,Procedure,CMS
J1100,Dexamethasone sodium phos,0.0,2026,Procedure,CMS
J1105,"Dexmedetomidine film, 1 mcg",0.0,2026,Procedure,CMS
J1110,Inj dihydroergotamine mesylt,0.0,2026,Procedure,CMS
J1120,Acetazolamid sodium injectio,0.0,2026,Procedure,CMS
J1130,Inj diclofenac sodium 0.5mg,0.0,2026,Procedure,CMS
J1160,Digoxin injection,0.0,2026,Procedure,CMS
J1162,Digoxin immune fab (ovine),0.0,2026,Procedure,CMS
J1163,"Inj, diltiazem hcl, 0.5 mg",0.0,2026,Procedure,CMS
J1165,Phenytoin sodium injection,0.0,2026,Procedure,CMS
J1171,"Inj, hydromorphone, 0.1 mg",0.0,2026,Procedure,CMS
J1180,Dyphylline injection,0.0,2026,Procedure,CMS
J1190,Dexrazoxane hcl injection,0.0,2026,Procedure,CMS
J1200,Diphenhydramine hcl injectio,0.0,2026,Procedure,CMS
J1201,Inj. cetirizine hcl 0.5mg,0.0,2026,Procedure,CMS
J1202,Miglustat oral 65 mg,0.0,2026,Procedure,CMS
J1203,"Inj, cipaglucosidase, 5 mg",0.0,2026,Procedure,CMS
J1205,Chlorothiazide sodium inj,0.0,2026,Procedure,CMS
J1212,Dimethyl sulfoxide 50% 50 ml,0.0,2026,Procedure,CMS
J1230,Methadone injection,0.0,2026,Procedure,CMS
J1240,Dimenhydrinate injection,0.0,2026,Procedure,CMS
J1245,Dipyridamole injection,0.0,2026,Procedure,CMS
J1250,Inj dobutamine hcl/250 mg,0.0,2026,Procedure,CMS
J1260,Dolasetron mesylate,0.0,2026,Procedure,CMS
J1265,Dopamine injection,0.0,2026,Procedure,CMS
J1270,"Injection, doxercalciferol",0.0,2026,Procedure,CMS
J1271,Inj doxycycline hyclate 1 mg,0.0,2026,Procedure,CMS
J1290,Ecallantide injection,0.0,2026,Procedure,CMS
J1299,"Inj, eculizumab, 2 mg",0.0,2026,Procedure,CMS
J1301,"Injection, edaravone, 1 mg",0.0,2026,Procedure,CMS
J1302,"Inj, sutimlimab-jome, 10 mg",0.0,2026,Procedure,CMS
J1303,"Inj., ravulizumab-cwvz 10 mg",0.0,2026,Procedure,CMS
J1304,Inj tofersen intrathec 1 mg,0.0,2026,Procedure,CMS
J1305,"Inj, evinacumab-dgnb, 5mg",0.0,2026,Procedure,CMS
J1306,"Injection, inclisiran, 1 mg",0.0,2026,Procedure,CMS
J1307,"Inj, crovalimab-akkz, 10 mg",0.0,2026,Procedure,CMS
J1308,"Inj, famotidine, 0.25 mg",0.0,2026,Procedure,CMS
J1320,Amitriptyline injection,0.0,2026,Procedure,CMS
J1322,"Elosulfase alfa, injection",0.0,2026,Procedure,CMS
J1323,"Inj, elranatamab-bcmm, 1 mg",0.0,2026,Procedure,CMS
J1324,Enfuvirtide injection,0.0,2026,Procedure,CMS
J1325,Epoprostenol injection,0.0,2026,Procedure,CMS
J1326,"Inj, zolbetuximab-clzb, 2 mg",0.0,2026,Procedure,CMS
J1327,Eptifibatide injection,0.0,2026,Procedure,CMS
J1335,Ertapenem injection,0.0,2026,Procedure,CMS
J1364,Erythro lactobionate /500 mg,0.0,2026,Procedure,CMS
J1370,"Inj, esomeprazole sod, 1 mg",0.0,2026,Procedure,CMS
J1380,Estradiol valerate 10 mg inj,0.0,2026,Procedure,CMS
J1410,Inj estrogen conjugate 25 mg,0.0,2026,Procedure,CMS
J1411,"Inj, hemgenix, per tx dose",0.0,2026,Procedure,CMS
J1412,Inj roctavian ml 2x10^13vc g,0.0,2026,Procedure,CMS
J1413,Inj delandistrogene mox rokl,0.0,2026,Procedure,CMS
J1414,"Inj, beqvez, per tx dose",0.0,2026,Procedure,CMS
J1426,"Injection, casimersen, 10 mg",0.0,2026,Procedure,CMS
J1427,Inj. viltolarsen,0.0,2026,Procedure,CMS
J1428,"Inj, eteplirsen, 10 mg",0.0,2026,Procedure,CMS
J1429,Inj golodirsen 10 mg,0.0,2026,Procedure,CMS
J1430,Ethanolamine oleate 100 mg,0.0,2026,Procedure,CMS
J1434,"Inj, focinvez, 1mg",0.0,2026,Procedure,CMS
J1435,Injection estrone per 1 mg,0.0,2026,Procedure,CMS
J1436,Etidronate disodium inj,0.0,2026,Procedure,CMS
J1437,Inj. fe derisomaltose 10 mg,0.0,2026,Procedure,CMS
J1438,Etanercept injection,0.0,2026,Procedure,CMS
J1439,Inj ferric carboxymaltos 1mg,0.0,2026,Procedure,CMS
J1440,Fecal microbiota jslm 1 ml,0.0,2026,Procedure,CMS
J1442,Inj filgrastim excl biosimil,0.0,2026,Procedure,CMS
J1447,Inj tbo filgrastim 1 microg,0.0,2026,Procedure,CMS
J1448,"Injection, trilaciclib, 1mg",0.0,2026,Procedure,CMS
J1449,Inj eflapegrastim-xnst 0.1mg,0.0,2026,Procedure,CMS
J1450,Fluconazole,0.0,2026,Procedure,CMS
J1451,"Fomepizole, 15 mg",0.0,2026,Procedure,CMS
J1453,Fosaprepitant injection,0.0,2026,Procedure,CMS
J1454,"Inj fosnetupitant, palonoset",0.0,2026,Procedure,CMS
J1455,Foscarnet sodium injection,0.0,2026,Procedure,CMS
J1456,"Inj, fosaprepitant (teva)",0.0,2026,Procedure,CMS
J1458,Galsulfase injection,0.0,2026,Procedure,CMS
J1459,Inj ivig privigen 500 mg,0.0,2026,Procedure,CMS
J1460,Gamma globulin 1 cc inj,0.0,2026,Procedure,CMS
J1551,Inj cutaquig 100 mg,0.0,2026,Procedure,CMS
J1552,"Inj, alyglo, 500 mg",0.0,2026,Procedure,CMS
J1554,Inj. asceniv,0.0,2026,Procedure,CMS
J1555,"Inj cuvitru, 100 mg",0.0,2026,Procedure,CMS
J1556,"Inj, imm glob bivigam, 500mg",0.0,2026,Procedure,CMS
J1557,Gammaplex injection,0.0,2026,Procedure,CMS
J1558,"Inj. xembify, 100 mg",0.0,2026,Procedure,CMS
J1559,Hizentra injection,0.0,2026,Procedure,CMS
J1560,Gamma globulin > 10 cc inj,0.0,2026,Procedure,CMS
J1561,Gamunex-c/gammaked,0.0,2026,Procedure,CMS
J1566,"Immune globulin, powder",0.0,2026,Procedure,CMS
J1568,Octagam injection,0.0,2026,Procedure,CMS
J1569,Gammagard liquid injection,0.0,2026,Procedure,CMS
J1570,Ganciclovir sodium injection,0.0,2026,Procedure,CMS
J1571,Hepagam b im injection,0.0,2026,Procedure,CMS
J1573,"Hepagam b intravenous, inj",0.0,2026,Procedure,CMS
J1574,"Inj, ganciclovir (exela)",0.0,2026,Procedure,CMS
J1575,Hyqvia 100mg immuneglobulin,0.0,2026,Procedure,CMS
J1576,"Inj, panzyga, 500 mg",0.0,2026,Procedure,CMS
J1580,Garamycin gentamicin inj,0.0,2026,Procedure,CMS
J1595,Injection glatiramer acetate,0.0,2026,Procedure,CMS
J1596,"Inj, glycopyrrolate, 0.1 mg",0.0,2026,Procedure,CMS
J1597,"Inj glycopyrrolate, glyrx-pf",0.0,2026,Procedure,CMS
J1598,Inj glycopyrrolate fres kabi,0.0,2026,Procedure,CMS
J1599,"Ivig non-lyophilized, nos",0.0,2026,Procedure,CMS
J1600,Gold sodium thiomaleate inj,0.0,2026,Procedure,CMS
J1602,Golimumab for iv use 1mg,0.0,2026,Procedure,CMS
J1610,Glucagon hydrochloride/1 mg,0.0,2026,Procedure,CMS
J1611,"Inj glucagon hcl, fresenius",0.0,2026,Procedure,CMS
J1612,Inj glucagon (gvoke) 0.01 mg,0.0,2026,Procedure,CMS
J1626,Granisetron hcl injection,0.0,2026,Procedure,CMS
J1627,"Inj, granisetron, xr, 0.1 mg",0.0,2026,Procedure,CMS
J1628,"Inj., guselkumab, 1 mg",0.0,2026,Procedure,CMS
J1630,Haloperidol injection,0.0,2026,Procedure,CMS
J1631,Haloperidol decanoate inj,0.0,2026,Procedure,CMS
J1632,"Inj., brexanolone, 1 mg",0.0,2026,Procedure,CMS
J1640,"Hemin, 1 mg",0.0,2026,Procedure,CMS
J1642,Inj heparin sodium per 10 u,0.0,2026,Procedure,CMS
J1643,"Inj heparin, pfizer, 1000u",0.0,2026,Procedure,CMS
J1644,Inj heparin sodium per 1000u,0.0,2026,Procedure,CMS
J1645,Dalteparin sodium,0.0,2026,Procedure,CMS
J1650,Inj enoxaparin sodium,0.0,2026,Procedure,CMS
J1652,Fondaparinux sodium,0.0,2026,Procedure,CMS
J1670,Tetanus immune globulin inj,0.0,2026,Procedure,CMS
J1675,Histrelin acetate,0.0,2026,Procedure,CMS
J1700,Hydrocortisone acetate inj,0.0,2026,Procedure,CMS
J1720,Hydrocortisone sodium succ i,0.0,2026,Procedure,CMS
J1726,"Makena, 10 mg",0.0,2026,Procedure,CMS
J1729,Inj hydroxyprogst capoat nos,0.0,2026,Procedure,CMS
J1730,Diazoxide injection,0.0,2026,Procedure,CMS
J1736,Inj meloxicam (delova) 1mg,0.0,2026,Procedure,CMS
J1737,Inj meloxicam (azurity) 1mg,0.0,2026,Procedure,CMS
J1738,Inj. meloxicam 1 mg,0.0,2026,Procedure,CMS
J1740,Ibandronate sodium injection,0.0,2026,Procedure,CMS
J1741,Ibuprofen injection,0.0,2026,Procedure,CMS
J1742,Ibutilide fumarate injection,0.0,2026,Procedure,CMS
J1743,Idursulfase injection,0.0,2026,Procedure,CMS
J1744,Icatibant injection,0.0,2026,Procedure,CMS
J1745,Infliximab not biosimil 10mg,0.0,2026,Procedure,CMS
J1746,"Inj., ibalizumab-uiyk, 10 mg",0.0,2026,Procedure,CMS
J1747,"Inj, spesolimab-sbzo, 1 mg",0.0,2026,Procedure,CMS
J1748,"Inj, zymfentra, 10 mg",0.0,2026,Procedure,CMS
J1749,"Inj, iloprost, 0.1 mcg",0.0,2026,Procedure,CMS
J1750,Inj iron dextran,0.0,2026,Procedure,CMS
J1756,Iron sucrose injection,0.0,2026,Procedure,CMS
J1786,Imuglucerase injection,0.0,2026,Procedure,CMS
J1790,Droperidol injection,0.0,2026,Procedure,CMS
J1800,Propranolol injection,0.0,2026,Procedure,CMS
J1805,"Inj, esmolol hcl, 10mg",0.0,2026,Procedure,CMS
J1806,Inj esmolol hcl wg crit care,0.0,2026,Procedure,CMS
J1807,"Inj, ethacrynate sod, 1 mg",0.0,2026,Procedure,CMS
J1808,"Inj, folic acid, 0.1 mg",0.0,2026,Procedure,CMS
J1809,"Inj, fosdenopterin, 0.1mg",0.0,2026,Procedure,CMS
J1811,Fiasp for insulin pump use,0.0,2026,Procedure,CMS
J1812,Inj. insulin (fiasp),0.0,2026,Procedure,CMS
J1813,Lyumjev for insulin pump use,0.0,2026,Procedure,CMS
J1814,Inj. insulin (lyumjev),0.0,2026,Procedure,CMS
J1815,Insulin injection,0.0,2026,Procedure,CMS
J1817,Insulin for insulin pump use,0.0,2026,Procedure,CMS
J1823,"Inj. inebilizumab-cdon, 1 mg",0.0,2026,Procedure,CMS
J1826,Interferon beta-1a inj,0.0,2026,Procedure,CMS
J1830,Interferon beta-1b / .25 mg,0.0,2026,Procedure,CMS
J1833,"Injection, isavuconazonium",0.0,2026,Procedure,CMS
J1834,"Inj, isoniazid, 1 mg",0.0,2026,Procedure,CMS
J1835,Itraconazole injection,0.0,2026,Procedure,CMS
J1836,"Inj, metronidazole, 10 mg",0.0,2026,Procedure,CMS
J1837,"Inj, posaconazole, 1 mg",0.0,2026,Procedure,CMS
J1885,Ketorolac tromethamine inj,0.0,2026,Procedure,CMS
J1920,"Inj, labetalol hcl, 5mg",0.0,2026,Procedure,CMS
J1921,"Inj labetalol hcl hikma, 5mg",0.0,2026,Procedure,CMS
J1930,Lanreotide injection,0.0,2026,Procedure,CMS
J1931,Laronidase injection,0.0,2026,Procedure,CMS
J1932,"Inj, lanreotide, (cipla) 1mg",0.0,2026,Procedure,CMS
J1938,"Inj, furosemide, 1 mg",0.0,2026,Procedure,CMS
J1939,"Inj, bumetanide, 0.5 mg",0.0,2026,Procedure,CMS
J1941,"Inj, furoscix, 20 mg",0.0,2026,Procedure,CMS
J1943,"Inj., aristada initio, 1 mg",0.0,2026,Procedure,CMS
J1944,Aripiprazole lauroxil 1 mg,0.0,2026,Procedure,CMS
J1950,Leuprolide acetate /3.75 mg,0.0,2026,Procedure,CMS
J1951,Inj fensolvi 0.25 mg,0.0,2026,Procedure,CMS
J1952,"Leuprolide inj, camcevi, 1mg",0.0,2026,Procedure,CMS
J1953,Levetiracetam injection,0.0,2026,Procedure,CMS
J1954,Inj leu acet lutr dpt 7.5 mg,0.0,2026,Procedure,CMS
J1955,Inj levocarnitine per 1 gm,0.0,2026,Procedure,CMS
J1956,Levofloxacin injection,0.0,2026,Procedure,CMS
J1960,Levorphanol tartrate inj,0.0,2026,Procedure,CMS
J1961,Inj lenacapavir (hiv tx) 1mg,0.0,2026,Procedure,CMS
J1980,Hyoscyamine sulfate inj,0.0,2026,Procedure,CMS
J1990,Chlordiazepoxide injection,0.0,2026,Procedure,CMS
J2002,"Inj, lidocaine in d5w, 1 mg",0.0,2026,Procedure,CMS
J2003,"Inj, lidocaine hcl, 1 mg",0.0,2026,Procedure,CMS
J2004,"Inj, lidocaine w epinephrine",0.0,2026,Procedure,CMS
J2010,Lincomycin injection,0.0,2026,Procedure,CMS
J2020,Linezolid injection,0.0,2026,Procedure,CMS
J2021,"Inj, linezolid (hospira)",0.0,2026,Procedure,CMS
J2060,Lorazepam injection,0.0,2026,Procedure,CMS
J2062,Loxapine for inhalation 1 mg,0.0,2026,Procedure,CMS
J2151,"Inj, mannitol, 250 mg",0.0,2026,Procedure,CMS
J2170,Mecasermin injection,0.0,2026,Procedure,CMS
J2175,Meperidine hydrochl /100 mg,0.0,2026,Procedure,CMS
J2180,Meperidine/promethazine inj,0.0,2026,Procedure,CMS
J2182,"Injection, mepolizumab, 1mg",0.0,2026,Procedure,CMS
J2183,Inj meropenem (wg crit care),0.0,2026,Procedure,CMS
J2184,"Inj, meropenem (b. braun)",0.0,2026,Procedure,CMS
J2185,Meropenem,0.0,2026,Procedure,CMS
J2186,"Inj., meropenem, vaborbactam",0.0,2026,Procedure,CMS
J2210,Methylergonovin maleate inj,0.0,2026,Procedure,CMS
J2212,Methylnaltrexone injection,0.0,2026,Procedure,CMS
J2246,"Inj, micafungin (baxter)",0.0,2026,Procedure,CMS
J2247,"Inj, micafungin (par pharm)",0.0,2026,Procedure,CMS
J2248,Micafungin sodium injection,0.0,2026,Procedure,CMS
J2249,"Inj, remimazolam, 1 mg",0.0,2026,Procedure,CMS
J2250,Inj midazolam hydrochloride,0.0,2026,Procedure,CMS
J2251,Inj midazolam in 0.9% nacl,0.0,2026,Procedure,CMS
J2252,Inj midazolam in 0.8% nacl,0.0,2026,Procedure,CMS
J2253,Inj midazolam (seizalam),0.0,2026,Procedure,CMS
J2260,Inj milrinone lactate / 5 mg,0.0,2026,Procedure,CMS
J2265,Minocycline hydrochloride,0.0,2026,Procedure,CMS
J2267,"Inj, mirikizumab-mrkz, 1 mg",0.0,2026,Procedure,CMS
J2270,Morphine sulfate injection,0.0,2026,Procedure,CMS
J2272,"Inj, morphine (fresenius)",0.0,2026,Procedure,CMS
J2274,Inj morphine pf epid ithc,0.0,2026,Procedure,CMS
J2277,"Inj, motixafortide, 0.25 mg",0.0,2026,Procedure,CMS
J2278,Ziconotide injection,0.0,2026,Procedure,CMS
J2280,"Inj, moxifloxacin 100 mg",0.0,2026,Procedure,CMS
J2281,Inj moxifloxacin (fres kabi),0.0,2026,Procedure,CMS
J2290,"Inj, nafcillin sodium, 20 mg",0.0,2026,Procedure,CMS
J2291,"Inj, nafcillin (baxter) 20mg",0.0,2026,Procedure,CMS
J2300,Inj nalbuphine hydrochloride,0.0,2026,Procedure,CMS
J2305,"Inj, nitroglycerin, 5 mg",0.0,2026,Procedure,CMS
J2312,"Inj naloxone hcl nos, 0.01mg",0.0,2026,Procedure,CMS
J2313,"Inj, naloxone (zimhi) 0.01mg",0.0,2026,Procedure,CMS
J2315,"Naltrexone, depot form",0.0,2026,Procedure,CMS
J2320,Nandrolone decanoate 50 mg,0.0,2026,Procedure,CMS
J2323,Natalizumab injection,0.0,2026,Procedure,CMS
J2325,Nesiritide injection,0.0,2026,Procedure,CMS
J2326,"Inj, nusinersen, 0.1mg",0.0,2026,Procedure,CMS
J2327,Inj risankizumab-rzaa 1 mg,0.0,2026,Procedure,CMS
J2329,"Inj ublituximab-xiiy, 1 mg",0.0,2026,Procedure,CMS
J2350,"Injection, ocrelizumab, 1 mg",0.0,2026,Procedure,CMS
J2351,Inj ocrelizumab 1mg hya-ocsq,0.0,2026,Procedure,CMS
J2353,"Octreotide injection, depot",0.0,2026,Procedure,CMS
J2354,"Octreotide inj, non-depot",0.0,2026,Procedure,CMS
J2355,Oprelvekin injection,0.0,2026,Procedure,CMS
J2356,"Inj tezepelumab-ekko, 1mg",0.0,2026,Procedure,CMS
J2357,Omalizumab injection,0.0,2026,Procedure,CMS
J2358,Olanzapine long-acting inj,0.0,2026,Procedure,CMS
J2359,"Inj. olanzapine, 0.5mg",0.0,2026,Procedure,CMS
J2360,Orphenadrine injection,0.0,2026,Procedure,CMS
J2371,Inj phenylephrine hcl 20 mcg,0.0,2026,Procedure,CMS
J2372,"Inj, biorphen, 20 micrograms",0.0,2026,Procedure,CMS
J2373,"Inj, immphentiv, 20 mcg",0.0,2026,Procedure,CMS
J2401,Chloroprocaine hcl injection,0.0,2026,Procedure,CMS
J2402,Chloroprocaine (clorotekal),0.0,2026,Procedure,CMS
J2403,"Chloroprocaine opht gel, 1mg",0.0,2026,Procedure,CMS
J2404,"Inj, nicardipine 0.1 mg",0.0,2026,Procedure,CMS
J2405,Ondansetron hcl injection,0.0,2026,Procedure,CMS
J2406,"Injection, oritavancin 10 mg",0.0,2026,Procedure,CMS
J2407,"Injection, oritavancin",0.0,2026,Procedure,CMS
J2410,Oxymorphone hcl injection,0.0,2026,Procedure,CMS
J2425,Palifermin injection,0.0,2026,Procedure,CMS
J2426,"Inj, invega sustenna, 1 mg",0.0,2026,Procedure,CMS
J2427,"Inj, invega hafyera/trinza",0.0,2026,Procedure,CMS
J2428,"Inj, erzofri, 1 mg",0.0,2026,Procedure,CMS
J2430,Pamidronate disodium /30 mg,0.0,2026,Procedure,CMS
J2440,Papaverin hcl injection,0.0,2026,Procedure,CMS
J2460,Oxytetracycline injection,0.0,2026,Procedure,CMS
J2468,"Inj, palonosetron (posfrea)",0.0,2026,Procedure,CMS
J2469,Palonosetron hcl,0.0,2026,Procedure,CMS
J2470,Inj pantoprazole sodium 40mg,0.0,2026,Procedure,CMS
J2471,Inj pantoprazole(hikma) 40mg,0.0,2026,Procedure,CMS
J2472,"Inj, pantoprazole sodium chl",0.0,2026,Procedure,CMS
J2501,Paricalcitol,0.0,2026,Procedure,CMS
J2502,"Inj, pasireotide long acting",0.0,2026,Procedure,CMS
J2506,Inj pegfilgrast ex bio 0.5mg,0.0,2026,Procedure,CMS
J2507,Pegloticase injection,0.0,2026,Procedure,CMS
J2508,Pegunigalsidase alfa-iwxj,0.0,2026,Procedure,CMS
J2510,Penicillin g procaine inj,0.0,2026,Procedure,CMS
J2515,Pentobarbital sodium inj,0.0,2026,Procedure,CMS
J2516,"Inj, pentamidine isethionate",0.0,2026,Procedure,CMS
J2540,Penicillin g potassium inj,0.0,2026,Procedure,CMS
J2543,Piperacillin/tazobactam,0.0,2026,Procedure,CMS
J2545,Pentamidine non-comp unit,0.0,2026,Procedure,CMS
J2547,"Injection, peramivir",0.0,2026,Procedure,CMS
J2550,Promethazine hcl injection,0.0,2026,Procedure,CMS
J2560,Phenobarbital sodium inj,0.0,2026,Procedure,CMS
J2561,"Inj, sezaby, 1 mg",0.0,2026,Procedure,CMS
J2562,Plerixafor injection,0.0,2026,Procedure,CMS
J2590,Oxytocin injection,0.0,2026,Procedure,CMS
J2596,Vasopressin (long grove) 1 u,0.0,2026,Procedure,CMS
J2597,Inj desmopressin acetate,0.0,2026,Procedure,CMS
J2598,"Inj, vasopressin, 1 unit",0.0,2026,Procedure,CMS
J2599,Inj vasopressin (am reg) 1 u,0.0,2026,Procedure,CMS
J2601,"Inj, vasopressin (baxter)",0.0,2026,Procedure,CMS
J2650,Prednisolone acetate inj,0.0,2026,Procedure,CMS
J2670,Totazoline hcl injection,0.0,2026,Procedure,CMS
J2675,Inj progesterone per 50 mg,0.0,2026,Procedure,CMS
J2679,Inj fluphenazine hcl 1.25 mg,0.0,2026,Procedure,CMS
J2680,Fluphenazine decanoate 25 mg,0.0,2026,Procedure,CMS
J2690,Procainamide hcl injection,0.0,2026,Procedure,CMS
J2700,Oxacillin sodium injeciton,0.0,2026,Procedure,CMS
J2704,"Inj, propofol, 10 mg",0.0,2026,Procedure,CMS
J2710,Neostigmine methylslfte inj,0.0,2026,Procedure,CMS
J2711,Inj neostigmin/glycopyrrolat,0.0,2026,Procedure,CMS
J2720,Inj protamine sulfate/10 mg,0.0,2026,Procedure,CMS
J2724,Protein c concentrate,0.0,2026,Procedure,CMS
J2725,Inj protirelin per 250 mcg,0.0,2026,Procedure,CMS
J2730,Pralidoxime chloride inj,0.0,2026,Procedure,CMS
J2760,Phentolaine mesylate inj,0.0,2026,Procedure,CMS
J2765,Metoclopramide hcl injection,0.0,2026,Procedure,CMS
J2770,Quinupristin/dalfopristin,0.0,2026,Procedure,CMS
J2777,"Inj, faricimab-svoa, 0.1mg",0.0,2026,Procedure,CMS
J2778,Ranibizumab injection,0.0,2026,Procedure,CMS
J2779,"Inj, susvimo 0.1 mg",0.0,2026,Procedure,CMS
J2781,"Inj, pegcetacoplan, 1mg",0.0,2026,Procedure,CMS
J2782,Inj avacincaptad pegol 0.1mg,0.0,2026,Procedure,CMS
J2783,Rasburicase,0.0,2026,Procedure,CMS
J2785,Regadenoson injection,0.0,2026,Procedure,CMS
J2786,"Injection, reslizumab, 1mg",0.0,2026,Procedure,CMS
J2787,Riboflavin 5'phos opth<=3ml,0.0,2026,Procedure,CMS
J2788,Rho d immune globulin 50 mcg,0.0,2026,Procedure,CMS
J2790,Rho d immune globulin inj,0.0,2026,Procedure,CMS
J2791,Rhophylac injection,0.0,2026,Procedure,CMS
J2792,"Rho(d) immune globulin h, sd",0.0,2026,Procedure,CMS
J2793,Rilonacept injection,0.0,2026,Procedure,CMS
J2794,"Inj risperdal consta, 0.5 mg",0.0,2026,Procedure,CMS
J2795,Ropivacaine hcl injection,0.0,2026,Procedure,CMS
J2797,"Inj., rolapitant, 0.5 mg",0.0,2026,Procedure,CMS
J2798,"Inj., perseris, 0.5 mg",0.0,2026,Procedure,CMS
J2799,"Inj, uzedy, 1 mg",0.0,2026,Procedure,CMS
J2800,Methocarbamol injection,0.0,2026,Procedure,CMS
J2801,"Inj, rykindo, 0.5 mg",0.0,2026,Procedure,CMS
J2802,"Inj, romiplostim 1 microgram",0.0,2026,Procedure,CMS
J2804,"Inj, rifampin, 1 mg",0.0,2026,Procedure,CMS
J2805,Sincalide injection,0.0,2026,Procedure,CMS
J2810,Inj theophylline per 40 mg,0.0,2026,Procedure,CMS
J2820,Sargramostim injection,0.0,2026,Procedure,CMS
J2840,Inj sebelipase alfa 1 mg,0.0,2026,Procedure,CMS
J2850,Inj secretin synthetic human,0.0,2026,Procedure,CMS
J2860,"Injection, siltuximab",0.0,2026,Procedure,CMS
J2865,Inj sulfameth/trim 5 mg/1 mg,0.0,2026,Procedure,CMS
J2916,Na ferric gluconate complex,0.0,2026,Procedure,CMS
J2919,"Inj, methylpred sod succ 5mg",0.0,2026,Procedure,CMS
J2941,Somatropin injection,0.0,2026,Procedure,CMS
J2950,Promazine hcl injection,0.0,2026,Procedure,CMS
J2993,Reteplase injection,0.0,2026,Procedure,CMS
J2997,Alteplase recombinant,0.0,2026,Procedure,CMS
J2998,Inj plasminogen tvmh 1mg,0.0,2026,Procedure,CMS
J3000,Streptomycin injection,0.0,2026,Procedure,CMS
J3010,Fentanyl citrate injection,0.0,2026,Procedure,CMS
J3030,Sumatriptan succinate / 6 mg,0.0,2026,Procedure,CMS
J3031,"Inj., fremanezumab-vfrm 1 mg",0.0,2026,Procedure,CMS
J3032,Inj. eptinezumab-jjmr 1 mg,0.0,2026,Procedure,CMS
J3055,Inj talquetamab-tgvs 0.25 mg,0.0,2026,Procedure,CMS
J3060,"Inj, taliglucerase alfa 10 u",0.0,2026,Procedure,CMS
J3070,Pentazocine injection,0.0,2026,Procedure,CMS
J3090,Inj tedizolid phosphate,0.0,2026,Procedure,CMS
J3095,Telavancin injection,0.0,2026,Procedure,CMS
J3101,Tenecteplase injection,0.0,2026,Procedure,CMS
J3105,Terbutaline sulfate inj,0.0,2026,Procedure,CMS
J3110,Teriparatide injection,0.0,2026,Procedure,CMS
J3111,Inj. romosozumab-aqqg 1 mg,0.0,2026,Procedure,CMS
J3121,Inj testostero enanthate 1mg,0.0,2026,Procedure,CMS
J3145,Testosterone undecanoate 1mg,0.0,2026,Procedure,CMS
J3230,Chlorpromazine hcl injection,0.0,2026,Procedure,CMS
J3240,Thyrotropin injection,0.0,2026,Procedure,CMS
J3241,Inj. teprotumumab-trbw 10 mg,0.0,2026,Procedure,CMS
J3243,Tigecycline injection,0.0,2026,Procedure,CMS
J3244,Inj. tigecycline (accord),0.0,2026,Procedure,CMS
J3245,"Inj., tildrakizumab, 1 mg",0.0,2026,Procedure,CMS
J3246,Tirofiban hcl,0.0,2026,Procedure,CMS
J3247,Inj secukinumab intrav 1mg,0.0,2026,Procedure,CMS
J3250,Trimethobenzamide hcl inj,0.0,2026,Procedure,CMS
J3260,Tobramycin sulfate injection,0.0,2026,Procedure,CMS
J3262,Tocilizumab injection,0.0,2026,Procedure,CMS
J3263,"Inj, toripalimab-tpzi, 1 mg",0.0,2026,Procedure,CMS
J3265,Injection torsemide 10 mg/ml,0.0,2026,Procedure,CMS
J3285,Treprostinil injection,0.0,2026,Procedure,CMS
J3290,"Inj, tranexamic acid 5 mg",0.0,2026,Procedure,CMS
J3291,Tranexamic acid in sod chlor,0.0,2026,Procedure,CMS
J3299,Inj xipere 1 mg,0.0,2026,Procedure,CMS
J3300,Triamcinolone a inj prs-free,0.0,2026,Procedure,CMS
J3301,Triamcinolone acet inj nos,0.0,2026,Procedure,CMS
J3302,Triamcinolone diacetate inj,0.0,2026,Procedure,CMS
J3303,Triamcinolone hexacetonl inj,0.0,2026,Procedure,CMS
J3304,Inj triamcinolone ace xr 1mg,0.0,2026,Procedure,CMS
J3315,Triptorelin pamoate,0.0,2026,Procedure,CMS
J3316,"Inj., triptorelin xr 3.75 mg",0.0,2026,Procedure,CMS
J3350,Urea injection,0.0,2026,Procedure,CMS
J3357,"Ustekinumab sub cu inj, 1 mg",0.0,2026,Procedure,CMS
J3358,"Ustekinumab, iv inject, 1 mg",0.0,2026,Procedure,CMS
J3360,Diazepam injection,0.0,2026,Procedure,CMS
J3373,"Inj, vancomycin hcl, 10 mg",0.0,2026,Procedure,CMS
J3374,"Inj, vancomycin (mylan) 10mg",0.0,2026,Procedure,CMS
J3375,Inj vancomycin (xellia) 10mg,0.0,2026,Procedure,CMS
J3376,Inj vancomycin (hikma) 10mg,0.0,2026,Procedure,CMS
J3379,"Inj, valproate sod, 5 mg",0.0,2026,Procedure,CMS
J3380,Inj vedolizumab iv 1 mg,0.0,2026,Procedure,CMS
J3385,Velaglucerase alfa,0.0,2026,Procedure,CMS
J3387,Inj elivaldogene autotemecel,0.0,2026,Procedure,CMS
J3389,Topi adm prad zami per treat,0.0,2026,Procedure,CMS
J3391,"Inj, atidarsagene autotemcel",0.0,2026,Procedure,CMS
J3392,"Inj, exagamglogene autotem",0.0,2026,Procedure,CMS
J3393,"Inj, betibeglogene autotemce",0.0,2026,Procedure,CMS
J3394,"Inj, lovotibeglogene autotem",0.0,2026,Procedure,CMS
J3396,Verteporfin injection,0.0,2026,Procedure,CMS
J3397,"Inj., vestronidase alfa-vjbk",0.0,2026,Procedure,CMS
J3398,Inj luxturna 1 billion vec g,0.0,2026,Procedure,CMS
J3399,Inj onase abepar-xioi treat,0.0,2026,Procedure,CMS
J3401,"Vyjuvek 5x10^9pfu/ml, 0.1 ml",0.0,2026,Procedure,CMS
J3402,Inj. remestemcel-l-rknd/ td,0.0,2026,Procedure,CMS
J3403,"Revakinagene, per implant",0.0,2026,Procedure,CMS
J3410,Hydroxyzine hcl injection,0.0,2026,Procedure,CMS
J3411,Thiamine hcl 100 mg,0.0,2026,Procedure,CMS
J3415,Pyridoxine hcl 100 mg,0.0,2026,Procedure,CMS
J3420,Vitamin b12 injection,0.0,2026,Procedure,CMS
J3424,Inj hydroxocobalamin iv 25mg,0.0,2026,Procedure,CMS
J3425,Hydroxocobalamin im 10mcg,0.0,2026,Procedure,CMS
J3430,Vitamin k phytonadione inj,0.0,2026,Procedure,CMS
J3465,"Injection, voriconazole",0.0,2026,Procedure,CMS
J3470,Hyaluronidase injection,0.0,2026,Procedure,CMS
J3471,"Ovine, up to 999 usp units",0.0,2026,Procedure,CMS
J3472,"Ovine, 1000 usp units",0.0,2026,Procedure,CMS
J3473,Hyaluronidase recombinant,0.0,2026,Procedure,CMS
J3475,Inj magnesium sulfate,0.0,2026,Procedure,CMS
J3480,Inj potassium chloride,0.0,2026,Procedure,CMS
J3485,Zidovudine,0.0,2026,Procedure,CMS
J3486,Ziprasidone mesylate,0.0,2026,Procedure,CMS
J3489,Zoledronic acid 1mg,0.0,2026,Procedure,CMS
J3490,Drugs unclassified injection,0.0,2026,Procedure,CMS
J3520,Edetate disodium per 150 mg,0.0,2026,Procedure,CMS
J3530,Nasal vaccine inhalation,0.0,2026,Procedure,CMS
J3535,Metered dose inhaler drug,0.0,2026,Procedure,CMS
J3570,Laetrile amygdalin vit b17,0.0,2026,Procedure,CMS
J3590,Unclassified biologics,0.0,2026,Procedure,CMS
J3591,Esrd on dialysi drug/bio noc,0.0,2026,Procedure,CMS
J7030,Normal saline solution infus,0.0,2026,Procedure,CMS
J7040,Normal saline solution infus,0.0,2026,Procedure,CMS
J7042,5% dextrose/normal saline,0.0,2026,Procedure,CMS
J7050,Normal saline solution infus,0.0,2026,Procedure,CMS
J7060,5% dextrose/water,0.0,2026,Procedure,CMS
J7070,D5w infusion,0.0,2026,Procedure,CMS
J7100,Dextran 40 infusion,0.0,2026,Procedure,CMS
J7110,Dextran 75 infusion,0.0,2026,Procedure,CMS
J7120,Ringers lactate infusion,0.0,2026,Procedure,CMS
J7121,5% dextrose in lac ringers,0.0,2026,Procedure,CMS
J7131,Hypertonic saline sol,0.0,2026,Procedure,CMS
J7165,"Inj, human-lans, per i.u",0.0,2026,Procedure,CMS
J7168,Prothrombin complex kcentra,0.0,2026,Procedure,CMS
J7169,"Inj andexxa, 10 mg",0.0,2026,Procedure,CMS
J7170,"Inj., emicizumab-kxwh 0.5 mg",0.0,2026,Procedure,CMS
J7171,"Inj, adzynma, 10 iu",0.0,2026,Procedure,CMS
J7172,"Inj marstacim-hncq, 0.5 mg",0.0,2026,Procedure,CMS
J7173,"Inj. concizumab-mtci, 0.5 mg",0.0,2026,Procedure,CMS
J7174,Injection fitusiran 0.04 mg,0.0,2026,Procedure,CMS
J7175,"Inj, factor x, (human), 1iu",0.0,2026,Procedure,CMS
J7177,"Inj., fibryga, 1 mg",0.0,2026,Procedure,CMS
J7178,Inj human fibrinogen con nos,0.0,2026,Procedure,CMS
J7179,Vonvendi inj 1 iu vwf:rco,0.0,2026,Procedure,CMS
J7180,Factor xiii anti-hem factor,0.0,2026,Procedure,CMS
J7181,Factor xiii recomb a-subunit,0.0,2026,Procedure,CMS
J7182,Factor viii recomb novoeight,0.0,2026,Procedure,CMS
J7183,Wilate injection,0.0,2026,Procedure,CMS
J7185,Xyntha inj,0.0,2026,Procedure,CMS
J7186,Antihemophilic viii/vwf comp,0.0,2026,Procedure,CMS
J7187,"Humate-p, inj",0.0,2026,Procedure,CMS
J7188,Factor viii recomb obizur,0.0,2026,Procedure,CMS
J7189,Factor viia recomb novoseven,0.0,2026,Procedure,CMS
J7190,Factor viii,0.0,2026,Procedure,CMS
J7191,Factor viii (porcine),0.0,2026,Procedure,CMS
J7192,Factor viii recombinant nos,0.0,2026,Procedure,CMS
J7193,Factor ix non-recombinant,0.0,2026,Procedure,CMS
J7194,Factor ix complex,0.0,2026,Procedure,CMS
J7195,Factor ix recombinant nos,0.0,2026,Procedure,CMS
J7196,Antithrombin recombinant,0.0,2026,Procedure,CMS
J7197,Antithrombin iii injection,0.0,2026,Procedure,CMS
J7198,Anti-inhibitor,0.0,2026,Procedure,CMS
J7199,Hemophilia clot factor noc,0.0,2026,Procedure,CMS
J7200,Factor ix recombinan rixubis,0.0,2026,Procedure,CMS
J7201,Factor ix alprolix recomb,0.0,2026,Procedure,CMS
J7202,Factor ix idelvion inj,0.0,2026,Procedure,CMS
J7203,Factor ix recomb gly rebinyn,0.0,2026,Procedure,CMS
J7204,Inj recombin esperoct per iu,0.0,2026,Procedure,CMS
J7205,Factor viii fc fusion recomb,0.0,2026,Procedure,CMS
J7207,Factor viii pegylated recomb,0.0,2026,Procedure,CMS
J7208,Inj. jivi 1 iu,0.0,2026,Procedure,CMS
J7209,Factor viii nuwiq recomb 1iu,0.0,2026,Procedure,CMS
J7210,"Inj, afstyla, 1 i.u.",0.0,2026,Procedure,CMS
J7211,"Inj, kovaltry, 1 i.u.",0.0,2026,Procedure,CMS
J7212,Factor viia recomb sevenfact,0.0,2026,Procedure,CMS
J7213,"Inj, ixinity, 1 i.u.",0.0,2026,Procedure,CMS
J7214,Altuviiio per factor viii iu,0.0,2026,Procedure,CMS
J7294,Seg acet and eth estr yearly,0.0,2026,Procedure,CMS
J7295,Eth estr and eton monthly,0.0,2026,Procedure,CMS
J7296,"Kyleena, 19.5 mg",0.0,2026,Procedure,CMS
J7297,"Liletta, 52 mg",0.0,2026,Procedure,CMS
J7298,"Mirena, 52 mg",0.0,2026,Procedure,CMS
J7299,Intraut copp cont (miudella),0.0,2026,Procedure,CMS
J7300,Intra copp contra (paragard),0.0,2026,Procedure,CMS
J7301,"Skyla, 13.5 mg",0.0,2026,Procedure,CMS
J7304,Contraceptive hormone patch,0.0,2026,Procedure,CMS
J7306,Levonorgestrel implant sys,0.0,2026,Procedure,CMS
J7307,Etonogestrel implant system,0.0,2026,Procedure,CMS
J7308,Aminolevulinic acid hcl top,0.0,2026,Procedure,CMS
J7311,"Inj., retisert, 0.01 mg",0.0,2026,Procedure,CMS
J7312,Dexamethasone intra implant,0.0,2026,Procedure,CMS
J7313,"Inj., iluvien, 0.01 mg",0.0,2026,Procedure,CMS
J7314,"Inj., yutiq, 0.01 mg",0.0,2026,Procedure,CMS
J7315,Ophthalmic mitomycin,0.0,2026,Procedure,CMS
J7316,"Inj, ocriplasmin, 0.125 mg",0.0,2026,Procedure,CMS
J7318,"Inj, durolane 1 mg",0.0,2026,Procedure,CMS
J7320,"Genvisc 850, inj, 1mg",0.0,2026,Procedure,CMS
J7321,Hyalgan supartz visco-3 dose,0.0,2026,Procedure,CMS
J7322,"Hyaluronan, hymo or hymo one",0.0,2026,Procedure,CMS
J7323,Euflexxa inj per dose,0.0,2026,Procedure,CMS
J7324,Orthovisc inj per dose,0.0,2026,Procedure,CMS
J7325,Synvisc or synvisc-one,0.0,2026,Procedure,CMS
J7326,Gel-one,0.0,2026,Procedure,CMS
J7327,Monovisc inj per dose,0.0,2026,Procedure,CMS
J7328,Gelsyn-3 injection 0.1 mg,0.0,2026,Procedure,CMS
J7329,"Inj, trivisc 1 mg",0.0,2026,Procedure,CMS
J7330,Cultured chondrocytes implnt,0.0,2026,Procedure,CMS
J7331,"Synojoynt, inj., 1 mg",0.0,2026,Procedure,CMS
J7332,"Inj., triluron, 1 mg",0.0,2026,Procedure,CMS
J7336,Capsaicin 8% patch,0.0,2026,Procedure,CMS
J7340,Carbidopa levodopa ent 100ml,0.0,2026,Procedure,CMS
J7342,Ciprofloxacin otic susp 6 mg,0.0,2026,Procedure,CMS
J7345,"Aminolevulinic acid, 10% gel",0.0,2026,Procedure,CMS
J7351,Inj bimatoprost itc imp1mcg,0.0,2026,Procedure,CMS
J7352,"Afamelanotide implant, 1 mg",0.0,2026,Procedure,CMS
J7353,Anacaulase-bcdb 8.8% gel 1 g,0.0,2026,Procedure,CMS
J7354,"Cantharidin top, applicator",0.0,2026,Procedure,CMS
J7355,Inj travoprost intra impl,0.0,2026,Procedure,CMS
J7356,Inj foscarb/foslevodopa 5 mg,0.0,2026,Procedure,CMS
J7402,Mometasone sinus sinuva,0.0,2026,Procedure,CMS
J7500,Azathioprine oral 50mg,0.0,2026,Procedure,CMS
J7501,Azathioprine parenteral,0.0,2026,Procedure,CMS
J7502,Cyclosporine oral 100 mg,0.0,2026,Procedure,CMS
J7503,Tacrol envarsus ex rel oral,0.0,2026,Procedure,CMS
J7504,Lymphocyte immune globulin,0.0,2026,Procedure,CMS
J7507,Tacrolimus imme rel oral 1mg,0.0,2026,Procedure,CMS
J7508,Tacrol astagraf ex rel oral,0.0,2026,Procedure,CMS
J7509,Methylprednisolone oral,0.0,2026,Procedure,CMS
J7510,Prednisolone oral per 5 mg,0.0,2026,Procedure,CMS
J7511,Antithymocyte globuln rabbit,0.0,2026,Procedure,CMS
J7512,Prednisone ir or dr oral 1mg,0.0,2026,Procedure,CMS
J7514,Mycophenol (myhibbin) 100 mg,0.0,2026,Procedure,CMS
J7515,Cyclosporine oral 25 mg,0.0,2026,Procedure,CMS
J7516,"Inj, cyclosporine 250mg",0.0,2026,Procedure,CMS
J7517,Mycophenolate mofetil oral,0.0,2026,Procedure,CMS
J7518,Mycophenolic acid,0.0,2026,Procedure,CMS
J7519,Inj. mycophenolate mofetil,0.0,2026,Procedure,CMS
J7520,"Sirolimus, oral",0.0,2026,Procedure,CMS
J7521,Tacrolim granules oral susp,0.0,2026,Procedure,CMS
J7525,Tacrolimus injection,0.0,2026,Procedure,CMS
J7527,Oral everolimus,0.0,2026,Procedure,CMS
J7528,Mycophen mofetil for susp,0.0,2026,Procedure,CMS
J7599,Immunosuppressive drug noc,0.0,2026,Procedure,CMS
J7601,Ensifentrine inh 3 mg,0.0,2026,Procedure,CMS
J7604,Acetylcysteine comp unit,0.0,2026,Procedure,CMS
J7605,Arformoterol non-comp unit,0.0,2026,Procedure,CMS
J7606,"Formoterol fumarate, inh",0.0,2026,Procedure,CMS
J7607,Levalbuterol comp con,0.0,2026,Procedure,CMS
J7608,Acetylcysteine non-comp unit,0.0,2026,Procedure,CMS
J7609,Albuterol comp unit,0.0,2026,Procedure,CMS
J7610,Albuterol comp con,0.0,2026,Procedure,CMS
J7611,Albuterol non-comp con,0.0,2026,Procedure,CMS
J7612,Levalbuterol non-comp con,0.0,2026,Procedure,CMS
J7613,Albuterol non-comp unit,0.0,2026,Procedure,CMS
J7614,Levalbuterol non-comp unit,0.0,2026,Procedure,CMS
J7615,Levalbuterol comp unit,0.0,2026,Procedure,CMS
J7620,Albuterol ipratrop non-comp,0.0,2026,Procedure,CMS
J7622,Beclomethasone comp unit,0.0,2026,Procedure,CMS
J7624,Betamethasone comp unit,0.0,2026,Procedure,CMS
J7626,Budesonide non-comp unit,0.0,2026,Procedure,CMS
J7627,Budesonide comp unit,0.0,2026,Procedure,CMS
J7628,Bitolterol mesylate comp con,0.0,2026,Procedure,CMS
J7629,Bitolterol mesylate comp unt,0.0,2026,Procedure,CMS
J7631,Cromolyn sodium noncomp unit,0.0,2026,Procedure,CMS
J7632,Cromolyn sodium comp unit,0.0,2026,Procedure,CMS
J7633,Budesonide non-comp con,0.0,2026,Procedure,CMS
J7634,Budesonide comp con,0.0,2026,Procedure,CMS
J7635,Atropine comp con,0.0,2026,Procedure,CMS
J7636,Atropine comp unit,0.0,2026,Procedure,CMS
J7637,Dexamethasone comp con,0.0,2026,Procedure,CMS
J7638,Dexamethasone comp unit,0.0,2026,Procedure,CMS
J7639,Dornase alfa non-comp unit,0.0,2026,Procedure,CMS
J7640,Formoterol comp unit,0.0,2026,Procedure,CMS
J7641,Flunisolide comp unit,0.0,2026,Procedure,CMS
J7642,Glycopyrrolate comp con,0.0,2026,Procedure,CMS
J7643,Glycopyrrolate comp unit,0.0,2026,Procedure,CMS
J7644,Ipratropium bromide non-comp,0.0,2026,Procedure,CMS
J7645,Ipratropium bromide comp,0.0,2026,Procedure,CMS
J7647,Isoetharine comp con,0.0,2026,Procedure,CMS
J7648,Isoetharine non-comp con,0.0,2026,Procedure,CMS
J7649,Isoetharine non-comp unit,0.0,2026,Procedure,CMS
J7650,Isoetharine comp unit,0.0,2026,Procedure,CMS
J7657,Isoproterenol comp con,0.0,2026,Procedure,CMS
J7658,Isoproterenol non-comp con,0.0,2026,Procedure,CMS
J7659,Isoproterenol non-comp unit,0.0,2026,Procedure,CMS
J7660,Isoproterenol comp unit,0.0,2026,Procedure,CMS
J7665,Mannitol for inhaler,0.0,2026,Procedure,CMS
J7667,Metaproterenol comp con,0.0,2026,Procedure,CMS
J7668,Metaproterenol non-comp con,0.0,2026,Procedure,CMS
J7669,Metaproterenol non-comp unit,0.0,2026,Procedure,CMS
J7670,Metaproterenol comp unit,0.0,2026,Procedure,CMS
J7674,"Methacholine chloride, neb",0.0,2026,Procedure,CMS
J7676,Pentamidine comp unit dose,0.0,2026,Procedure,CMS
J7677,Revefenacin inh non-com 1mcg,0.0,2026,Procedure,CMS
J7680,Terbutaline sulf comp con,0.0,2026,Procedure,CMS
J7681,Terbutaline sulf comp unit,0.0,2026,Procedure,CMS
J7682,Tobramycin non-comp unit,0.0,2026,Procedure,CMS
J7683,Triamcinolone comp con,0.0,2026,Procedure,CMS
J7684,Triamcinolone comp unit,0.0,2026,Procedure,CMS
J7685,Tobramycin comp unit,0.0,2026,Procedure,CMS
J7686,"Treprostinil, non-comp unit",0.0,2026,Procedure,CMS
J7699,Inhalation solution for dme,0.0,2026,Procedure,CMS
J7799,Non-inhalation drug for dme,0.0,2026,Procedure,CMS
J7999,"Compounded drug, noc",0.0,2026,Procedure,CMS
J8498,Antiemetic rectal/supp nos,0.0,2026,Procedure,CMS
J8499,Oral prescrip drug non chemo,0.0,2026,Procedure,CMS
J8501,Oral aprepitant,0.0,2026,Procedure,CMS
J8510,Oral busulfan,0.0,2026,Procedure,CMS
J8515,"Cabergoline, oral 0.25mg",0.0,2026,Procedure,CMS
J8522,"Capecitabine, oral, 50 mg",0.0,2026,Procedure,CMS
J8530,Cyclophosphamide oral 25 mg,0.0,2026,Procedure,CMS
J8540,Oral dexamethasone,0.0,2026,Procedure,CMS
J8541,"Oral, hemady, 0.25 mg",0.0,2026,Procedure,CMS
J8560,Etoposide oral 50 mg,0.0,2026,Procedure,CMS
J8565,Gefitinib oral,0.0,2026,Procedure,CMS
J8597,Antiemetic drug oral nos,0.0,2026,Procedure,CMS
J8600,Melphalan oral 2 mg,0.0,2026,Procedure,CMS
J8610,Methotrexate oral 2.5 mg,0.0,2026,Procedure,CMS
J8611,Oral methotrexate (jylamvo),0.0,2026,Procedure,CMS
J8612,Oral methotrexate (xatmep),0.0,2026,Procedure,CMS
J8655,"Oral netupitant, palonosetro",0.0,2026,Procedure,CMS
J8670,"Rolapitant, oral, 1mg",0.0,2026,Procedure,CMS
J8700,Temozolomide,0.0,2026,Procedure,CMS
J8705,Topotecan oral,0.0,2026,Procedure,CMS
J8999,Oral prescription drug chemo,0.0,2026,Procedure,CMS
J9000,Doxorubicin hcl injection,0.0,2026,Procedure,CMS
J9011,"Datopotamab deruxtecan, 1 mg",0.0,2026,Procedure,CMS
J9015,Aldesleukin injection,0.0,2026,Procedure,CMS
J9017,Arsenic trioxide injection,0.0,2026,Procedure,CMS
J9021,"Inj, aspara, rylaze, 0.1 mg",0.0,2026,Procedure,CMS
J9022,"Inj, atezolizumab,10 mg",0.0,2026,Procedure,CMS
J9023,"Injection, avelumab, 10 mg",0.0,2026,Procedure,CMS
J9024,Inj atezolizumb 5mg hya-tqjs,0.0,2026,Procedure,CMS
J9025,Azacitidine injection,0.0,2026,Procedure,CMS
J9026,"Inj, tarlatamab-dlle, 1 mg",0.0,2026,Procedure,CMS
J9027,Clofarabine injection,0.0,2026,Procedure,CMS
J9028,"Inj, nogapendekin pmln, 1mcg",0.0,2026,Procedure,CMS
J9029,"Instill adstiladrin, tx dose",0.0,2026,Procedure,CMS
J9030,Bcg live intravesical 1mg,0.0,2026,Procedure,CMS
J9032,"Injection, belinostat, 10mg",0.0,2026,Procedure,CMS
J9033,"Inj, bendamustine hcl, 1mg",0.0,2026,Procedure,CMS
J9034,"Inj., bendeka 1 mg",0.0,2026,Procedure,CMS
J9035,Bevacizumab injection,0.0,2026,Procedure,CMS
J9036,Inj. belrapzo/bendamustine,0.0,2026,Procedure,CMS
J9038,Inj axatilimab-csfr 0.1 mg,0.0,2026,Procedure,CMS
J9039,"Injection, blinatumomab",0.0,2026,Procedure,CMS
J9040,Bleomycin sulfate injection,0.0,2026,Procedure,CMS
J9041,"Injection, bortezomib, 0.1mg",0.0,2026,Procedure,CMS
J9042,Brentuximab vedotin inj,0.0,2026,Procedure,CMS
J9043,Cabazitaxel injection,0.0,2026,Procedure,CMS
J9045,Carboplatin injection,0.0,2026,Procedure,CMS
J9046,"Inj, bortezomib, dr. reddy's",0.0,2026,Procedure,CMS
J9047,"Injection, carfilzomib, 1 mg",0.0,2026,Procedure,CMS
J9048,"Inj, bortezomib freseniuskab",0.0,2026,Procedure,CMS
J9049,"Inj, bortezomib, hospira",0.0,2026,Procedure,CMS
J9050,Carmustine injection,0.0,2026,Procedure,CMS
J9051,"Inj, bortezomib (maia)",0.0,2026,Procedure,CMS
J9052,"Inj, carmustine (accord)",0.0,2026,Procedure,CMS
J9054,Inj bortezomib boruzu 0.1 mg,0.0,2026,Procedure,CMS
J9055,Cetuximab injection,0.0,2026,Procedure,CMS
J9056,"Inj, vivimusta, 1 mg",0.0,2026,Procedure,CMS
J9057,"Inj., copanlisib, 1 mg",0.0,2026,Procedure,CMS
J9060,Cisplatin 10 mg injection,0.0,2026,Procedure,CMS
J9061,"Inj, amivantamab-vmjw",0.0,2026,Procedure,CMS
J9063,"Inj, elahere, 1 mg",0.0,2026,Procedure,CMS
J9064,"Inj, cabazitaxel (sandoz)",0.0,2026,Procedure,CMS
J9065,Inj cladribine per 1 mg,0.0,2026,Procedure,CMS
J9071,Inj cyclophosphamd auromedic,0.0,2026,Procedure,CMS
J9072,Inj cyclophos frindovyx 5 mg,0.0,2026,Procedure,CMS
J9073,Inj cyclophos dr reddys 5 mg,0.0,2026,Procedure,CMS
J9074,"Inj, cyclophosphamd, sandoz",0.0,2026,Procedure,CMS
J9075,"Inj, cyclophosphamide, nos",0.0,2026,Procedure,CMS
J9076,"Inj, cyclophos (baxter) 5mg",0.0,2026,Procedure,CMS
J9100,Cytarabine hcl 100 mg inj,0.0,2026,Procedure,CMS
J9118,Inj. calaspargase pegol-mknl,0.0,2026,Procedure,CMS
J9119,"Inj., cemiplimab-rwlc, 1 mg",0.0,2026,Procedure,CMS
J9120,Dactinomycin injection,0.0,2026,Procedure,CMS
J9130,Dacarbazine 100 mg inj,0.0,2026,Procedure,CMS
J9144,"Daratumumab, hyaluronidase",0.0,2026,Procedure,CMS
J9145,"Injection, daratumumab 10 mg",0.0,2026,Procedure,CMS
J9150,Daunorubicin injection,0.0,2026,Procedure,CMS
J9153,"Inj daunorubicin, cytarabine",0.0,2026,Procedure,CMS
J9155,Degarelix injection,0.0,2026,Procedure,CMS
J9161,Inj denileuk difti-cxdl 1mcg,0.0,2026,Procedure,CMS
J9171,Docetaxel injection,0.0,2026,Procedure,CMS
J9172,"Docetaxel (docivyx), 1 mg",0.0,2026,Procedure,CMS
J9173,"Inj., durvalumab, 10 mg",0.0,2026,Procedure,CMS
J9174,"Inj, docetaxel (beizray) 1mg",0.0,2026,Procedure,CMS
J9175,Elliotts b solution per ml,0.0,2026,Procedure,CMS
J9176,"Injection, elotuzumab, 1mg",0.0,2026,Procedure,CMS
J9177,Inj enfort vedo-ejfv 0.25mg,0.0,2026,Procedure,CMS
J9178,"Inj, epirubicin hcl, 2 mg",0.0,2026,Procedure,CMS
J9179,Eribulin mesylate injection,0.0,2026,Procedure,CMS
J9181,Etoposide injection,0.0,2026,Procedure,CMS
J9184,Inj gemcitabin (avyxa) 200mg,0.0,2026,Procedure,CMS
J9185,Fludarabine phosphate inj,0.0,2026,Procedure,CMS
J9190,Fluorouracil injection,0.0,2026,Procedure,CMS
J9196,Inj gemcitabine hcl (accord),0.0,2026,Procedure,CMS
J9198,"Inj. infugem, 100 mg",0.0,2026,Procedure,CMS
J9200,Floxuridine injection,0.0,2026,Procedure,CMS
J9201,In gemcitabine hcl nos 200mg,0.0,2026,Procedure,CMS
J9202,Goserelin acetate implant,0.0,2026,Procedure,CMS
J9203,Gemtuzumab ozogamicin 0.1 mg,0.0,2026,Procedure,CMS
J9204,"Inj mogamulizumab-kpkc, 1 mg",0.0,2026,Procedure,CMS
J9205,Inj irinotecan liposome 1 mg,0.0,2026,Procedure,CMS
J9206,Irinotecan injection,0.0,2026,Procedure,CMS
J9207,Ixabepilone injection,0.0,2026,Procedure,CMS
J9208,Ifosfamide injection,0.0,2026,Procedure,CMS
J9209,Mesna injection,0.0,2026,Procedure,CMS
J9210,"Inj., emapalumab-lzsg, 1 mg",0.0,2026,Procedure,CMS
J9211,Idarubicin hcl injection,0.0,2026,Procedure,CMS
J9213,Interferon alfa-2a inj,0.0,2026,Procedure,CMS
J9214,Interferon alfa-2b inj,0.0,2026,Procedure,CMS
J9215,Interferon alfa-n3 inj,0.0,2026,Procedure,CMS
J9216,Interferon gamma 1-b inj,0.0,2026,Procedure,CMS
J9217,Leuprolide acetate suspnsion,0.0,2026,Procedure,CMS
J9218,Leuprolide acetate injeciton,0.0,2026,Procedure,CMS
J9219,Leuprolide acetate implant,0.0,2026,Procedure,CMS
J9220,Indigotindisulfonate sod 1mg,0.0,2026,Procedure,CMS
J9223,"Inj. lurbinectedin, 0.1 mg",0.0,2026,Procedure,CMS
J9225,Vantas implant,0.0,2026,Procedure,CMS
J9226,Supprelin la implant,0.0,2026,Procedure,CMS
J9227,Inj. isatuximab-irfc 10 mg,0.0,2026,Procedure,CMS
J9228,Ipilimumab injection,0.0,2026,Procedure,CMS
J9229,Inj inotuzumab ozogam 0.1 mg,0.0,2026,Procedure,CMS
J9230,Mechlorethamine hcl inj,0.0,2026,Procedure,CMS
J9245,Inj melpha hydroch nos 50 mg,0.0,2026,Procedure,CMS
J9246,"Inj., evomela, 1 mg",0.0,2026,Procedure,CMS
J9248,Inj melphalan (hepzato) 1 mg,0.0,2026,Procedure,CMS
J9249,"Inj, melphalan (apotex) 1 mg",0.0,2026,Procedure,CMS
J9255,"Inj, methotrexate (accord)",0.0,2026,Procedure,CMS
J9256,"Inj, nipocalimab-aahu, 3 mg",0.0,2026,Procedure,CMS
J9260,Inj methotrexate sodium 50mg,0.0,2026,Procedure,CMS
J9261,Nelarabine injection,0.0,2026,Procedure,CMS
J9262,"Inj, omacetaxine mep, 0.01mg",0.0,2026,Procedure,CMS
J9263,Oxaliplatin,0.0,2026,Procedure,CMS
J9264,Paclitaxel protein bound,0.0,2026,Procedure,CMS
J9266,Pegaspargase injection,0.0,2026,Procedure,CMS
J9267,Paclitaxel injection,0.0,2026,Procedure,CMS
J9268,Pentostatin injection,0.0,2026,Procedure,CMS
J9269,Inj. tagraxofusp-erzs 10 mcg,0.0,2026,Procedure,CMS
J9271,Inj pembrolizumab,0.0,2026,Procedure,CMS
J9272,"Inj, dostarlimab-gxly, 10 mg",0.0,2026,Procedure,CMS
J9273,"Inj tisotu vedotin-tftv, 1mg",0.0,2026,Procedure,CMS
J9274,"Inj, tebentafusp-tebn, 1 mcg",0.0,2026,Procedure,CMS
J9275,"Inj cosibelimab-ipdl, 2 mg",0.0,2026,Procedure,CMS
J9276,"Inj zanidatamab-hrii, 2 mg",0.0,2026,Procedure,CMS
J9280,Mitomycin injection,0.0,2026,Procedure,CMS
J9281,Mitomycin instillation,0.0,2026,Procedure,CMS
J9282,Mitomycin intravesical inst,0.0,2026,Procedure,CMS
J9285,"Inj, olaratumab, 10 mg",0.0,2026,Procedure,CMS
J9286,"Inj glofitamab gxbm, 2.5 mg",0.0,2026,Procedure,CMS
J9289,Inj nivolumab 2 mg hyaluron,0.0,2026,Procedure,CMS
J9292,"Inj, pemetrexed dipotassium",0.0,2026,Procedure,CMS
J9293,Mitoxantrone hydrochl / 5 mg,0.0,2026,Procedure,CMS
J9294,"Inj pemetrexed, hospira 10mg",0.0,2026,Procedure,CMS
J9295,"Injection, necitumumab, 1 mg",0.0,2026,Procedure,CMS
J9296,Inj pemetrexed (accord) 10mg,0.0,2026,Procedure,CMS
J9297,Inj pemetrexed (sandoz) 10mg,0.0,2026,Procedure,CMS
J9298,Inj nivol relatlimab 3mg/1mg,0.0,2026,Procedure,CMS
J9299,"Injection, nivolumab",0.0,2026,Procedure,CMS
J9301,Obinutuzumab inj,0.0,2026,Procedure,CMS
J9302,Ofatumumab injection,0.0,2026,Procedure,CMS
J9303,Panitumumab injection,0.0,2026,Procedure,CMS
J9304,"Inj. pemetrexed, 10 mg",0.0,2026,Procedure,CMS
J9305,Inj. pemetrexed nos 10mg,0.0,2026,Procedure,CMS
J9306,"Injection, pertuzumab, 1 mg",0.0,2026,Procedure,CMS
J9307,Pralatrexate injection,0.0,2026,Procedure,CMS
J9308,"Injection, ramucirumab",0.0,2026,Procedure,CMS
J9309,"Inj, polatuzumab vedotin 1mg",0.0,2026,Procedure,CMS
J9311,"Inj rituximab, hyaluronidase",0.0,2026,Procedure,CMS
J9312,"Inj., rituximab, 10 mg",0.0,2026,Procedure,CMS
J9313,"Inj., lumoxiti, 0.01 mg",0.0,2026,Procedure,CMS
J9314,Inj pemetrexed (teva) 10mg,0.0,2026,Procedure,CMS
J9316,"Pertuzu, trastuzu, 10 mg",0.0,2026,Procedure,CMS
J9317,Sacituzumab govitecan-hziy,0.0,2026,Procedure,CMS
J9318,Inj romidepsin non-lyo 0.1mg,0.0,2026,Procedure,CMS
J9319,Inj romidepsin lyophil 0.1mg,0.0,2026,Procedure,CMS
J9320,Streptozocin injection,0.0,2026,Procedure,CMS
J9321,Inj epcoritamab-bysp 0.16 mg,0.0,2026,Procedure,CMS
J9322,Inj pemetrexed (bluepoint),0.0,2026,Procedure,CMS
J9323,Inj pemetrexed ditromethamin,0.0,2026,Procedure,CMS
J9324,"Inj, pemrydi rtu, 10 mg",0.0,2026,Procedure,CMS
J9325,Inj talimogene laherparepvec,0.0,2026,Procedure,CMS
J9326,Telisotuzumab vedotin-tllv,0.0,2026,Procedure,CMS
J9328,Temozolomide injection,0.0,2026,Procedure,CMS
J9329,"Inj, tislelizumab-jsgr",0.0,2026,Procedure,CMS
J9330,Temsirolimus injection,0.0,2026,Procedure,CMS
J9331,Inj sirolimus prot part 1 mg,0.0,2026,Procedure,CMS
J9332,Inj efgartigimod 2mg,0.0,2026,Procedure,CMS
J9333,Inj rozanolixizum-noli 1 mg,0.0,2026,Procedure,CMS
J9334,Inj efgart-alfa 2mg hya-qvfc,0.0,2026,Procedure,CMS
J9341,Inj thiotepa (tepylute) 1 mg,0.0,2026,Procedure,CMS
J9342,Inj thiotepa nos 1 mg,0.0,2026,Procedure,CMS
J9345,"Inj, retifanlimab-dlwr, 1 mg",0.0,2026,Procedure,CMS
J9347,"Inj, tremelimumab-actl, 1 mg",0.0,2026,Procedure,CMS
J9348,"Inj. naxitamab-gqgk, 1 mg",0.0,2026,Procedure,CMS
J9349,"Inj., tafasitamab-cxix",0.0,2026,Procedure,CMS
J9350,"Inj mosunetuzumab-axgb, 1 mg",0.0,2026,Procedure,CMS
J9351,Topotecan injection,0.0,2026,Procedure,CMS
J9352,Injection trabectedin 0.1mg,0.0,2026,Procedure,CMS
J9353,"Inj. margetuximab-cmkb, 5 mg",0.0,2026,Procedure,CMS
J9354,"Inj, ado-trastuzumab emt 1mg",0.0,2026,Procedure,CMS
J9355,Inj trastuzumab excl biosimi,0.0,2026,Procedure,CMS
J9356,"Inj. herceptin hylecta, 10mg",0.0,2026,Procedure,CMS
J9357,Valrubicin injection,0.0,2026,Procedure,CMS
J9358,Inj fam-trastu deru-nxki 1mg,0.0,2026,Procedure,CMS
J9359,Inj lon tesirin-lpyl 0.075mg,0.0,2026,Procedure,CMS
J9360,Vinblastine sulfate inj,0.0,2026,Procedure,CMS
J9361,"Inj, efbemalenograstim alfa-",0.0,2026,Procedure,CMS
J9370,Vincristine sulfate 1 mg inj,0.0,2026,Procedure,CMS
J9376,"Inj pozelimab-bbfg, 1 mg",0.0,2026,Procedure,CMS
J9380,Inj teclistamab cqyv 0.5 mg,0.0,2026,Procedure,CMS
J9381,Inj teplizumab mzwv 5 mcg,0.0,2026,Procedure,CMS
J9382,Inj zenocutuzumab-zbco 1 mg,0.0,2026,Procedure,CMS
J9390,Vinorelbine tartrate inj,0.0,2026,Procedure,CMS
J9393,"Inj, fulvestrant (teva)",0.0,2026,Procedure,CMS
J9394,"Inj, fulvestrant (fresenius)",0.0,2026,Procedure,CMS
J9395,"Injection, fulvestrant",0.0,2026,Procedure,CMS
J9400,"Inj, ziv-aflibercept, 1mg",0.0,2026,Procedure,CMS
J9600,Porfimer sodium injection,0.0,2026,Procedure,CMS
J9999,Chemotherapy drug,0.0,2026,Procedure,CMS
M0001,Advancing cancer care mvp,0.0,2026,Procedure,CMS
M0002,Opt care kidney hlth mvp,0.0,2026,Procedure,CMS
M0004,Qual care neurologic cnd mvp,0.0,2026,Procedure,CMS
M0005,Value in primary care mvp,0.0,2026,Procedure,CMS
M0010,Eom meos payment,0.0,2026,Procedure,CMS
M0075,Cellular therapy,0.0,2026,Procedure,CMS
M0076,Prolotherapy,0.0,2026,Procedure,CMS
M0100,Intragastric hypothermia,0.0,2026,Procedure,CMS
M0201,Pne flu hepb cov home admin,0.0,2026,Procedure,CMS
M0224,Pemivibart infusion,0.0,2026,Procedure,CMS
M0235,"Intrav inf, mon anti, fir do",0.0,2026,Procedure,CMS
M0236,"Intrav inf, mon anti, sec do",0.0,2026,Procedure,CMS
M0237,"Intrav inf, toci, first dose",0.0,2026,Procedure,CMS
M0238,"Intrav inf, toci, second dos",0.0,2026,Procedure,CMS
M0249,Adm tocilizu covid-19 1st,0.0,2026,Procedure,CMS
M0250,Adm tocilizu covid-19 2nd,0.0,2026,Procedure,CMS
M0300,Iv chelationtherapy,0.0,2026,Procedure,CMS
M0301,Fabric wrapping of aneurysm,0.0,2026,Procedure,CMS
M1003,Tb scr 12 mo pri fst bio dz,0.0,2026,Procedure,CMS
M1004,Doc med rsn no srn tb,0.0,2026,Procedure,CMS
M1005,Tb scr no perf,0.0,2026,Procedure,CMS
M1006,"Dz not ases, no rsn",0.0,2026,Procedure,CMS
M1007,>=50% total pt outpt ra enct,0.0,2026,Procedure,CMS
M1008,<50% total pt outpt ra encts,0.0,2026,Procedure,CMS
M1009,Dc eoc doc med rec,0.0,2026,Procedure,CMS
M1010,Dc eoc doc med rec,0.0,2026,Procedure,CMS
M1011,Dc eoc doc med rec,0.0,2026,Procedure,CMS
M1012,Dc eoc doc med rec,0.0,2026,Procedure,CMS
M1013,Dc eoc doc med rec,0.0,2026,Procedure,CMS
M1014,Dc epi care doc medrec,0.0,2026,Procedure,CMS
M1016,Pt dx meop or sur steri,0.0,2026,Procedure,CMS
M1018,Pt dx hst cr pt sk lg cr scr,0.0,2026,Procedure,CMS
M1019,Adl pt mj dep ds rs 12 phq<5,0.0,2026,Procedure,CMS
M1020,Adl pt mj dep ds no rs 12 mo,0.0,2026,Procedure,CMS
M1021,Pt uc in pp,0.0,2026,Procedure,CMS
M1027,Img head (ct or mri) obtnd,0.0,2026,Procedure,CMS
M1028,Doc of pt prm hda dx and otr,0.0,2026,Procedure,CMS
M1029,Doc sysm rsn img hd,0.0,2026,Procedure,CMS
M1032,Adt tkng pharmthry for oud,0.0,2026,Procedure,CMS
M1034,Adt 180 dys pharmthry oud,0.0,2026,Procedure,CMS
M1035,Adt pd out mat pr 180 dys tx,0.0,2026,Procedure,CMS
M1036,Adt no 180 dys pharmthry oud,0.0,2026,Procedure,CMS
M1037,Pt dx lum sp reg cacr,0.0,2026,Procedure,CMS
M1038,Pt dx lum sp reg fract,0.0,2026,Procedure,CMS
M1039,Pt dx lum sp reg inf,0.0,2026,Procedure,CMS
M1040,Pt dx lum idi or cong scol,0.0,2026,Procedure,CMS
M1041,Pt cr ft inf lm or pt id sl,0.0,2026,Procedure,CMS
M1043,Fs no odi 9-15mo,0.0,2026,Procedure,CMS
M1045,Fs oks 9-15mo >= 37 >= 71,0.0,2026,Procedure,CMS
M1046,Fs oks 9-15mo < 37 < 71,0.0,2026,Procedure,CMS
M1049,Fs wth scr no odi pre and p,0.0,2026,Procedure,CMS
M1051,Pt w/cancer scoliosis,0.0,2026,Procedure,CMS
M1052,Lg pn not meas w/ vas 1yr po,0.0,2026,Procedure,CMS
M1054,Pt uc in pp,0.0,2026,Procedure,CMS
M1055,Aspirin used,0.0,2026,Procedure,CMS
M1056,Presc antico med in pp,0.0,2026,Procedure,CMS
M1057,"Aspirin not used, no rsn",0.0,2026,Procedure,CMS
M1058,Pt prm nurs hm res in pp,0.0,2026,Procedure,CMS
M1059,Pt no prm nurs hm res in pp,0.0,2026,Procedure,CMS
M1060,Pt died in pp,0.0,2026,Procedure,CMS
M1067,Hspc pt prv time meam per,0.0,2026,Procedure,CMS
M1068,Pt not ambulatory,0.0,2026,Procedure,CMS
M1069,Pt scr ft fall rsk,0.0,2026,Procedure,CMS
M1070,Pt not scrn fut fall no rsn,0.0,2026,Procedure,CMS
M1106,Start eoc doc med rec,0.0,2026,Procedure,CMS
M1107,Docu dx degen neuro,0.0,2026,Procedure,CMS
M1108,Oc ni pt home prog,0.0,2026,Procedure,CMS
M1109,Oc ni pt dc,0.0,2026,Procedure,CMS
M1110,Oc not p pt selfdc,0.0,2026,Procedure,CMS
M1111,Start eoc doc med rec,0.0,2026,Procedure,CMS
M1112,Docu dx degen neuro,0.0,2026,Procedure,CMS
M1113,Oc ni pt home prog,0.0,2026,Procedure,CMS
M1114,Oc ni pt dc,0.0,2026,Procedure,CMS
M1115,Oc ni pt selfdc,0.0,2026,Procedure,CMS
M1116,Start eoc doc med rec,0.0,2026,Procedure,CMS
M1117,Docu dx degen neuro,0.0,2026,Procedure,CMS
M1118,Oc ni pt home prog,0.0,2026,Procedure,CMS
M1119,Oc ni pt dc,0.0,2026,Procedure,CMS
M1120,Oc ni pt selfdc,0.0,2026,Procedure,CMS
M1121,Start eoc doc med rec,0.0,2026,Procedure,CMS
M1122,Docu dx degen neuro,0.0,2026,Procedure,CMS
M1123,Oc ni pt home prog,0.0,2026,Procedure,CMS
M1124,Oc ni pt dc 1-2 vis,0.0,2026,Procedure,CMS
M1125,Oc ni pt selfdc 1-2 vis,0.0,2026,Procedure,CMS
M1126,Start eoc doc med rec,0.0,2026,Procedure,CMS
M1127,Docu dx degen neuro,0.0,2026,Procedure,CMS
M1128,Oc ni pt home prog,0.0,2026,Procedure,CMS
M1129,Oc ni pt dc,0.0,2026,Procedure,CMS
M1130,Oc ni pt selfdc,0.0,2026,Procedure,CMS
M1131,Docu dx degen neuro,0.0,2026,Procedure,CMS
M1132,Oc ni pt home prog,0.0,2026,Procedure,CMS
M1133,Oc ni pt dc,0.0,2026,Procedure,CMS
M1134,Oc ni pt selfdc,0.0,2026,Procedure,CMS
M1135,Start eoc doc med rec,0.0,2026,Procedure,CMS
M1141,Fs no oks,0.0,2026,Procedure,CMS
M1142,Emerge cases,0.0,2026,Procedure,CMS
M1143,Ni rehab med chiro,0.0,2026,Procedure,CMS
M1146,Ongoing care not ind,0.0,2026,Procedure,CMS
M1147,Care not poss med rsn,0.0,2026,Procedure,CMS
M1148,Pt self dschg,0.0,2026,Procedure,CMS
M1149,No neck fs prom incap,0.0,2026,Procedure,CMS
M1150,Lvef <=40% or mod/sev l vsf,0.0,2026,Procedure,CMS
M1151,Pt w/ hx trnsplt or lvad,0.0,2026,Procedure,CMS
M1152,Pt w/ hx trnsplt or lvad,0.0,2026,Procedure,CMS
M1153,Pt w/ dx osteo doe,0.0,2026,Procedure,CMS
M1159,Hospc serv dur meas pd,0.0,2026,Procedure,CMS
M1160,Pt anphx due to mengb bef 13,0.0,2026,Procedure,CMS
M1161,Pt anphx due to dtp bef 13,0.0,2026,Procedure,CMS
M1162,Pt enceph due to dtp bef 13,0.0,2026,Procedure,CMS
M1163,Pt anphx due to hpv bef 13,0.0,2026,Procedure,CMS
M1164,Pt w/ dementia any time,0.0,2026,Procedure,CMS
M1165,Pt use hspc dur meas pd,0.0,2026,Procedure,CMS
M1166,Path rpt tis spec wle/reexc,0.0,2026,Procedure,CMS
M1167,Hspc dur meas pd,0.0,2026,Procedure,CMS
M1168,Pt recd flu vax 7/1-6/30,0.0,2026,Procedure,CMS
M1169,Doc med rsn no flu vax,0.0,2026,Procedure,CMS
M1170,Pt w/o flu vax 7/1-6/30,0.0,2026,Procedure,CMS
M1171,Pt recd 1 td/tdap 9yrs prior,0.0,2026,Procedure,CMS
M1172,Doc med rsn no td/tdap,0.0,2026,Procedure,CMS
M1173,Pt no rec td/tdap 9yrs prior,0.0,2026,Procedure,CMS
M1174,Pt w/ 2 hzv 10/2017 - mp,0.0,2026,Procedure,CMS
M1175,Doc med rsn no hzv,0.0,2026,Procedure,CMS
M1176,No 2 hzv 10/2017-meas pd,0.0,2026,Procedure,CMS
M1177,Pt recd pcv on/aft 19,0.0,2026,Procedure,CMS
M1178,Doc med rsn no pcv,0.0,2026,Procedure,CMS
M1179,No pcv recd,0.0,2026,Procedure,CMS
M1180,Pt imm ckpt inhib therapy,0.0,2026,Procedure,CMS
M1181,Gr 2 or> dia or gr2 or> col,0.0,2026,Procedure,CMS
M1182,Not elg pre ex ibd/uc/crohn,0.0,2026,Procedure,CMS
M1183,Doc imm ckpt inhib hld,0.0,2026,Procedure,CMS
M1184,Doc med rsn no cst/ist rx,0.0,2026,Procedure,CMS
M1185,Imm ckpt inhib not hld no rx,0.0,2026,Procedure,CMS
M1186,Pt w/ rx for hspc/plltv care,0.0,2026,Procedure,CMS
M1187,Pt w/ esrd,0.0,2026,Procedure,CMS
M1188,Pt w/ ckd stg 5,0.0,2026,Procedure,CMS
M1189,Doc khe pef w/efgr/uacr,0.0,2026,Procedure,CMS
M1190,Doc khe not pef w/efgr/uacr,0.0,2026,Procedure,CMS
M1191,Hspc svc any time in meas pd,0.0,2026,Procedure,CMS
M1192,Pt w/ dx sq cell ca of esoph,0.0,2026,Procedure,CMS
M1193,Rpts w/ imp/con mmr/msi,0.0,2026,Procedure,CMS
M1194,Med rsn no imp/con mmr/msi,0.0,2026,Procedure,CMS
M1195,Rpt wo imp/con mmr/msi,0.0,2026,Procedure,CMS
M1196,Ixv nrs vrs iqa >=4,0.0,2026,Procedure,CMS
M1197,Isa reduced >=3 fr ixv,0.0,2026,Procedure,CMS
M1198,Isa not red 3pts /no assess,0.0,2026,Procedure,CMS
M1199,Pt rec'g rrt,0.0,2026,Procedure,CMS
M1200,Ace-i/arb rx,0.0,2026,Procedure,CMS
M1201,Med rsn no ace-i/arb rx,0.0,2026,Procedure,CMS
M1202,Pt rsn no ace-i/arb rx,0.0,2026,Procedure,CMS
M1203,No rsn ace-i/arb rx,0.0,2026,Procedure,CMS
M1204,Ixv nrs vrs iqa >=4,0.0,2026,Procedure,CMS
M1205,Isa reduced >=3,0.0,2026,Procedure,CMS
M1206,Isa not red 3pts/no assess,0.0,2026,Procedure,CMS
M1207,Pt scrn sdoh,0.0,2026,Procedure,CMS
M1208,Pt no scrn sdoh,0.0,2026,Procedure,CMS
M1209,>=2 same hi-rsk med w/o diag,0.0,2026,Procedure,CMS
M1210,>=2 same meds tbl4 not ord,0.0,2026,Procedure,CMS
M1211,Gsa level>9.0%,0.0,2026,Procedure,CMS
M1212,Missing gsa not perf,0.0,2026,Procedure,CMS
M1213,No hx spiro prs spiro>=70%,0.0,2026,Procedure,CMS
M1214,Spiro results wth obs doc,0.0,2026,Procedure,CMS
M1215,Med rsn for no doc spiro,0.0,2026,Procedure,CMS
M1216,No spiro doc no res doc,0.0,2026,Procedure,CMS
M1217,Sys rsn no doc spiro,0.0,2026,Procedure,CMS
M1218,Pt copd symptoms,0.0,2026,Procedure,CMS
M1220,Dre wth interp rtnopthy,0.0,2026,Procedure,CMS
M1221,Dre w/o rtnopthy,0.0,2026,Procedure,CMS
M1222,Glaucoma pln of care not doc,0.0,2026,Procedure,CMS
M1223,Glaucoma plan of care doc,0.0,2026,Procedure,CMS
M1224,Iop dec <20% from base,0.0,2026,Procedure,CMS
M1225,Iop dec>=20% from base,0.0,2026,Procedure,CMS
M1226,Iop not doc,0.0,2026,Procedure,CMS
M1227,Eb therapy prescribed,0.0,2026,Procedure,CMS
M1228,Pt + hcv aby +vir w/ rx 3 mo,0.0,2026,Procedure,CMS
M1229,Pt w/ +hcv +vir ref win 1 mo,0.0,2026,Procedure,CMS
M1230,Pt hcv rctv aby no f/u tst,0.0,2026,Procedure,CMS
M1231,Pt hcv tst no reactive res,0.0,2026,Procedure,CMS
M1232,Pt hcv tst reactive result,0.0,2026,Procedure,CMS
M1233,Pt no hcv aby or result,0.0,2026,Procedure,CMS
M1234,Pt hcv rctv aby f/u neg,0.0,2026,Procedure,CMS
M1235,Doc pt hcv aby rna tst,0.0,2026,Procedure,CMS
M1236,Baseline mrs > 2,0.0,2026,Procedure,CMS
M1237,Pt rsn no scrn,0.0,2026,Procedure,CMS
M1238,Doc 2nd recom hzv 2-6 mo int,0.0,2026,Procedure,CMS
M1239,Pt no resp heard,0.0,2026,Procedure,CMS
M1240,Pt no resp best int,0.0,2026,Procedure,CMS
M1241,Pt no resp seen as person,0.0,2026,Procedure,CMS
M1242,Pt no resp imprt to me,0.0,2026,Procedure,CMS
M1243,Pt othr thn true heard,0.0,2026,Procedure,CMS
M1244,Pt othr thn true best int,0.0,2026,Procedure,CMS
M1245,Pt othr thn true person,0.0,2026,Procedure,CMS
M1246,Pt othr thn true imprt to me,0.0,2026,Procedure,CMS
M1247,Pt resp true best int,0.0,2026,Procedure,CMS
M1248,Pt resp true seen as person,0.0,2026,Procedure,CMS
M1249,Pt resp true imprt to me,0.0,2026,Procedure,CMS
M1250,Pt resp true heard,0.0,2026,Procedure,CMS
M1251,Pts proxy cmplt hu surv,0.0,2026,Procedure,CMS
M1252,Pts no cmplt hu survey,0.0,2026,Procedure,CMS
M1253,Pts hu surv no amb plltv,0.0,2026,Procedure,CMS
M1254,Pts deceased prior hu surv,0.0,2026,Procedure,CMS
M1255,"Pts w/ othr rsn vst,+prg tst",0.0,2026,Procedure,CMS
M1256,Prior history of known cvd,0.0,2026,Procedure,CMS
M1257,Cvd risk assess not perf,0.0,2026,Procedure,CMS
M1258,Cvd risk assess perf,0.0,2026,Procedure,CMS
M1259,Pt stat doc <= 1 yr dialysis,0.0,2026,Procedure,CMS
M1260,Pt not doc <= 1 yr dialysis,0.0,2026,Procedure,CMS
M1261,Pts on wtlist bef dialysis,0.0,2026,Procedure,CMS
M1262,Pts transplt bef dialysis,0.0,2026,Procedure,CMS
M1263,Pts hosp dialysis dt,0.0,2026,Procedure,CMS
M1265,Cms 2728 completed,0.0,2026,Procedure,CMS
M1266,Pts admit snf,0.0,2026,Procedure,CMS
M1267,Pt no act kid transplt wtlst,0.0,2026,Procedure,CMS
M1268,Pt ac stat kid trnsplt wtlst,0.0,2026,Procedure,CMS
M1269,Rec'd esrd mcp lst day of mo,0.0,2026,Procedure,CMS
M1270,Pts no kid transplt wtlst,0.0,2026,Procedure,CMS
M1271,Pts dem any time/dur mo,0.0,2026,Procedure,CMS
M1272,Pts kid transplt wtlst,0.0,2026,Procedure,CMS
M1273,Pts snf 1 yr dialysis,0.0,2026,Procedure,CMS
M1274,Pts snf exl mo,0.0,2026,Procedure,CMS
M1275,Pts hosp exl,0.0,2026,Procedure,CMS
M1276,Calc bmi out nrm param nof/u,0.0,2026,Procedure,CMS
M1277,Colorectal ca screen doc rev,0.0,2026,Procedure,CMS
M1278,"Pre-htn or htn doc, f/u indc",0.0,2026,Procedure,CMS
M1279,"Pre-htn/htn, no f/u, not gvn",0.0,2026,Procedure,CMS
M1280,Bilat mast/hx bi /unilat mas,0.0,2026,Procedure,CMS
M1281,Bp scrn no perf at interval,0.0,2026,Procedure,CMS
M1282,Pt scrn tbco id as non user,0.0,2026,Procedure,CMS
M1283,Pt scrn tbco and id as user,0.0,2026,Procedure,CMS
M1284,Pt 66+ snp or ltc pos > 90d,0.0,2026,Procedure,CMS
M1285,Scrn mam perf rslts not doc,0.0,2026,Procedure,CMS
M1286,Bmi doc onl fup not cmpltd,0.0,2026,Procedure,CMS
M1287,Calc bmi blw low param f/u,0.0,2026,Procedure,CMS
M1288,Doc rsn no hbp scrn or f/u,0.0,2026,Procedure,CMS
M1289,No pt tbco cess interv rng,0.0,2026,Procedure,CMS
M1290,Pt not eli d/t act dig htn,0.0,2026,Procedure,CMS
M1291,Pt 66+ frailty and med dem,0.0,2026,Procedure,CMS
M1292,Pt 66+ frail inpt adv ill,0.0,2026,Procedure,CMS
M1293,Calc bmi abv up param f/u,0.0,2026,Procedure,CMS
M1294,Bp scrn perf rec interval,0.0,2026,Procedure,CMS
M1295,Pt hx tot col or colon ca,0.0,2026,Procedure,CMS
M1296,Calc bmi norm parameters,0.0,2026,Procedure,CMS
M1297,Bmi not doc medrsn ptref,0.0,2026,Procedure,CMS
M1298,Doc pt preg dur msrmt pd,0.0,2026,Procedure,CMS
M1299,Flu immunize order/admin,0.0,2026,Procedure,CMS
M1300,Flu imm no admin doc rea,0.0,2026,Procedure,CMS
M1301,Pt recv tbco cess interv,0.0,2026,Procedure,CMS
M1302,Scrn mam perf rslts doc,0.0,2026,Procedure,CMS
M1303,Hospc serv dur meas pd,0.0,2026,Procedure,CMS
M1304,No pneum vax admin 19+,0.0,2026,Procedure,CMS
M1305,Pneum vax admin 19+,0.0,2026,Procedure,CMS
M1306,Pt anphx due to pneum,0.0,2026,Procedure,CMS
M1307,Doc pt pal or hospice,0.0,2026,Procedure,CMS
M1308,Flu immunize no admin,0.0,2026,Procedure,CMS
M1309,Pall serv during meas,0.0,2026,Procedure,CMS
M1310,Pt scr tob & cess int,0.0,2026,Procedure,CMS
M1311,Aphlx to vax bef enc,0.0,2026,Procedure,CMS
M1312,No pt tbco scrn rng,0.0,2026,Procedure,CMS
M1313,No tob scr/cess int,0.0,2026,Procedure,CMS
M1314,Bmi not calculated,0.0,2026,Procedure,CMS
M1315,Crc no doc no rsn,0.0,2026,Procedure,CMS
M1316,Tobacco non-user,0.0,2026,Procedure,CMS
M1317,Pts counsl cpt opt out,0.0,2026,Procedure,CMS
M1318,Pts no csp doc contact,0.0,2026,Procedure,CMS
M1319,Pts csp doc contact,0.0,2026,Procedure,CMS
M1320,Pts scrn + hrsn,0.0,2026,Procedure,CMS
M1321,"Pts no 7wk inj,no iop,iop>25",0.0,2026,Procedure,CMS
M1322,"Pts 7wk inj, scrn iop =<25",0.0,2026,Procedure,CMS
M1323,"Pts 7wk inj, scrn iop >25",0.0,2026,Procedure,CMS
M1324,Pts intravitreal/pci,0.0,2026,Procedure,CMS
M1325,Doc med rsn not seen,0.0,2026,Procedure,CMS
M1326,Pts dx hypotony,0.0,2026,Procedure,CMS
M1327,Pts no eval ini xm no 8 wks,0.0,2026,Procedure,CMS
M1328,Pts dx acute vitreous hem,0.0,2026,Procedure,CMS
M1329,Pts act pvd 2 wks 8 wks,0.0,2026,Procedure,CMS
M1330,Doc pts rsn no f/u xm,0.0,2026,Procedure,CMS
M1331,Pts eval ini xm 8 wks,0.0,2026,Procedure,CMS
M1332,Pts no eval ini xm no 2 wks,0.0,2026,Procedure,CMS
M1333,Acute vitreous hemorrhage,0.0,2026,Procedure,CMS
M1334,Pts act pvd 2 wks 2 wks,0.0,2026,Procedure,CMS
M1335,Doc pts rsn no f/u xm,0.0,2026,Procedure,CMS
M1336,Pts eval ini xm 2 wks,0.0,2026,Procedure,CMS
M1337,Acute pvd,0.0,2026,Procedure,CMS
M1338,Pt f/u 30-180 dys no + imprv,0.0,2026,Procedure,CMS
M1339,Pts f/u 30-180 dys + improv,0.0,2026,Procedure,CMS
M1340,Indx whodas 2.0 or sds,0.0,2026,Procedure,CMS
M1341,Pt no f/u 30-180 dys,0.0,2026,Procedure,CMS
M1342,Pts died perf per,0.0,2026,Procedure,CMS
M1343,Pt pam lvl 4 base or srt lin,0.0,2026,Procedure,CMS
M1344,No bsln/2nd pam score 4-12mo,0.0,2026,Procedure,CMS
M1345,"Pt bsln pam, 2nd scr 4-12 mo",0.0,2026,Procedure,CMS
M1346,No pam inc 6 pts 4-12 mo,0.0,2026,Procedure,CMS
M1347,Pt pam incr 3 pt 4-12 mo,0.0,2026,Procedure,CMS
M1348,Pam incr 6 pt 4-12 mo,0.0,2026,Procedure,CMS
M1349,No pam inc 3 pts 4-12 mo,0.0,2026,Procedure,CMS
M1350,Pt w/ suic saf pln init rev,0.0,2026,Procedure,CMS
M1351,Pt cmplt suicd saf pln 120dy,0.0,2026,Procedure,CMS
M1352,"Suicd c-ssrs assessment, equ",0.0,2026,Procedure,CMS
M1353,Pts no cmplt suicd saf pln,0.0,2026,Procedure,CMS
M1354,Pt no suicd saf pln 120dy,0.0,2026,Procedure,CMS
M1355,Suicd based cln eval,0.0,2026,Procedure,CMS
M1356,Pt died dur meas pd,0.0,2026,Procedure,CMS
M1357,Pt w/red suic idea 120 days,0.0,2026,Procedure,CMS
M1358,Pts no <suicd idea 120 dys,0.0,2026,Procedure,CMS
M1359,"Indx suicd idea, no 0 scr",0.0,2026,Procedure,CMS
M1360,Suicd c-ssrs assessment,0.0,2026,Procedure,CMS
M1361,Suicd based cln eval,0.0,2026,Procedure,CMS
M1362,Pt died dur meas pd,0.0,2026,Procedure,CMS
M1363,Pts no f/u 120 dys,0.0,2026,Procedure,CMS
M1364,Ascvd risk >=20pct,0.0,2026,Procedure,CMS
M1365,Hosp+pall care spec code 17,0.0,2026,Procedure,CMS
M1366,Focus on women's health mvp,0.0,2026,Procedure,CMS
M1367,Qual care ent disorder mvp,0.0,2026,Procedure,CMS
M1368,Prev trt inf d/o hiv/hep mvp,0.0,2026,Procedure,CMS
M1369,Qualcare mental hlth/sud mvp,0.0,2026,Procedure,CMS
M1370,Rehab support msk care mvp,0.0,2026,Procedure,CMS
M1371,Mst rec gsa<7,0.0,2026,Procedure,CMS
M1372,Mst rec gsa >=7 and<8,0.0,2026,Procedure,CMS
M1373,Mst rec gsa >=8 and <=9,0.0,2026,Procedure,CMS
M1374,Ra dx enc 90 days dur per pd,0.0,2026,Procedure,CMS
M1375,Ra dx enc 90 days dur per pd,0.0,2026,Procedure,CMS
M1376,Ra dx enc 90 days dur per pd,0.0,2026,Procedure,CMS
M1377,Fu colscop 10 yr doc w/ disc,0.0,2026,Procedure,CMS
M1378,Med rsn no 10 yr fu colscope,0.0,2026,Procedure,CMS
M1379,10 yr fu no rec rsn not giv,0.0,2026,Procedure,CMS
M1380,2 rx in perf pd any com meds,0.0,2026,Procedure,CMS
M1381,Pt sec strk wthin 5 days,0.0,2026,Procedure,CMS
M1382,Enc dur perf pd pos 11,0.0,2026,Procedure,CMS
M1383,Acute pvd,0.0,2026,Procedure,CMS
M1384,Pt died dur perf pd,0.0,2026,Procedure,CMS
M1385,Pt rsn not seen 2nd pam,0.0,2026,Procedure,CMS
M1386,Exc sx melmn or mlnm is,0.0,2026,Procedure,CMS
M1387,Pt died dur perf pd,0.0,2026,Procedure,CMS
M1388,Pt doc exm rec melmn,0.0,2026,Procedure,CMS
M1390,Pt no doc exm for rec,0.0,2026,Procedure,CMS
M1391,All pt dx w/ rec mlnm,0.0,2026,Procedure,CMS
M1392,Pt rsn no exm or lst to fu,0.0,2026,Procedure,CMS
M1393,Pr no dx rec mlnm,0.0,2026,Procedure,CMS
M1394,Stg i-iii br ca,0.0,2026,Procedure,CMS
M1395,Init chemo w/def dur ec grp,0.0,2026,Procedure,CMS
M1396,Pt ther clin trial,0.0,2026,Procedure,CMS
M1397,Pt w/ recur/prog,0.0,2026,Procedure,CMS
M1398,Bslne and  fu promis doc,0.0,2026,Procedure,CMS
M1399,Pt lve prac,0.0,2026,Procedure,CMS
M1400,Pt died dur perf pd,0.0,2026,Procedure,CMS
M1401,Stg i-iii br ca,0.0,2026,Procedure,CMS
M1402,Init chemo w/def dur ec grp,0.0,2026,Procedure,CMS
M1403,Bslne and fu promis doc,0.0,2026,Procedure,CMS
M1404,Pt ther clin trial,0.0,2026,Procedure,CMS
M1405,Pt w/ recur/prog,0.0,2026,Procedure,CMS
M1406,Pt lve prac,0.0,2026,Procedure,CMS
M1407,Pt died dur perf pd,0.0,2026,Procedure,CMS
M1408,Gmln brca bef dx ca,0.0,2026,Procedure,CMS
M1409,Recd gmln brca1/brca2 couns,0.0,2026,Procedure,CMS
M1410,No gmln brca1/brca2 couns,0.0,2026,Procedure,CMS
M1411,1st ln ici no chemo,0.0,2026,Procedure,CMS
M1412,Met nsclc w/ egfr alk oth ab,0.0,2026,Procedure,CMS
M1413,Pos pdl1 bef init ici tx,0.0,2026,Procedure,CMS
M1414,Med rsn no pdl1 bef 1st ther,0.0,2026,Procedure,CMS
M1415,No pos pdl1 bef ici ther,0.0,2026,Procedure,CMS
M1416,Pt rec hosp,0.0,2026,Procedure,CMS
M1417,Pt up to date cov,0.0,2026,Procedure,CMS
M1418,Med rsn not up to date cov,0.0,2026,Procedure,CMS
M1419,Pt not up to date cov,0.0,2026,Procedure,CMS
M1420,Complete ophthalmologic mvp,0.0,2026,Procedure,CMS
M1421,Dermatological care mvp,0.0,2026,Procedure,CMS
M1422,Gastroenterology care mvp,0.0,2026,Procedure,CMS
M1423,Opt care urologic cnd mvp,0.0,2026,Procedure,CMS
M1424,Pulmonology care mvp,0.0,2026,Procedure,CMS
M1425,Surgical care mvp,0.0,2026,Procedure,CMS
M1426,Telehealth enc,0.0,2026,Procedure,CMS
M1427,Doc med rsn bone scn,0.0,2026,Procedure,CMS
M1428,Bilateral absence of eyes,0.0,2026,Procedure,CMS
M1429,"Retinopathy in od, os, ou",0.0,2026,Procedure,CMS
M1430,Ret exm ou no retinopthy doc,0.0,2026,Procedure,CMS
M1431,Telehealth enc,0.0,2026,Procedure,CMS
M1432,Telehealth enc,0.0,2026,Procedure,CMS
M1433,Oral chemo wthn 30 days enc,0.0,2026,Procedure,CMS
M1434,Orl chemo wthn 30 d post enc,0.0,2026,Procedure,CMS
M1435,Oral chemo in perf pd,0.0,2026,Procedure,CMS
M1436,Telehealth enc,0.0,2026,Procedure,CMS
M1437,Telehealth enc,0.0,2026,Procedure,CMS
M1438,Lst knwn well <=210 min,0.0,2026,Procedure,CMS
M1439,Sig ocu cond imp surg out,0.0,2026,Procedure,CMS
M1440,Telehealth enc,0.0,2026,Procedure,CMS
M1441,Init dx slp apn = 1st enc,0.0,2026,Procedure,CMS
M1442,Telehealth enc,0.0,2026,Procedure,CMS
M1443,Telehealth enc,0.0,2026,Procedure,CMS
M1444,Del < 39 weeks gest,0.0,2026,Procedure,CMS
M1445,Pp care visit by 12 weeks,0.0,2026,Procedure,CMS
M1446,Pt died bef end meas pd,0.0,2026,Procedure,CMS
M1447,Pt dx bd bef end meas pd,0.0,2026,Procedure,CMS
M1448,Pt dx pd bef end meas pd,0.0,2026,Procedure,CMS
M1449,Pt dx scz/pys bef end msr pd,0.0,2026,Procedure,CMS
M1450,Pt hos/pal care dur id/pf pd,0.0,2026,Procedure,CMS
M1451,Pt dx ppd dur id/pf pd,0.0,2026,Procedure,CMS
M1452,Pt dx dementia ever,0.0,2026,Procedure,CMS
M1453,Preop vis acu > 20/40,0.0,2026,Procedure,CMS
M1454,New cied,0.0,2026,Procedure,CMS
M1455,Rep/rev cied,0.0,2026,Procedure,CMS
M1456,Pt had htx,0.0,2026,Procedure,CMS
M1457,Dx asth dur crnt/prv perf pd,0.0,2026,Procedure,CMS
M1458,Pt died bef end meas pd,0.0,2026,Procedure,CMS
M1459,Pt hosp/pal care dur perf pd,0.0,2026,Procedure,CMS
M1460,"Dx copd, cf, or arf",0.0,2026,Procedure,CMS
M1461,Pt dx chron hepc,0.0,2026,Procedure,CMS
M1462,Pt clin ind hd image,0.0,2026,Procedure,CMS
M1463,2 f/u wthn 180 day rx atmp,0.0,2026,Procedure,CMS
M1464,No record of f/u by 180 days,0.0,2026,Procedure,CMS
M1465,F/u > 180 days after rx,0.0,2026,Procedure,CMS
M1466,Pt disc/lam proc same day,0.0,2026,Procedure,CMS
M1467,Pt dx lynch syn,0.0,2026,Procedure,CMS
M1468,Hep b vaccine received,0.0,2026,Procedure,CMS
M1469,"Hx of hep b, or pos bld test",0.0,2026,Procedure,CMS
M1470,Hep b vac not rec'd med rsn,0.0,2026,Procedure,CMS
M1471,Ffs hep b not covered,0.0,2026,Procedure,CMS
M1472,Hep b vaccine not received,0.0,2026,Procedure,CMS
M1473,Pt func cap not allow impr,0.0,2026,Procedure,CMS
M1474,Pt dx dementia,0.0,2026,Procedure,CMS
M1475,Pt dx huntington,0.0,2026,Procedure,CMS
M1476,Pt dx cog imp or ad,0.0,2026,Procedure,CMS
M1477,Dx delirium,0.0,2026,Procedure,CMS
M1478,Psychoactive sub abuse,0.0,2026,Procedure,CMS
M1479,Pt func cap not allow impr,0.0,2026,Procedure,CMS
M1480,Pt func cap not allow impr,0.0,2026,Procedure,CMS
M1481,Pt in hosp/pal care who died,0.0,2026,Procedure,CMS
M1482,Pos quan hep c or qual rna,0.0,2026,Procedure,CMS
M1483,Neg quan hep c or qual rna,0.0,2026,Procedure,CMS
M1484,No rpt hcv rna perf med rsn,0.0,2026,Procedure,CMS
M1485,Neg viro resp hep c/qual rna,0.0,2026,Procedure,CMS
M1486,Pt admitted to snf dur eval,0.0,2026,Procedure,CMS
M1487,Pt adm to hospice dur eval,0.0,2026,Procedure,CMS
M1488,Dx dementia in msr timeframe,0.0,2026,Procedure,CMS
M1489,Pt status doc,0.0,2026,Procedure,CMS
M1490,Pt status not doc,0.0,2026,Procedure,CMS
M1491,Rec'd esrd mcp dur perf pd,0.0,2026,Procedure,CMS
M1492,No reported fall,0.0,2026,Procedure,CMS
M1493,No fall doc med rsn,0.0,2026,Procedure,CMS
M1494,Fall rep since last visit,0.0,2026,Procedure,CMS
M1495,"Fall w/ poc, no fall",0.0,2026,Procedure,CMS
M1496,No doc of fall or poc,0.0,2026,Procedure,CMS
M1497,No doc fall med rsn,0.0,2026,Procedure,CMS
M1498,Diagnostic radiology mvp,0.0,2026,Procedure,CMS
M1499,Interventional radiology mvp,0.0,2026,Procedure,CMS
M1500,Neuropsychology mvp,0.0,2026,Procedure,CMS
M1501,Pathology mvp,0.0,2026,Procedure,CMS
M1502,Podiatry mvp,0.0,2026,Procedure,CMS
M1503,Vascular surgery mvp,0.0,2026,Procedure,CMS
P2028,Cephalin floculation test,0.0,2026,Procedure,CMS
P2029,Congo red blood test,0.0,2026,Procedure,CMS
P2031,Hair analysis,0.0,2026,Procedure,CMS
P2033,Blood thymol turbidity,0.0,2026,Procedure,CMS
P2038,Blood mucoprotein,0.0,2026,Procedure,CMS
P3000,Screen pap by tech w md supv,0.0,2026,Procedure,CMS
P3001,Screening pap smear by phys,0.25,2026,Procedure,CMS
P7001,Culture bacterial urine,0.0,2026,Procedure,CMS
P9010,Whole blood for transfusion,0.0,2026,Procedure,CMS
P9011,Blood split unit,0.0,2026,Procedure,CMS
P9012,Cryoprecipitate each unit,0.0,2026,Procedure,CMS
P9016,Rbc leukocytes reduced,0.0,2026,Procedure,CMS
P9017,Plasma 1 donor frz w/in 8 hr,0.0,2026,Procedure,CMS
P9019,"Platelets, each unit",0.0,2026,Procedure,CMS
P9020,Plaelet rich plasma unit,0.0,2026,Procedure,CMS
P9021,Red blood cells unit,0.0,2026,Procedure,CMS
P9022,Washed red blood cells unit,0.0,2026,Procedure,CMS
P9023,"Frozen plasma, pooled, sd",0.0,2026,Procedure,CMS
P9025,Plasma cryo redu path each,0.0,2026,Procedure,CMS
P9026,Cryo fib comp path redu each,0.0,2026,Procedure,CMS
P9027,Rbc o2 co2 reduced,0.0,2026,Procedure,CMS
P9031,Platelets leukocytes reduced,0.0,2026,Procedure,CMS
P9032,"Platelets, irradiated",0.0,2026,Procedure,CMS
P9033,Platelets leukoreduced irrad,0.0,2026,Procedure,CMS
P9034,"Platelets, pheresis",0.0,2026,Procedure,CMS
P9035,Platelet pheres leukoreduced,0.0,2026,Procedure,CMS
P9036,Platelet pheresis irradiated,0.0,2026,Procedure,CMS
P9037,Plate pheres leukoredu irrad,0.0,2026,Procedure,CMS
P9038,Rbc irradiated,0.0,2026,Procedure,CMS
P9039,Rbc deglycerolized,0.0,2026,Procedure,CMS
P9040,Rbc leukoreduced irradiated,0.0,2026,Procedure,CMS
P9041,"Albumin (human),5%, 50ml",0.0,2026,Procedure,CMS
P9043,"Plasma protein fract,5%,50ml",0.0,2026,Procedure,CMS
P9044,Cryoprecipitatereducedplasma,0.0,2026,Procedure,CMS
P9045,"Albumin (human), 5%, 250 ml",0.0,2026,Procedure,CMS
P9046,"Albumin (human), 25%, 20 ml",0.0,2026,Procedure,CMS
P9047,"Albumin (human), 25%, 50ml",0.0,2026,Procedure,CMS
P9048,"Plasmaprotein fract,5%,250ml",0.0,2026,Procedure,CMS
P9050,"Granulocytes, pheresis unit",0.0,2026,Procedure,CMS
P9051,"Blood, l/r, cmv-neg",0.0,2026,Procedure,CMS
P9052,"Platelets, hla-m, l/r, unit",0.0,2026,Procedure,CMS
P9053,"Plt, pher, l/r cmv-neg, irr",0.0,2026,Procedure,CMS
P9054,"Blood, l/r, froz/degly/wash",0.0,2026,Procedure,CMS
P9055,"Plt, aph/pher, l/r, cmv-neg",0.0,2026,Procedure,CMS
P9056,"Blood, l/r, irradiated",0.0,2026,Procedure,CMS
P9057,"Rbc, frz/deg/wsh, l/r, irrad",0.0,2026,Procedure,CMS
P9058,"Rbc, l/r, cmv-neg, irrad",0.0,2026,Procedure,CMS
P9059,"Plasma, frz between 8-24hour",0.0,2026,Procedure,CMS
P9060,Fr frz plasma donor retested,0.0,2026,Procedure,CMS
P9070,Pathogen reduced plasma pool,0.0,2026,Procedure,CMS
P9071,Pathogen reduced plasma sing,0.0,2026,Procedure,CMS
P9073,Platelets pheresis path redu,0.0,2026,Procedure,CMS
P9099,Blood component/product noc,0.0,2026,Procedure,CMS
P9100,Pathogen test for platelets,0.0,2026,Procedure,CMS
P9603,One-way allow prorated miles,0.0,2026,Procedure,CMS
P9604,One-way allow prorated trip,0.0,2026,Procedure,CMS
P9612,Catheterize for urine spec,0.0,2026,Procedure,CMS
P9615,Urine specimen collect mult,0.0,2026,Procedure,CMS
Q0035,Cardiokymography,0.17,2026,Procedure,CMS
Q0081,Infusion ther other than che,0.0,2026,Procedure,CMS
Q0083,Chemo by other than infusion,0.0,2026,Procedure,CMS
Q0084,Chemotherapy by infusion,0.0,2026,Procedure,CMS
Q0085,Chemo by both infusion and o,0.0,2026,Procedure,CMS
Q0091,Obtaining screen pap smear,0.36,2026,Procedure,CMS
Q0092,Set up port xray equipment,0.0,2026,Procedure,CMS
Q0111,Wet mounts/ w preparations,0.0,2026,Procedure,CMS
Q0112,Potassium hydroxide preps,0.0,2026,Procedure,CMS
Q0113,Pinworm examinations,0.0,2026,Procedure,CMS
Q0114,Fern test,0.0,2026,Procedure,CMS
Q0115,Post-coital mucous exam,0.0,2026,Procedure,CMS
Q0138,"Ferumoxytol, non-esrd",0.0,2026,Procedure,CMS
Q0139,"Ferumoxytol, esrd use",0.0,2026,Procedure,CMS
Q0144,"Azithromycin dihydrate, oral",0.0,2026,Procedure,CMS
Q0155,Dronabinol (syndros) 0.1 mg,0.0,2026,Procedure,CMS
Q0161,Chlorpromazine hcl 5mg oral,0.0,2026,Procedure,CMS
Q0162,Ondansetron oral,0.0,2026,Procedure,CMS
Q0163,Diphenhydramine hcl 50mg,0.0,2026,Procedure,CMS
Q0164,Prochlorperazine maleate 5mg,0.0,2026,Procedure,CMS
Q0166,Granisetron hcl 1 mg oral,0.0,2026,Procedure,CMS
Q0167,Dronabinol 2.5mg oral,0.0,2026,Procedure,CMS
Q0169,Promethazine hcl 12.5mg oral,0.0,2026,Procedure,CMS
Q0173,Trimethobenzamide hcl 250mg,0.0,2026,Procedure,CMS
Q0175,Perphenazine 4mg oral,0.0,2026,Procedure,CMS
Q0177,Hydroxyzine pamoate 25mg,0.0,2026,Procedure,CMS
Q0180,Dolasetron mesylate oral,0.0,2026,Procedure,CMS
Q0181,Unspecified oral anti-emetic,0.0,2026,Procedure,CMS
Q0224,"Inj, pemivibart, 4500 mg",0.0,2026,Procedure,CMS
Q0235,"Inj, monoclon antibody, 1 mg",0.0,2026,Procedure,CMS
Q0237,"Inj, tocilizumab-anoh, hospi",0.0,2026,Procedure,CMS
Q0249,Tocilizumab for covid-19,0.0,2026,Procedure,CMS
Q0477,Pwr module pt cable lvad rpl,0.0,2026,Procedure,CMS
Q0478,"Power adapter, combo vad",0.0,2026,Procedure,CMS
Q0479,"Power module combo vad, rep",0.0,2026,Procedure,CMS
Q0480,"Driver pneumatic vad, rep",0.0,2026,Procedure,CMS
Q0481,"Microprcsr cu elec vad, rep",0.0,2026,Procedure,CMS
Q0482,"Microprcsr cu combo vad, rep",0.0,2026,Procedure,CMS
Q0483,"Monitor elec vad, rep",0.0,2026,Procedure,CMS
Q0484,Monitor elec or comb vad rep,0.0,2026,Procedure,CMS
Q0485,"Monitor cable elec vad, rep",0.0,2026,Procedure,CMS
Q0486,Mon cable elec/pneum vad rep,0.0,2026,Procedure,CMS
Q0487,"Leads any type vad, rep only",0.0,2026,Procedure,CMS
Q0488,"Pwr pack base elec vad, rep",0.0,2026,Procedure,CMS
Q0489,"Pwr pck base combo vad, rep",0.0,2026,Procedure,CMS
Q0490,"Emr pwr source elec vad, rep",0.0,2026,Procedure,CMS
Q0491,Emr pwr source combo vad rep,0.0,2026,Procedure,CMS
Q0492,"Emr pwr cbl elec vad, rep",0.0,2026,Procedure,CMS
Q0493,"Emr pwr cbl combo vad, rep",0.0,2026,Procedure,CMS
Q0494,"Emr hd pmp elec/combo, rep",0.0,2026,Procedure,CMS
Q0495,"Charger elec/combo vad, rep",0.0,2026,Procedure,CMS
Q0496,"Battery elec/combo vad, rep",0.0,2026,Procedure,CMS
Q0497,"Bat clps elec/comb vad, rep",0.0,2026,Procedure,CMS
Q0498,"Holster elec/combo vad, rep",0.0,2026,Procedure,CMS
Q0499,Belt/vest elec/combo vad rep,0.0,2026,Procedure,CMS
Q0500,"Filters elec/combo vad, rep",0.0,2026,Procedure,CMS
Q0501,"Shwr cov elec/combo vad, rep",0.0,2026,Procedure,CMS
Q0502,"Mobility cart pneum vad, rep",0.0,2026,Procedure,CMS
Q0503,Battery pneum vad replacemnt,0.0,2026,Procedure,CMS
Q0504,"Pwr adpt pneum vad, rep veh",0.0,2026,Procedure,CMS
Q0506,Lith-ion batt elec/pneum vad,0.0,2026,Procedure,CMS
Q0507,Misc sup/acc ext vad,0.0,2026,Procedure,CMS
Q0508,Mis sup/acc imp vad,0.0,2026,Procedure,CMS
Q0509,Mis sup/ac imp vad nopay med,0.0,2026,Procedure,CMS
Q0510,Dispens fee immunosupressive,0.0,2026,Procedure,CMS
Q0511,"Sup fee antiem,antica,immuno",0.0,2026,Procedure,CMS
Q0512,Px sup fee anti-can sub pres,0.0,2026,Procedure,CMS
Q0513,Disp fee inhal drugs/30 days,0.0,2026,Procedure,CMS
Q0514,Disp fee inhal drugs/90 days,0.0,2026,Procedure,CMS
Q0515,Sermorelin acetate injection,0.0,2026,Procedure,CMS
Q0521,Supply fee hiv prep fda appr,0.0,2026,Procedure,CMS
Q1004,Ntiol category 4,0.0,2026,Procedure,CMS
Q1005,Ntiol category 5,0.0,2026,Procedure,CMS
Q2004,Bladder calculi irrig sol,0.0,2026,Procedure,CMS
Q2009,Fosphenytoin inj pe,0.0,2026,Procedure,CMS
Q2026,Radiesse injection,0.0,2026,Procedure,CMS
Q2028,"Inj, sculptra, 0.5mg",0.0,2026,Procedure,CMS
Q2034,Agriflu vaccine,0.0,2026,Procedure,CMS
Q2035,"Afluria vacc, 3 yrs & >, im",0.0,2026,Procedure,CMS
Q2036,"Flulaval vacc, 3 yrs & >, im",0.0,2026,Procedure,CMS
Q2037,"Fluvirin vacc, 3 yrs & >, im",0.0,2026,Procedure,CMS
Q2038,"Fluzone vacc, 3 yrs & >, im",0.0,2026,Procedure,CMS
Q2039,"Influenza virus vaccine, nos",0.0,2026,Procedure,CMS
Q2041,Axicabtagene ciloleucel car+,0.0,2026,Procedure,CMS
Q2042,Tisagenlecleucel car-pos t,0.0,2026,Procedure,CMS
Q2043,Sipuleucel-t auto cd54+,0.0,2026,Procedure,CMS
Q2049,Imported lipodox inj,0.0,2026,Procedure,CMS
Q2050,Doxorubicin inj 10mg,0.0,2026,Procedure,CMS
Q2052,"Home ivig, services/supplies",0.0,2026,Procedure,CMS
Q2053,Brexucabtagene car pos t,0.0,2026,Procedure,CMS
Q2054,Lisocabtagene mara car pos t,0.0,2026,Procedure,CMS
Q2055,Idecabtagene vicleucel car,0.0,2026,Procedure,CMS
Q2056,Ciltacabtagene car-pos t,0.0,2026,Procedure,CMS
Q2057,Afamitresgene autoleucel,0.0,2026,Procedure,CMS
Q2058,Obecbtge autol up to 400 mil,0.0,2026,Procedure,CMS
Q3001,Brachytherapy radioelements,0.0,2026,Procedure,CMS
Q3014,Telehealth facility fee,0.0,2026,Procedure,CMS
Q3027,Inj beta interferon im 1 mcg,0.0,2026,Procedure,CMS
Q3028,Inj beta interferon sq 1 mcg,0.0,2026,Procedure,CMS
Q3031,Collagen skin test,0.0,2026,Procedure,CMS
Q4001,Cast sup body cast plaster,0.0,2026,Procedure,CMS
Q4002,Cast sup body cast fiberglas,0.0,2026,Procedure,CMS
Q4003,Cast sup shoulder cast plstr,0.0,2026,Procedure,CMS
Q4004,Cast sup shoulder cast fbrgl,0.0,2026,Procedure,CMS
Q4005,Cast sup long arm adult plst,0.0,2026,Procedure,CMS
Q4006,Cast sup long arm adult fbrg,0.0,2026,Procedure,CMS
Q4007,Cast sup long arm ped plster,0.0,2026,Procedure,CMS
Q4008,Cast sup long arm ped fbrgls,0.0,2026,Procedure,CMS
Q4009,Cast sup sht arm adult plstr,0.0,2026,Procedure,CMS
Q4010,Cast sup sht arm adult fbrgl,0.0,2026,Procedure,CMS
Q4011,Cast sup sht arm ped plaster,0.0,2026,Procedure,CMS
Q4012,Cast sup sht arm ped fbrglas,0.0,2026,Procedure,CMS
Q4013,Cast sup gauntlet plaster,0.0,2026,Procedure,CMS
Q4014,Cast sup gauntlet fiberglass,0.0,2026,Procedure,CMS
Q4015,Cast sup gauntlet ped plster,0.0,2026,Procedure,CMS
Q4016,Cast sup gauntlet ped fbrgls,0.0,2026,Procedure,CMS
Q4017,Cast sup lng arm splint plst,0.0,2026,Procedure,CMS
Q4018,Cast sup lng arm splint fbrg,0.0,2026,Procedure,CMS
Q4019,Cast sup lng arm splnt ped p,0.0,2026,Procedure,CMS
Q4020,Cast sup lng arm splnt ped f,0.0,2026,Procedure,CMS
Q4021,Cast sup sht arm splint plst,0.0,2026,Procedure,CMS
Q4022,Cast sup sht arm splint fbrg,0.0,2026,Procedure,CMS
Q4023,Cast sup sht arm splnt ped p,0.0,2026,Procedure,CMS
Q4024,Cast sup sht arm splnt ped f,0.0,2026,Procedure,CMS
Q4025,Cast sup hip spica plaster,0.0,2026,Procedure,CMS
Q4026,Cast sup hip spica fiberglas,0.0,2026,Procedure,CMS
Q4027,Cast sup hip spica ped plstr,0.0,2026,Procedure,CMS
Q4028,Cast sup hip spica ped fbrgl,0.0,2026,Procedure,CMS
Q4029,Cast sup long leg plaster,0.0,2026,Procedure,CMS
Q4030,Cast sup long leg fiberglass,0.0,2026,Procedure,CMS
Q4031,Cast sup lng leg ped plaster,0.0,2026,Procedure,CMS
Q4032,Cast sup lng leg ped fbrgls,0.0,2026,Procedure,CMS
Q4033,Cast sup lng leg cylinder pl,0.0,2026,Procedure,CMS
Q4034,Cast sup lng leg cylinder fb,0.0,2026,Procedure,CMS
Q4035,Cast sup lngleg cylndr ped p,0.0,2026,Procedure,CMS
Q4036,Cast sup lngleg cylndr ped f,0.0,2026,Procedure,CMS
Q4037,Cast sup shrt leg plaster,0.0,2026,Procedure,CMS
Q4038,Cast sup shrt leg fiberglass,0.0,2026,Procedure,CMS
Q4039,Cast sup shrt leg ped plster,0.0,2026,Procedure,CMS
Q4040,Cast sup shrt leg ped fbrgls,0.0,2026,Procedure,CMS
Q4041,Cast sup lng leg splnt plstr,0.0,2026,Procedure,CMS
Q4042,Cast sup lng leg splnt fbrgl,0.0,2026,Procedure,CMS
Q4043,Cast sup lng leg splnt ped p,0.0,2026,Procedure,CMS
Q4044,Cast sup lng leg splnt ped f,0.0,2026,Procedure,CMS
Q4045,Cast sup sht leg splnt plstr,0.0,2026,Procedure,CMS
Q4046,Cast sup sht leg splnt fbrgl,0.0,2026,Procedure,CMS
Q4047,Cast sup sht leg splnt ped p,0.0,2026,Procedure,CMS
Q4048,Cast sup sht leg splnt ped f,0.0,2026,Procedure,CMS
Q4049,"Finger splint, static",0.0,2026,Procedure,CMS
Q4050,Cast supplies unlisted,0.0,2026,Procedure,CMS
Q4051,Splint supplies misc,0.0,2026,Procedure,CMS
Q4074,Iloprost non-comp unit dose,0.0,2026,Procedure,CMS
Q4081,"Epoetin alfa, 100 units esrd",0.0,2026,Procedure,CMS
Q4082,Drug/bio noc part b drug cap,0.0,2026,Procedure,CMS
Q4101,Apligraf,0.0,2026,Procedure,CMS
Q4102,Oasis wound matrix,0.0,2026,Procedure,CMS
Q4103,Oasis burn matrix,0.0,2026,Procedure,CMS
Q4104,Integra bmwd,0.0,2026,Procedure,CMS
Q4105,Integra drt or omnigraft,0.0,2026,Procedure,CMS
Q4107,Graftjacket,0.0,2026,Procedure,CMS
Q4108,Integra matrix,0.0,2026,Procedure,CMS
Q4110,Primatrix,0.0,2026,Procedure,CMS
Q4111,Gammagraft,0.0,2026,Procedure,CMS
Q4112,Cymetra injectable,0.0,2026,Procedure,CMS
Q4113,Graftjacket xpress,0.0,2026,Procedure,CMS
Q4114,Integra flowable wound matri,0.0,2026,Procedure,CMS
Q4115,Alloskin,0.0,2026,Procedure,CMS
Q4116,Alloderm,0.0,2026,Procedure,CMS
Q4117,Hyalomatrix,0.0,2026,Procedure,CMS
Q4118,Matristem micromatrix,0.0,2026,Procedure,CMS
Q4121,Theraskin,0.0,2026,Procedure,CMS
Q4122,"Dermacell, awm, porous sq cm",0.0,2026,Procedure,CMS
Q4123,Alloskin,0.0,2026,Procedure,CMS
Q4124,Oasis tri-layer wound matrix,0.0,2026,Procedure,CMS
Q4125,Arthroflex,0.0,2026,Procedure,CMS
Q4126,Memoderm/derma/tranz/integup,0.0,2026,Procedure,CMS
Q4127,Talymed,0.0,2026,Procedure,CMS
Q4128,Flexhd/allopatchhd/sq cm,0.0,2026,Procedure,CMS
Q4130,Strattice tm,0.0,2026,Procedure,CMS
Q4132,"Grafix core, grafixpl core",0.0,2026,Procedure,CMS
Q4133,Grafix stravix prime pl sqcm,0.0,2026,Procedure,CMS
Q4134,Hmatrix,0.0,2026,Procedure,CMS
Q4135,Mediskin,0.0,2026,Procedure,CMS
Q4136,Ezderm,0.0,2026,Procedure,CMS
Q4137,Amnioexcel biodexcel 1sq cm,0.0,2026,Procedure,CMS
Q4138,"Biodfence dryflex, 1cm",0.0,2026,Procedure,CMS
Q4139,"Amnio or biodmatrix, inj 1cc",0.0,2026,Procedure,CMS
Q4140,Biodfence 1cm,0.0,2026,Procedure,CMS
Q4141,"Alloskin ac, 1 cm",0.0,2026,Procedure,CMS
Q4142,Xcm biologic tiss matrix 1cm,0.0,2026,Procedure,CMS
Q4143,"Repriza, 1cm",0.0,2026,Procedure,CMS
Q4145,"Epifix, inj, 1mg",0.0,2026,Procedure,CMS
Q4146,"Tensix, 1cm",0.0,2026,Procedure,CMS
Q4147,Architect ecm px fx 1 sq cm,0.0,2026,Procedure,CMS
Q4148,Neox neox rt or clarix cord,0.0,2026,Procedure,CMS
Q4149,"Excellagen, 0.1 cc",0.0,2026,Procedure,CMS
Q4150,Allowrap ds or dry 1 sq cm,0.0,2026,Procedure,CMS
Q4151,"Amnioband, guardian 1 sq cm",0.0,2026,Procedure,CMS
Q4152,Dermapure 1 square cm,0.0,2026,Procedure,CMS
Q4153,"Dermavest, plurivest sq cm",0.0,2026,Procedure,CMS
Q4154,Biovance 1 square cm,0.0,2026,Procedure,CMS
Q4155,Neoxflo or clarixflo 1 mg,0.0,2026,Procedure,CMS
Q4156,Neox 100 or clarix 100,0.0,2026,Procedure,CMS
Q4157,Revitalon 1 square cm,0.0,2026,Procedure,CMS
Q4158,"Kerecis omega3, per sq cm",0.0,2026,Procedure,CMS
Q4159,Affinity1 square cm,0.0,2026,Procedure,CMS
Q4160,Nushield 1 square cm,0.0,2026,Procedure,CMS
Q4161,Bio-connekt per square cm,0.0,2026,Procedure,CMS
Q4162,"Wndex flw, bioskn flw, 0.5cc",0.0,2026,Procedure,CMS
Q4163,"Woundex, bioskin, per sq cm",0.0,2026,Procedure,CMS
Q4164,"Helicoll, per square cm",0.0,2026,Procedure,CMS
Q4165,"Keramatrix, kerasorb sq cm",0.0,2026,Procedure,CMS
Q4166,"Cytal, per square centimeter",0.0,2026,Procedure,CMS
Q4167,"Truskin, per sq centimeter",0.0,2026,Procedure,CMS
Q4168,"Amnioband, 1 mg",0.0,2026,Procedure,CMS
Q4169,"Artacent wound, per sq cm",0.0,2026,Procedure,CMS
Q4170,"Cygnus, per sq cm",0.0,2026,Procedure,CMS
Q4171,"Interfyl, 1 mg",0.0,2026,Procedure,CMS
Q4173,Palingen or palingen xplus,0.0,2026,Procedure,CMS
Q4174,Palingen or promatrx,0.0,2026,Procedure,CMS
Q4175,Miroderm,0.0,2026,Procedure,CMS
Q4176,"Neopatch or therion, 1 sq cm",0.0,2026,Procedure,CMS
Q4177,"Floweramnioflo, 0.1 cc",0.0,2026,Procedure,CMS
Q4178,"Floweramniopatch, per sq cm",0.0,2026,Procedure,CMS
Q4179,"Flowerderm, per sq cm",0.0,2026,Procedure,CMS
Q4180,"Revita, per sq cm",0.0,2026,Procedure,CMS
Q4181,"Amnio wound, per square cm",0.0,2026,Procedure,CMS
Q4182,"Transcyte, per sq centimeter",0.0,2026,Procedure,CMS
Q4183,"Surgigraft, 1 sq cm",0.0,2026,Procedure,CMS
Q4184,Cellesta or duo per sq cm,0.0,2026,Procedure,CMS
Q4185,Cellesta flowab amnion 0.5cc,0.0,2026,Procedure,CMS
Q4186,Epifix 1 sq cm,0.0,2026,Procedure,CMS
Q4187,Epicord 1 sq cm,0.0,2026,Procedure,CMS
Q4188,Amnioarmor 1 sq cm,0.0,2026,Procedure,CMS
Q4189,"Artacent ac, 1 mg",0.0,2026,Procedure,CMS
Q4190,Artacent ac 1 sq cm,0.0,2026,Procedure,CMS
Q4191,Restorigin 1 sq cm,0.0,2026,Procedure,CMS
Q4192,"Restorigin, 1 cc",0.0,2026,Procedure,CMS
Q4193,Coll-e-derm 1 sq cm,0.0,2026,Procedure,CMS
Q4194,Novachor 1 sq cm,0.0,2026,Procedure,CMS
Q4195,Puraply 1 sq cm,0.0,2026,Procedure,CMS
Q4196,Puraply am 1 sq cm,0.0,2026,Procedure,CMS
Q4197,Puraply xt 1 sq cm,0.0,2026,Procedure,CMS
Q4198,Genesis amnio membrane 1sqcm,0.0,2026,Procedure,CMS
Q4199,"Cygnus matrix, per sq cm",0.0,2026,Procedure,CMS
Q4200,Skin te 1 sq cm,0.0,2026,Procedure,CMS
Q4201,Matrion 1 sq cm,0.0,2026,Procedure,CMS
Q4202,"Keroxx (2.5g/cc), 1cc",0.0,2026,Procedure,CMS
Q4203,"Derma-gide, 1 sq cm",0.0,2026,Procedure,CMS
Q4204,Xwrap 1 sq cm,0.0,2026,Procedure,CMS
Q4205,Membrane graft or wrap sq cm,0.0,2026,Procedure,CMS
Q4206,Fluid flow or fluid gf 1 cc,0.0,2026,Procedure,CMS
Q4208,Novafix per sq cm,0.0,2026,Procedure,CMS
Q4209,Surgraft per sq cm,0.0,2026,Procedure,CMS
Q4211,Amnion bio or axobio sq cm,0.0,2026,Procedure,CMS
Q4212,"Allogen, per cc",0.0,2026,Procedure,CMS
Q4213,"Ascent, 0.5 mg",0.0,2026,Procedure,CMS
Q4214,Cellesta cord per sq cm,0.0,2026,Procedure,CMS
Q4215,"Axolotl ambient, cryo 0.1 mg",0.0,2026,Procedure,CMS
Q4216,Artacent cord per sq cm,0.0,2026,Procedure,CMS
Q4217,Woundfix biowound plus xplus,0.0,2026,Procedure,CMS
Q4218,Surgicord per sq cm,0.0,2026,Procedure,CMS
Q4219,Surgigraft dual per sq cm,0.0,2026,Procedure,CMS
Q4220,"Bellacell hd, surederm sq cm",0.0,2026,Procedure,CMS
Q4221,Amniowrap2 per sq cm,0.0,2026,Procedure,CMS
Q4222,"Progenamatrix, per sq cm",0.0,2026,Procedure,CMS
Q4224,Hhf10-p per sq cm,0.0,2026,Procedure,CMS
Q4225,"Amnio or derma tl, per sq cm",0.0,2026,Procedure,CMS
Q4226,Myown harv prep proc sq cm,0.0,2026,Procedure,CMS
Q4227,Amniocore per sq cm,0.0,2026,Procedure,CMS
Q4229,Cogenex amnio memb per sq cm,0.0,2026,Procedure,CMS
Q4230,Cogenex flow amnion 0.5 cc,0.0,2026,Procedure,CMS
Q4232,"Corplex, per sq cm",0.0,2026,Procedure,CMS
Q4233,Surfactor /nudyn per 0.5 cc,0.0,2026,Procedure,CMS
Q4234,"Xcellerate, per sq cm",0.0,2026,Procedure,CMS
Q4235,Amniorepair or altiply sq cm,0.0,2026,Procedure,CMS
Q4236,Carepatch per sq cm,0.0,2026,Procedure,CMS
Q4237,"Cryo-cord, per sq cm",0.0,2026,Procedure,CMS
Q4238,"Derm-maxx, per sq cm",0.0,2026,Procedure,CMS
Q4239,Amnio-maxx or lite per sq cm,0.0,2026,Procedure,CMS
Q4240,Corecyte topical only 0.5 cc,0.0,2026,Procedure,CMS
Q4241,"Polycyte, topical only 0.5cc",0.0,2026,Procedure,CMS
Q4242,"Amniocyte plus, per 0.5 cc",0.0,2026,Procedure,CMS
Q4245,"Amniotext, per cc",0.0,2026,Procedure,CMS
Q4246,"Coretext or protext, per cc",0.0,2026,Procedure,CMS
Q4247,"Amniotext patch, per sq cm",0.0,2026,Procedure,CMS
Q4248,Dermacyte amn mem allo sq cm,0.0,2026,Procedure,CMS
Q4249,"Amniply, per sq cm",0.0,2026,Procedure,CMS
Q4250,Amnioamp-mp per sq cm,0.0,2026,Procedure,CMS
Q4251,"Vim, per square centimeter",0.0,2026,Procedure,CMS
Q4252,"Vendaje, per square centimet",0.0,2026,Procedure,CMS
Q4253,Zenith amniotic membrane psc,0.0,2026,Procedure,CMS
Q4254,Novafix dl per sq cm,0.0,2026,Procedure,CMS
Q4255,"Reguard, topical use per sq",0.0,2026,Procedure,CMS
Q4256,"Mlg complet, per sq cm",0.0,2026,Procedure,CMS
Q4257,"Relese, per sq cm",0.0,2026,Procedure,CMS
Q4258,"Enverse, per sq cm",0.0,2026,Procedure,CMS
Q4259,Celera per sq cm,0.0,2026,Procedure,CMS
Q4260,"Signature apatch, per sq cm",0.0,2026,Procedure,CMS
Q4261,"Tag, per square centimeter",0.0,2026,Procedure,CMS
Q4262,"Dual layer impax, per sq cm",0.0,2026,Procedure,CMS
Q4263,"Surgraft tl, per sq cm",0.0,2026,Procedure,CMS
Q4264,"Cocoon membrane, per sq cm",0.0,2026,Procedure,CMS
Q4265,Neostim tl per sq cm,0.0,2026,Procedure,CMS
Q4266,Neostim per sq cm,0.0,2026,Procedure,CMS
Q4267,Neostim dl per sq cm,0.0,2026,Procedure,CMS
Q4268,Surgraft ft per sq cm,0.0,2026,Procedure,CMS
Q4269,Surgraft xt per sq cm,0.0,2026,Procedure,CMS
Q4270,Complete sl per sq cm,0.0,2026,Procedure,CMS
Q4271,Complete ft per sq cm,0.0,2026,Procedure,CMS
Q4272,"Esano a, per sq cm",0.0,2026,Procedure,CMS
Q4273,"Esano aaa, per sq cm",0.0,2026,Procedure,CMS
Q4274,"Esano ac, per sq cm",0.0,2026,Procedure,CMS
Q4275,"Esano aca, per sq cm",0.0,2026,Procedure,CMS
Q4276,"Orion, per sq cm",0.0,2026,Procedure,CMS
Q4278,"Epieffect, per sq cm",0.0,2026,Procedure,CMS
Q4279,"Vendaje ac, per sq cm",0.0,2026,Procedure,CMS
Q4280,Xcell amnio matrix per sq cm,0.0,2026,Procedure,CMS
Q4281,Barrera slor dl per sq cm,0.0,2026,Procedure,CMS
Q4282,Cygnus dual per sq cm,0.0,2026,Procedure,CMS
Q4283,"Biovance tri or 3l, sq cm",0.0,2026,Procedure,CMS
Q4284,"Dermabind sl, per sq cm",0.0,2026,Procedure,CMS
Q4285,Nudyn dl or dl mesh pr sq cm,0.0,2026,Procedure,CMS
Q4286,"Nudyn sl or slw, per sq cm",0.0,2026,Procedure,CMS
Q4287,"Dermabind dl, per sq cm",0.0,2026,Procedure,CMS
Q4288,"Dermabind ch, per sq cm",0.0,2026,Procedure,CMS
Q4289,"Revoshield+ amnio, per sq cm",0.0,2026,Procedure,CMS
Q4290,Membrane wrap hydr per sq cm,0.0,2026,Procedure,CMS
Q4291,"Lamellas xt, per sq cm",0.0,2026,Procedure,CMS
Q4292,"Lamellas, per sq cm",0.0,2026,Procedure,CMS
Q4293,"Acesso dl, per sq cm",0.0,2026,Procedure,CMS
Q4294,"Amnio quad-core, per sq cm",0.0,2026,Procedure,CMS
Q4295,"Amnio tri-core, per sq cm",0.0,2026,Procedure,CMS
Q4296,"Rebound matrix, per sq cm",0.0,2026,Procedure,CMS
Q4297,"Emerge matrix, per sq cm",0.0,2026,Procedure,CMS
Q4298,"Amniocore pro, per sq cm",0.0,2026,Procedure,CMS
Q4299,"Amniocore pro+, per sq cm",0.0,2026,Procedure,CMS
Q4300,"Acesso tl, per sq cm",0.0,2026,Procedure,CMS
Q4301,"Activate matrix, per sq cm",0.0,2026,Procedure,CMS
Q4302,"Complete aca, per sq cm",0.0,2026,Procedure,CMS
Q4303,"Complete aa, per sq cm",0.0,2026,Procedure,CMS
Q4304,"Grafix plus, per sq cm",0.0,2026,Procedure,CMS
Q4305,Amer am ac tri-lay per sq cm,0.0,2026,Procedure,CMS
Q4306,Americ amnion ac per sq cm,0.0,2026,Procedure,CMS
Q4307,"American amnion, per sq cm",0.0,2026,Procedure,CMS
Q4308,"Sanopellis, per sq cm",0.0,2026,Procedure,CMS
Q4309,"Via matrix, per sq cm",0.0,2026,Procedure,CMS
Q4310,"Procenta, per 100 mg",0.0,2026,Procedure,CMS
Q4311,"Acesso, per sq cm",0.0,2026,Procedure,CMS
Q4312,"Acesso ac, per sq cm",0.0,2026,Procedure,CMS
Q4313,"Dermabind fm, per sq cm",0.0,2026,Procedure,CMS
Q4314,"Reeva, per sq cm",0.0,2026,Procedure,CMS
Q4315,Regenelink amniotic mem allo,0.0,2026,Procedure,CMS
Q4316,"Amchoplast, per sq cm",0.0,2026,Procedure,CMS
Q4317,"Vitograft, per sq cm",0.0,2026,Procedure,CMS
Q4318,"E-graft, per sq cm",0.0,2026,Procedure,CMS
Q4319,"Sanograft, per sq cm",0.0,2026,Procedure,CMS
Q4320,"Pellograft, per sq cm",0.0,2026,Procedure,CMS
Q4321,"Renograft, per sq cm",0.0,2026,Procedure,CMS
Q4322,"Caregraft, per sq cm",0.0,2026,Procedure,CMS
Q4323,"Alloply, per sq cm",0.0,2026,Procedure,CMS
Q4324,"Amniotx, per sq cm",0.0,2026,Procedure,CMS
Q4325,"Acapatch, per sq cm",0.0,2026,Procedure,CMS
Q4326,"Woundplus, per sq cm",0.0,2026,Procedure,CMS
Q4327,"Duoamnion, per sq cm",0.0,2026,Procedure,CMS
Q4328,"Most, per sq cm",0.0,2026,Procedure,CMS
Q4329,"Singlay, per sq cm",0.0,2026,Procedure,CMS
Q4330,"Total, per sq cm",0.0,2026,Procedure,CMS
Q4331,"Axolotl graft, per sq cm",0.0,2026,Procedure,CMS
Q4332,"Axolotl dualgraft, per sq cm",0.0,2026,Procedure,CMS
Q4333,"Ardeograft, per sq cm",0.0,2026,Procedure,CMS
Q4334,"Amnioplast 1, per sq cm",0.0,2026,Procedure,CMS
Q4335,"Amnioplast 2, per sq cm",0.0,2026,Procedure,CMS
Q4336,"Artecent c, per sq cm",0.0,2026,Procedure,CMS
Q4337,"Artecent trident, per sq cm",0.0,2026,Procedure,CMS
Q4338,"Artacent velos, per sq cm",0.0,2026,Procedure,CMS
Q4339,"Artacent vericlen, per sq cm",0.0,2026,Procedure,CMS
Q4340,"Simpligraft, per sq cm",0.0,2026,Procedure,CMS
Q4341,"Simplimax, per sq cm",0.0,2026,Procedure,CMS
Q4342,"Theramend, per sq cm",0.0,2026,Procedure,CMS
Q4343,Dermacyte ac matrx per sq cm,0.0,2026,Procedure,CMS
Q4344,"Tri membrane wrap, per sq cm",0.0,2026,Procedure,CMS
Q4345,Matrix hd allogrft per sq cm,0.0,2026,Procedure,CMS
Q4346,Shelter dm matrix per sq cm,0.0,2026,Procedure,CMS
Q4347,Rampart dl matrix per sq cm,0.0,2026,Procedure,CMS
Q4348,Sentry sl matrix per sq cm,0.0,2026,Procedure,CMS
Q4349,Mantle dl matrix per sq cm,0.0,2026,Procedure,CMS
Q4350,Palisade dm matrix per sq cm,0.0,2026,Procedure,CMS
Q4351,"Enclose tl matrix, per sq cm",0.0,2026,Procedure,CMS
Q4352,"Overlay sl matrix, per sq cm",0.0,2026,Procedure,CMS
Q4353,Xceed tl matrix per sq cm,0.0,2026,Procedure,CMS
Q4354,Palingen dl-palingen dl-x,0.0,2026,Procedure,CMS
Q4355,Abio xpl abio xpl hy p sq cm,0.0,2026,Procedure,CMS
Q4356,Abio mem abio hyd per sq cm,0.0,2026,Procedure,CMS
Q4357,"Xwrap plus, per sq cm",0.0,2026,Procedure,CMS
Q4358,"Xwrap dual, per sq cm",0.0,2026,Procedure,CMS
Q4359,"Choriply, per sq cm",0.0,2026,Procedure,CMS
Q4360,Amchoplast fd per sq cm,0.0,2026,Procedure,CMS
Q4361,"Epixpress, per sq cm",0.0,2026,Procedure,CMS
Q4362,"Cygnus disk, per sq cm",0.0,2026,Procedure,CMS
Q4363,Am bur mem hydro per sq cm,0.0,2026,Procedure,CMS
Q4364,Am bur xp mem xpl hy p sq cm,0.0,2026,Procedure,CMS
Q4365,Amnio bur dl mem per sq cm,0.0,2026,Procedure,CMS
Q4366,Dl amnio bur x-mem per sq cm,0.0,2026,Procedure,CMS
Q4367,"Amniocore sl, per sq cm",0.0,2026,Procedure,CMS
Q4368,Amchothick per sq cm,0.0,2026,Procedure,CMS
Q4369,Amnioplast 3 per sq cm,0.0,2026,Procedure,CMS
Q4370,Aeroguard per sq cm,0.0,2026,Procedure,CMS
Q4371,Neoguard per sq cm,0.0,2026,Procedure,CMS
Q4372,Amchoplast excl per sq cm,0.0,2026,Procedure,CMS
Q4373,Membrane wrp lt per sq cm,0.0,2026,Procedure,CMS
Q4375,Duograft ac per sq cm,0.0,2026,Procedure,CMS
Q4376,Duograft aa per sq cm,0.0,2026,Procedure,CMS
Q4377,Trigraft ft per sq cm,0.0,2026,Procedure,CMS
Q4378,Renew ft matrix per sq cm,0.0,2026,Procedure,CMS
Q4379,Amniodefend ft per sq cm,0.0,2026,Procedure,CMS
Q4380,Advograft one per sq cm,0.0,2026,Procedure,CMS
Q4382,Advograft dual per sq cm,0.0,2026,Procedure,CMS
Q4383,Axolotl graft ult per sq cm,0.0,2026,Procedure,CMS
Q4384,Axolotl dual ult per sq cm,0.0,2026,Procedure,CMS
Q4385,Apollo ft per sq cm,0.0,2026,Procedure,CMS
Q4386,Acesso trifaca per sq cm,0.0,2026,Procedure,CMS
Q4387,Neothelium ft per sq cm,0.0,2026,Procedure,CMS
Q4388,Neothelium 4l per sq cm,0.0,2026,Procedure,CMS
Q4389,Neothelium 4l+ per sq cm,0.0,2026,Procedure,CMS
Q4390,Ascendion per sq cm,0.0,2026,Procedure,CMS
Q4391,Amnioplast double per sq cm,0.0,2026,Procedure,CMS
Q4392,Grafix duo per sq cm,0.0,2026,Procedure,CMS
Q4393,Surgraft ac per sq cm,0.0,2026,Procedure,CMS
Q4394,Surgraft aca per sq cm,0.0,2026,Procedure,CMS
Q4395,Acelagraft per sq cm,0.0,2026,Procedure,CMS
Q4396,Natalin per sq cm,0.0,2026,Procedure,CMS
Q4397,Summit aaa per sq cm,0.0,2026,Procedure,CMS
Q4398,Summit ac per sq cm,0.0,2026,Procedure,CMS
Q4399,Summit fx per sq cm,0.0,2026,Procedure,CMS
Q4400,Polygon3 per sq cm,0.0,2026,Procedure,CMS
Q4401,Absolv3 per sq cm,0.0,2026,Procedure,CMS
Q4402,Xwrap 2.0 per sq cm,0.0,2026,Procedure,CMS
Q4403,Xwrap dual plus per sq cm,0.0,2026,Procedure,CMS
Q4404,Xwrap hydro plus per sq cm,0.0,2026,Procedure,CMS
Q4405,Xwrap fenestra plus sq cm,0.0,2026,Procedure,CMS
Q4406,Xwrap fenestra per sq cm,0.0,2026,Procedure,CMS
Q4407,Xwrap tribus per sq cm,0.0,2026,Procedure,CMS
Q4408,Xwrap hydro per sq cm,0.0,2026,Procedure,CMS
Q4409,Amniomatrixf3x per sq cm,0.0,2026,Procedure,CMS
Q4410,Amchomatrixdl per sq cm,0.0,2026,Procedure,CMS
Q4411,Amniomatrixf4x per sq cm,0.0,2026,Procedure,CMS
Q4412,Choriofix per sq cm,0.0,2026,Procedure,CMS
Q4413,Cygnus solo per sq cm,0.0,2026,Procedure,CMS
Q4414,Simplichor per sq cm,0.0,2026,Procedure,CMS
Q4415,Alexiguard st-l per sq cm,0.0,2026,Procedure,CMS
Q4416,Alexiguard tl-t per sq cm,0.0,2026,Procedure,CMS
Q4417,Alexiguard dl-t per sq cm,0.0,2026,Procedure,CMS
Q4420,Nuform per sq cm,0.0,2026,Procedure,CMS
Q4431,"Pma skin substitute, nos",0.0,2026,Procedure,CMS
Q4432,"510(k) skin subs, nos",0.0,2026,Procedure,CMS
Q4433,"361 hct/p skin subs, nos",0.0,2026,Procedure,CMS
Q5001,Hospice or home hlth in home,0.0,2026,Procedure,CMS
Q5002,Hospice/home hlth in asst lv,0.0,2026,Procedure,CMS
Q5003,Hospice in lt/non-skilled nf,0.0,2026,Procedure,CMS
Q5004,Hospice in snf,0.0,2026,Procedure,CMS
Q5005,"Hospice, inpatient hospital",0.0,2026,Procedure,CMS
Q5006,Hospice in hospice facility,0.0,2026,Procedure,CMS
Q5007,Hospice in ltch,0.0,2026,Procedure,CMS
Q5008,Hospice in inpatient psych,0.0,2026,Procedure,CMS
Q5009,"Hospice/home hlth, place nos",0.0,2026,Procedure,CMS
Q5010,Hospice home care in hospice,0.0,2026,Procedure,CMS
Q5098,"Inj ustekinumab-srlf, 1 mg",0.0,2026,Procedure,CMS
Q5099,"Inj ustekinumab-stba, 1 mg",0.0,2026,Procedure,CMS
Q5100,"Inj ustekinumab-kfce, 1 mg",0.0,2026,Procedure,CMS
Q5101,"Injection, zarxio",0.0,2026,Procedure,CMS
Q5103,"Injection, inflectra",0.0,2026,Procedure,CMS
Q5104,"Injection, renflexis",0.0,2026,Procedure,CMS
Q5105,Inj retacrit esrd on dialysi,0.0,2026,Procedure,CMS
Q5106,Inj retacrit non-esrd use,0.0,2026,Procedure,CMS
Q5107,Inj mvasi 10 mg,0.0,2026,Procedure,CMS
Q5108,"Injection, fulphila",0.0,2026,Procedure,CMS
Q5110,Nivestym,0.0,2026,Procedure,CMS
Q5111,"Injection, udenyca 0.5 mg",0.0,2026,Procedure,CMS
Q5112,Inj ontruzant 10 mg,0.0,2026,Procedure,CMS
Q5113,Inj herzuma 10 mg,0.0,2026,Procedure,CMS
Q5114,Inj ogivri 10 mg,0.0,2026,Procedure,CMS
Q5115,Inj truxima 10 mg,0.0,2026,Procedure,CMS
Q5116,"Inj., trazimera, 10 mg",0.0,2026,Procedure,CMS
Q5117,"Inj., kanjinti, 10 mg",0.0,2026,Procedure,CMS
Q5118,"Inj., zirabev, 10 mg",0.0,2026,Procedure,CMS
Q5119,"Inj ruxience, 10 mg",0.0,2026,Procedure,CMS
Q5120,Inj pegfilgrastim-bmez 0.5mg,0.0,2026,Procedure,CMS
Q5121,"Inj. avsola, 10 mg",0.0,2026,Procedure,CMS
Q5122,"Inj, nyvepria",0.0,2026,Procedure,CMS
Q5123,"Inj. riabni, 10 mg",0.0,2026,Procedure,CMS
Q5124,"Inj. byooviz, 0.1 mg",0.0,2026,Procedure,CMS
Q5125,"Inj, releuko 1 mcg",0.0,2026,Procedure,CMS
Q5126,Inj alymsys 10 mg,0.0,2026,Procedure,CMS
Q5127,"Inj, stimufend, 0.5 mg",0.0,2026,Procedure,CMS
Q5128,"Inj, cimerli, 0.1 mg",0.0,2026,Procedure,CMS
Q5129,"Inj, vegzelma, 10 mg",0.0,2026,Procedure,CMS
Q5130,"Inj, fylnetra, 0.5 mg",0.0,2026,Procedure,CMS
Q5133,"Inj, tofidence, 1 mg",0.0,2026,Procedure,CMS
Q5134,"Inj, tyruko, 1 mg",0.0,2026,Procedure,CMS
Q5135,"Inj, tyenne, 1 mg",0.0,2026,Procedure,CMS
Q5136,"Inj. denosumab-bbdz, 1 mg",0.0,2026,Procedure,CMS
Q5137,"Inj, wezlana, sub cu, 1 mg",0.0,2026,Procedure,CMS
Q5138,"Inj, wezlana, iv, 1 mg",0.0,2026,Procedure,CMS
Q5140,"Inj adalimumab-fkjp, 1 mg",0.0,2026,Procedure,CMS
Q5141,"Inj adalimumab-aaty, 1 mg",0.0,2026,Procedure,CMS
Q5142,"Inj adalimumab-ryvk, 1 mg",0.0,2026,Procedure,CMS
Q5143,"Inj adalimumab-adbm, 1 mg",0.0,2026,Procedure,CMS
Q5144,"Inj, idacio, 1 mg",0.0,2026,Procedure,CMS
Q5145,"Inj, abrilada, 1 mg",0.0,2026,Procedure,CMS
Q5146,"Inj, hercessi, 10 mg",0.0,2026,Procedure,CMS
Q5147,"Inj, aflibercept-ayyh, 1 mg",0.0,2026,Procedure,CMS
Q5148,"Inj, nyposi 1 mcg",0.0,2026,Procedure,CMS
Q5149,"Inj, aflibercept-abzv, 1 mg",0.0,2026,Procedure,CMS
Q5150,"Inj, aflibercept-mrbb, 1 mg",0.0,2026,Procedure,CMS
Q5151,"Inj, eculizumab-aagh, 2 mg",0.0,2026,Procedure,CMS
Q5152,"Inj, eculizumab-aeeb, 2 mg",0.0,2026,Procedure,CMS
Q5153,"Inj, aflibercept-yszy, 1 mg",0.0,2026,Procedure,CMS
Q5154,"Inj, omlyclo, 5 mg",0.0,2026,Procedure,CMS
Q5155,"Inj, aflibercept-jbvf, 1 mg",0.0,2026,Procedure,CMS
Q5156,"Inj, tocilizumab-anoh, 1 mg",0.0,2026,Procedure,CMS
Q5157,"Inj, denosumab-bmwo, 1 mg",0.0,2026,Procedure,CMS
Q5158,"Inj, denosumab-bnht, 1 mg",0.0,2026,Procedure,CMS
Q5159,"Inj, denosumab-dssb, 1 mg",0.0,2026,Procedure,CMS
Q5160,"Inj, jobevne, 10 mg",0.0,2026,Procedure,CMS
Q9001,Chaplain assessment,0.0,2026,Procedure,CMS
Q9002,Chaplain counsel individu,0.0,2026,Procedure,CMS
Q9003,Chaplain counsel group,0.0,2026,Procedure,CMS
Q9004,Va whole health partner serv,0.0,2026,Procedure,CMS
Q9950,Inj sulf hexa lipid microsph,0.0,2026,Procedure,CMS
Q9951,"Locm >= 400 mg/ml iodine,1ml",0.0,2026,Procedure,CMS
Q9953,"Inj fe-based mr contrast,1ml",0.0,2026,Procedure,CMS
Q9954,"Oral mr contrast, 100 ml",0.0,2026,Procedure,CMS
Q9955,"Inj perflexane lip micros,ml",0.0,2026,Procedure,CMS
Q9956,"Inj octafluoropropane mic,ml",0.0,2026,Procedure,CMS
Q9957,"Inj perflutren lip micros,ml",0.0,2026,Procedure,CMS
Q9958,"Hocm <=149 mg/ml iodine, 1ml",0.0,2026,Procedure,CMS
Q9959,"Hocm 150-199mg/ml iodine,1ml",0.0,2026,Procedure,CMS
Q9960,"Hocm 200-249mg/ml iodine,1ml",0.0,2026,Procedure,CMS
Q9961,"Hocm 250-299mg/ml iodine,1ml",0.0,2026,Procedure,CMS
Q9962,"Hocm 300-349mg/ml iodine,1ml",0.0,2026,Procedure,CMS
Q9963,"Hocm 350-399mg/ml iodine,1ml",0.0,2026,Procedure,CMS
Q9964,"Hocm>= 400mg/ml iodine, 1ml",0.0,2026,Procedure,CMS
Q9965,"Locm 100-199mg/ml iodine,1ml",0.0,2026,Procedure,CMS
Q9966,"Locm 200-299mg/ml iodine,1ml",0.0,2026,Procedure,CMS
Q9967,"Locm 300-399mg/ml iodine,1ml",0.0,2026,Procedure,CMS
Q9968,Visualization adjunct,0.0,2026,Procedure,CMS
Q9982,Flutemetamol f18 diagnostic,0.0,2026,Procedure,CMS
Q9983,Florbetaben f18 diagnostic,0.0,2026,Procedure,CMS
Q9991,Buprenorph xr 100 mg or less,0.0,2026,Procedure,CMS
Q9992,Buprenorphine xr over 100 mg,0.0,2026,Procedure,CMS
Q9996,Ustekinumab- ttwe sub cu inj,0.0,2026,Procedure,CMS
Q9997,Ustekinumab-ttwe iv inj 1 mg,0.0,2026,Procedure,CMS
Q9998,"Inj ustekinumab-aekn, 1 mg",0.0,2026,Procedure,CMS
Q9999,Inj ustekinumab-aauz 1 mg,0.0,2026,Procedure,CMS
R0070,Transport portable x-ray,0.0,2026,Procedure,CMS
R0075,Transport port x-ray multipl,0.0,2026,Procedure,CMS
R0076,Transport portable ekg,0.0,2026,Procedure,CMS
S0012,"Butorphanol tartrate, nasal",0.0,2026,Procedure,CMS
S0014,"Tacrine hydrochloride, 10 mg",0.0,2026,Procedure,CMS
S0021,"Injection, cefoperazone sod",0.0,2026,Procedure,CMS
S0023,"Injection, cimetidine hydroc",0.0,2026,Procedure,CMS
S0034,"Injection, ofloxacin, 400 mg",0.0,2026,Procedure,CMS
S0040,"Injection, ticarcillin disod",0.0,2026,Procedure,CMS
S0078,"Injection, fosphenytoin sodi",0.0,2026,Procedure,CMS
S0081,"Injection, piperacillin sodi",0.0,2026,Procedure,CMS
S0088,Imatinib 100 mg,0.0,2026,Procedure,CMS
S0090,"Sildenafil citrate, 25 mg",0.0,2026,Procedure,CMS
S0091,Granisetron 1mg,0.0,2026,Procedure,CMS
S0092,Hydromorphone 250 mg,0.0,2026,Procedure,CMS
S0093,Morphine 500 mg,0.0,2026,Procedure,CMS
S0104,"Zidovudine, oral, 100 mg",0.0,2026,Procedure,CMS
S0106,Bupropion hcl sr 60 tablets,0.0,2026,Procedure,CMS
S0108,Mercaptopurine 50 mg,0.0,2026,Procedure,CMS
S0109,Methadone oral 5mg,0.0,2026,Procedure,CMS
S0117,Tretinoin topical 5 g,0.0,2026,Procedure,CMS
S0119,Ondansetron 4 mg,0.0,2026,Procedure,CMS
S0122,Inj menotropins 75 iu,0.0,2026,Procedure,CMS
S0126,Inj follitropin alfa 75 iu,0.0,2026,Procedure,CMS
S0128,Inj follitropin beta 75 iu,0.0,2026,Procedure,CMS
S0132,Inj ganirelix acetat 250 mcg,0.0,2026,Procedure,CMS
S0136,"Clozapine, 25 mg",0.0,2026,Procedure,CMS
S0137,"Didanosine, 25 mg",0.0,2026,Procedure,CMS
S0138,"Finasteride, 5 mg",0.0,2026,Procedure,CMS
S0139,"Minoxidil, 10 mg",0.0,2026,Procedure,CMS
S0140,"Saquinavir, 200 mg",0.0,2026,Procedure,CMS
S0142,Colistimethate inh sol mg,0.0,2026,Procedure,CMS
S0145,Peg interferon alfa-2a/180,0.0,2026,Procedure,CMS
S0148,Peg interferon alfa-2b/10,0.0,2026,Procedure,CMS
S0155,Epoprostenol dilutant,0.0,2026,Procedure,CMS
S0156,"Exemestane, 25 mg",0.0,2026,Procedure,CMS
S0157,"Becaplermin gel 1%, 0.5 gm",0.0,2026,Procedure,CMS
S0160,Dextroamphetamine,0.0,2026,Procedure,CMS
S0169,Calcitrol,0.0,2026,Procedure,CMS
S0170,Anastrozole 1 mg,0.0,2026,Procedure,CMS
S0172,Chlorambucil 2 mg,0.0,2026,Procedure,CMS
S0174,Dolasetron 50 mg,0.0,2026,Procedure,CMS
S0175,Flutamide 125 mg,0.0,2026,Procedure,CMS
S0176,Hydroxyurea 500 mg,0.0,2026,Procedure,CMS
S0177,Levamisole 50 mg,0.0,2026,Procedure,CMS
S0178,Lomustine 10 mg,0.0,2026,Procedure,CMS
S0179,Megestrol 20 mg,0.0,2026,Procedure,CMS
S0182,"Procarbazine, oral",0.0,2026,Procedure,CMS
S0183,Prochlorperazine 5 mg,0.0,2026,Procedure,CMS
S0187,Tamoxifen 10 mg,0.0,2026,Procedure,CMS
S0190,"Mifepristone, oral, 200 mg",0.0,2026,Procedure,CMS
S0191,"Misoprostol, oral, 200 mcg",0.0,2026,Procedure,CMS
S0194,Vitamin suppl 100 caps,0.0,2026,Procedure,CMS
S0197,Prenatal vitamins 30 day,0.0,2026,Procedure,CMS
S0199,Med abortion inc all ex drug,0.0,2026,Procedure,CMS
S0201,Partial hospitalization serv,0.0,2026,Procedure,CMS
S0207,Paramedicintercep nonhospals,0.0,2026,Procedure,CMS
S0208,Paramed intrcept nonvol,0.0,2026,Procedure,CMS
S0209,Wc van mileage per mi,0.0,2026,Procedure,CMS
S0215,Nonemerg transp mileage,0.0,2026,Procedure,CMS
S0220,Medical conference by physic,0.0,2026,Procedure,CMS
S0221,"Medical conference, 60 min",0.0,2026,Procedure,CMS
S0250,Comp geriatr assmt team,0.0,2026,Procedure,CMS
S0255,Hospice refer visit nonmd,0.0,2026,Procedure,CMS
S0257,End of life counseling,0.0,2026,Procedure,CMS
S0260,H&p for surgery,0.0,2026,Procedure,CMS
S0265,Genetic counsel 15 mins,0.0,2026,Procedure,CMS
S0270,Home std case rate 30 days,0.0,2026,Procedure,CMS
S0271,Home hospice case 30 days,0.0,2026,Procedure,CMS
S0272,Home episodic case 30 days,0.0,2026,Procedure,CMS
S0273,Md home visit outside cap,0.0,2026,Procedure,CMS
S0274,Nurse practr visit outs cap,0.0,2026,Procedure,CMS
S0280,"Medical home, initial plan",0.0,2026,Procedure,CMS
S0281,"Medical home, maintenance",0.0,2026,Procedure,CMS
S0285,Cnslt before screen colonosc,0.0,2026,Procedure,CMS
S0302,Completed epsdt,0.0,2026,Procedure,CMS
S0310,Hospitalist visit,0.0,2026,Procedure,CMS
S0311,Comp mgmt care coord adv ill,0.0,2026,Procedure,CMS
S0315,Disease management program,0.0,2026,Procedure,CMS
S0316,Follow-up/reassessment,0.0,2026,Procedure,CMS
S0317,Disease mgmt per diem,0.0,2026,Procedure,CMS
S0320,Rn telephone calls to dmp,0.0,2026,Procedure,CMS
S0340,Lifestyle mod 1st stage,0.0,2026,Procedure,CMS
S0341,Lifestyle mod 2 or 3 stage,0.0,2026,Procedure,CMS
S0342,Lifestyle mod 4th stage,0.0,2026,Procedure,CMS
S0353,Cancer treatmentplan initial,0.0,2026,Procedure,CMS
S0354,Cancer treatment plan change,0.0,2026,Procedure,CMS
S0390,Rout foot care per visit,0.0,2026,Procedure,CMS
S0395,Impression casting ft,0.0,2026,Procedure,CMS
S0400,Global eswl kidney,0.0,2026,Procedure,CMS
S0500,Dispos cont lens,0.0,2026,Procedure,CMS
S0504,Singl prscrp lens,0.0,2026,Procedure,CMS
S0506,Bifoc prscp lens,0.0,2026,Procedure,CMS
S0508,Trifoc prscrp lens,0.0,2026,Procedure,CMS
S0510,Non-prscrp lens,0.0,2026,Procedure,CMS
S0512,Daily cont lens,0.0,2026,Procedure,CMS
S0514,Color cont lens,0.0,2026,Procedure,CMS
S0515,Scleral lens liquid bandage,0.0,2026,Procedure,CMS
S0516,Safety frames,0.0,2026,Procedure,CMS
S0518,Sunglass frames,0.0,2026,Procedure,CMS
S0580,Polycarb lens,0.0,2026,Procedure,CMS
S0581,Nonstnd lens,0.0,2026,Procedure,CMS
S0590,Misc integral lens serv,0.0,2026,Procedure,CMS
S0592,Comp cont lens eval,0.0,2026,Procedure,CMS
S0595,New lenses in pts old frame,0.0,2026,Procedure,CMS
S0596,Phakic iol refractive error,0.0,2026,Procedure,CMS
S0601,Screening proctoscopy,0.0,2026,Procedure,CMS
S0610,Annual gynecological examina,0.0,2026,Procedure,CMS
S0612,Annual gynecological examina,0.0,2026,Procedure,CMS
S0613,Ann breast exam,0.0,2026,Procedure,CMS
S0618,Audiometry for hearing aid,0.0,2026,Procedure,CMS
S0620,Routine ophthalmological exa,0.0,2026,Procedure,CMS
S0621,Routine ophthalmological exa,0.0,2026,Procedure,CMS
S0622,Phys exam for college,0.0,2026,Procedure,CMS
S0630,Removal of sutures,0.0,2026,Procedure,CMS
S0800,Laser in situ keratomileusis,0.0,2026,Procedure,CMS
S0810,Photorefractive keratectomy,0.0,2026,Procedure,CMS
S0812,Phototherap keratect,0.0,2026,Procedure,CMS
S1001,Deluxe item,0.0,2026,Procedure,CMS
S1002,Custom item,0.0,2026,Procedure,CMS
S1015,Iv tubing extension set,0.0,2026,Procedure,CMS
S1016,Non-pvc intravenous administ,0.0,2026,Procedure,CMS
S1030,Gluc monitor purchase,0.0,2026,Procedure,CMS
S1031,Gluc monitor rental,0.0,2026,Procedure,CMS
S1034,Art pancreas system,0.0,2026,Procedure,CMS
S1035,Art pancreas inv disp sensor,0.0,2026,Procedure,CMS
S1036,Art pancreas ext transmitter,0.0,2026,Procedure,CMS
S1037,Art pancreas ext receiver,0.0,2026,Procedure,CMS
S1040,Cranial remolding orthosis,0.0,2026,Procedure,CMS
S1091,Stent non-coronary propel,0.0,2026,Procedure,CMS
S2053,Transplantation of small int,0.0,2026,Procedure,CMS
S2054,Transplantation of multivisc,0.0,2026,Procedure,CMS
S2055,Harvesting of donor multivis,0.0,2026,Procedure,CMS
S2060,Lobar lung transplantation,0.0,2026,Procedure,CMS
S2061,Donor lobectomy (lung),0.0,2026,Procedure,CMS
S2065,Simult panc kidn trans,0.0,2026,Procedure,CMS
S2066,Breast gap flap reconst,0.0,2026,Procedure,CMS
S2067,"Breast ""stacked"" diep/gap",0.0,2026,Procedure,CMS
S2068,Breast diep or siea flap,0.0,2026,Procedure,CMS
S2070,Cysto laser tx ureteral calc,0.0,2026,Procedure,CMS
S2079,Lap esophagomyotomy,0.0,2026,Procedure,CMS
S2080,Laup,0.0,2026,Procedure,CMS
S2083,Adjustment gastric band,0.0,2026,Procedure,CMS
S2095,Transcath emboliz microspher,0.0,2026,Procedure,CMS
S2102,Islet cell tissue transplant,0.0,2026,Procedure,CMS
S2103,Adrenal tissue transplant,0.0,2026,Procedure,CMS
S2107,Adoptive immunotherapy,0.0,2026,Procedure,CMS
S2112,Knee arthroscp harv,0.0,2026,Procedure,CMS
S2115,Periacetabular osteotomy,0.0,2026,Procedure,CMS
S2117,"Arthroereisis, subtalar",0.0,2026,Procedure,CMS
S2118,Total hip resurfacing,0.0,2026,Procedure,CMS
S2120,Low density lipoprotein(ldl),0.0,2026,Procedure,CMS
S2140,Cord blood harvesting,0.0,2026,Procedure,CMS
S2142,Cord blood-derived stem-cell,0.0,2026,Procedure,CMS
S2150,Bmt harv/transpl 28d pkg,0.0,2026,Procedure,CMS
S2152,Solid organ transpl pkg,0.0,2026,Procedure,CMS
S2202,Echosclerotherapy,0.0,2026,Procedure,CMS
S2205,Minimally invasive direct co,0.0,2026,Procedure,CMS
S2206,Minimally invasive direct co,0.0,2026,Procedure,CMS
S2207,Minimally invasive direct co,0.0,2026,Procedure,CMS
S2208,Minimally invasive direct co,0.0,2026,Procedure,CMS
S2209,Minimally invasive direct co,0.0,2026,Procedure,CMS
S2225,Myringotomy laser-assist,0.0,2026,Procedure,CMS
S2230,Implant semi-imp hear,0.0,2026,Procedure,CMS
S2235,Implant auditory brain imp,0.0,2026,Procedure,CMS
S2260,Induced abortion 17-24 weeks,0.0,2026,Procedure,CMS
S2265,Induced abortion 25-28 wks,0.0,2026,Procedure,CMS
S2266,Induced abortion 29-31 wks,0.0,2026,Procedure,CMS
S2267,Induced abortion 32 or more,0.0,2026,Procedure,CMS
S2300,"Arthroscopy, shoulder, surgi",0.0,2026,Procedure,CMS
S2325,Hip core decompression,0.0,2026,Procedure,CMS
S2340,Chemodenervation of abductor,0.0,2026,Procedure,CMS
S2341,Chemodenerv adduct vocal,0.0,2026,Procedure,CMS
S2342,Nasal endoscop po debrid,0.0,2026,Procedure,CMS
S2348,Decompress disc rf lumbar,0.0,2026,Procedure,CMS
S2350,"Diskectomy, anterior, with d",0.0,2026,Procedure,CMS
S2351,"Diskectomy, anterior, with d",0.0,2026,Procedure,CMS
S2400,Fetal surg congen hernia,0.0,2026,Procedure,CMS
S2401,Fetal surg urin trac obstr,0.0,2026,Procedure,CMS
S2402,Fetal surg cong cyst malf,0.0,2026,Procedure,CMS
S2403,Fetal surg pulmon sequest,0.0,2026,Procedure,CMS
S2404,Fetal surg myelomeningo,0.0,2026,Procedure,CMS
S2405,Fetal surg sacrococ teratoma,0.0,2026,Procedure,CMS
S2409,Fetal surg noc,0.0,2026,Procedure,CMS
S2411,Fetoscop laser ther ttts,0.0,2026,Procedure,CMS
S2900,Robotic surgical system,0.0,2026,Procedure,CMS
S3000,Bilat dil retinal exam,0.0,2026,Procedure,CMS
S3005,Eval self-assess depression,0.0,2026,Procedure,CMS
S3600,Stat lab,0.0,2026,Procedure,CMS
S3601,Stat lab home/nf,0.0,2026,Procedure,CMS
S3620,Newborn metabolic screening,0.0,2026,Procedure,CMS
S3630,Eosinophil blood count,0.0,2026,Procedure,CMS
S3645,Hiv-1 antibody testing of or,0.0,2026,Procedure,CMS
S3650,"Saliva test, hormone level;",0.0,2026,Procedure,CMS
S3652,"Saliva test, hormone level;",0.0,2026,Procedure,CMS
S3655,Antisperm antibodies test,0.0,2026,Procedure,CMS
S3708,Gastrointestinal fat absorpt,0.0,2026,Procedure,CMS
S3722,Dose optimization auc - 5fu,0.0,2026,Procedure,CMS
S3800,Genetic testing als,0.0,2026,Procedure,CMS
S3840,Dna analysis ret-oncogene,0.0,2026,Procedure,CMS
S3841,Gene test retinoblastoma,0.0,2026,Procedure,CMS
S3842,Gene test hippel-lindau,0.0,2026,Procedure,CMS
S3844,Dna analysis deafness,0.0,2026,Procedure,CMS
S3845,Gene test alpha-thalassemia,0.0,2026,Procedure,CMS
S3846,Gene test beta-thalassemia,0.0,2026,Procedure,CMS
S3849,Gene test niemann-pick,0.0,2026,Procedure,CMS
S3850,Gene test sickle cell,0.0,2026,Procedure,CMS
S3852,Dna analysis apoe alzheimer,0.0,2026,Procedure,CMS
S3853,Gene test myo musclr dyst,0.0,2026,Procedure,CMS
S3854,Gene profile panel breast,0.0,2026,Procedure,CMS
S3861,Genetic test brugada,0.0,2026,Procedure,CMS
S3865,Comp genet test hyp cardiomy,0.0,2026,Procedure,CMS
S3866,Spec gene test hyp cardiomy,0.0,2026,Procedure,CMS
S3870,Cgh test developmental delay,0.0,2026,Procedure,CMS
S3900,Surface emg,0.0,2026,Procedure,CMS
S3902,Ballistocardiogram,0.0,2026,Procedure,CMS
S3904,Masters two step,0.0,2026,Procedure,CMS
S4005,Interim labor facility globa,0.0,2026,Procedure,CMS
S4011,Ivf package,0.0,2026,Procedure,CMS
S4013,Compl gift case rate,0.0,2026,Procedure,CMS
S4014,Compl zift case rate,0.0,2026,Procedure,CMS
S4015,Complete ivf nos case rate,0.0,2026,Procedure,CMS
S4016,Frozen ivf case rate,0.0,2026,Procedure,CMS
S4017,Ivf canc a stim case rate,0.0,2026,Procedure,CMS
S4018,F emb trns canc case rate,0.0,2026,Procedure,CMS
S4020,Ivf canc b4 aspir case rate,0.0,2026,Procedure,CMS
S4021,Ivf canc aftr aspr case rate,0.0,2026,Procedure,CMS
S4022,Asst oocyte fert case rate,0.0,2026,Procedure,CMS
S4023,Incompl donor egg case rate,0.0,2026,Procedure,CMS
S4024,Air polymer foam per study,0.0,2026,Procedure,CMS
S4025,Donor serv ivf case rate,0.0,2026,Procedure,CMS
S4026,Procure donor sperm,0.0,2026,Procedure,CMS
S4027,Store prev froz embryos,0.0,2026,Procedure,CMS
S4028,Microsurg epi sperm asp,0.0,2026,Procedure,CMS
S4030,Sperm procure init visit,0.0,2026,Procedure,CMS
S4031,Sperm procure subs visit,0.0,2026,Procedure,CMS
S4035,Stimulated iui case rate,0.0,2026,Procedure,CMS
S4037,Cryo embryo transf case rate,0.0,2026,Procedure,CMS
S4040,Monit store cryo embryo 30 d,0.0,2026,Procedure,CMS
S4042,Ovulation mgmt per cycle,0.0,2026,Procedure,CMS
S4981,Insert levonorgestrel ius,0.0,2026,Procedure,CMS
S4989,Contracept iud,0.0,2026,Procedure,CMS
S4990,Nicotine patch legend,0.0,2026,Procedure,CMS
S4991,Nicotine patch nonlegend,0.0,2026,Procedure,CMS
S4993,Contraceptive pills for bc,0.0,2026,Procedure,CMS
S4995,Smoking cessation gum,0.0,2026,Procedure,CMS
S5000,"Prescription drug, generic",0.0,2026,Procedure,CMS
S5001,"Prescription drug,brand name",0.0,2026,Procedure,CMS
S5010,5% dextrose and 0.45% saline,0.0,2026,Procedure,CMS
S5012,5% dextrose with potassium,0.0,2026,Procedure,CMS
S5013,5%dextrose/0.45%saline1000ml,0.0,2026,Procedure,CMS
S5014,D5w/0.45ns w kcl and mgs04,0.0,2026,Procedure,CMS
S5035,Hit routine device maint,0.0,2026,Procedure,CMS
S5036,Hit device repair,0.0,2026,Procedure,CMS
S5100,Adult daycare services 15min,0.0,2026,Procedure,CMS
S5101,Adult day care per half day,0.0,2026,Procedure,CMS
S5102,Adult day care per diem,0.0,2026,Procedure,CMS
S5105,Centerbased day care perdiem,0.0,2026,Procedure,CMS
S5108,Homecare train pt 15 min,0.0,2026,Procedure,CMS
S5109,Homecare train pt session,0.0,2026,Procedure,CMS
S5110,Family homecare training 15m,0.0,2026,Procedure,CMS
S5111,Family homecare train/sessio,0.0,2026,Procedure,CMS
S5115,Nonfamily homecare train/15m,0.0,2026,Procedure,CMS
S5116,Nonfamily hc train/session,0.0,2026,Procedure,CMS
S5120,Chore services per 15 min,0.0,2026,Procedure,CMS
S5121,Chore services per diem,0.0,2026,Procedure,CMS
S5125,Attendant care service /15m,0.0,2026,Procedure,CMS
S5126,Attendant care service /diem,0.0,2026,Procedure,CMS
S5130,Homaker service nos per 15m,0.0,2026,Procedure,CMS
S5131,Homemaker service nos /diem,0.0,2026,Procedure,CMS
S5135,Adult companioncare per 15m,0.0,2026,Procedure,CMS
S5136,Adult companioncare per diem,0.0,2026,Procedure,CMS
S5140,Adult foster care per diem,0.0,2026,Procedure,CMS
S5141,Adult foster care per month,0.0,2026,Procedure,CMS
S5145,Child fostercare th per diem,0.0,2026,Procedure,CMS
S5146,Ther fostercare child /month,0.0,2026,Procedure,CMS
S5150,Unskilled respite care /15m,0.0,2026,Procedure,CMS
S5151,Unskilled respitecare /diem,0.0,2026,Procedure,CMS
S5160,Emer response sys instal&tst,0.0,2026,Procedure,CMS
S5161,Emer rspns sys serv permonth,0.0,2026,Procedure,CMS
S5162,Emer rspns system purchase,0.0,2026,Procedure,CMS
S5165,Home modifications per serv,0.0,2026,Procedure,CMS
S5170,Homedelivered prepared meal,0.0,2026,Procedure,CMS
S5175,"Laundry serv,ext,prof,/order",0.0,2026,Procedure,CMS
S5180,Hh respiratory thrpy in eval,0.0,2026,Procedure,CMS
S5181,Hh respiratory thrpy nos/day,0.0,2026,Procedure,CMS
S5185,Med reminder serv per month,0.0,2026,Procedure,CMS
S5190,Wellness assessment by nonph,0.0,2026,Procedure,CMS
S5199,Personal care item nos each,0.0,2026,Procedure,CMS
S5497,Hit cath care noc,0.0,2026,Procedure,CMS
S5498,Hit simple cath care,0.0,2026,Procedure,CMS
S5501,Hit complex cath care,0.0,2026,Procedure,CMS
S5502,Hit interim cath care,0.0,2026,Procedure,CMS
S5517,Hit declotting kit,0.0,2026,Procedure,CMS
S5518,Hit cath repair kit,0.0,2026,Procedure,CMS
S5520,Hit picc insert kit,0.0,2026,Procedure,CMS
S5521,Hit midline cath insert kit,0.0,2026,Procedure,CMS
S5522,Hit picc insert no supp,0.0,2026,Procedure,CMS
S5523,Hip midline cath insert kit,0.0,2026,Procedure,CMS
S5550,Insulin rapid 5 u,0.0,2026,Procedure,CMS
S5551,Insulin most rapid 5 u,0.0,2026,Procedure,CMS
S5552,Insulin intermed 5 u,0.0,2026,Procedure,CMS
S5553,Insulin long acting 5 u,0.0,2026,Procedure,CMS
S5560,Insulin reuse pen 1.5 ml,0.0,2026,Procedure,CMS
S5561,Insulin reuse pen 3 ml,0.0,2026,Procedure,CMS
S5565,Insulin cartridge 150 u,0.0,2026,Procedure,CMS
S5566,Insulin cartridge 300 u,0.0,2026,Procedure,CMS
S5570,Insulin dispos pen 1.5 ml,0.0,2026,Procedure,CMS
S5571,Insulin dispos pen 3 ml,0.0,2026,Procedure,CMS
S8030,Tantalum ring application,0.0,2026,Procedure,CMS
S8035,Magnetic source imaging,0.0,2026,Procedure,CMS
S8037,Mrcp,0.0,2026,Procedure,CMS
S8040,Topographic brain mapping,0.0,2026,Procedure,CMS
S8042,Mri low field,0.0,2026,Procedure,CMS
S8055,Us guidance fetal reduct,0.0,2026,Procedure,CMS
S8080,Scintimammography,0.0,2026,Procedure,CMS
S8085,Fluorine-18 fluorodeoxygluco,0.0,2026,Procedure,CMS
S8092,Electron beam computed tomog,0.0,2026,Procedure,CMS
S8096,Portable peak flow meter,0.0,2026,Procedure,CMS
S8097,Asthma kit,0.0,2026,Procedure,CMS
S8100,Spacer without mask,0.0,2026,Procedure,CMS
S8101,Spacer with mask,0.0,2026,Procedure,CMS
S8110,Peak expiratory flow rate (p,0.0,2026,Procedure,CMS
S8120,O2 contents gas cubic ft,0.0,2026,Procedure,CMS
S8121,O2 contents liquid lb,0.0,2026,Procedure,CMS
S8130,Interferential stim 2 chan,0.0,2026,Procedure,CMS
S8131,Interferential stim 4 chan,0.0,2026,Procedure,CMS
S8185,Flutter device,0.0,2026,Procedure,CMS
S8186,Swivel adaptor,0.0,2026,Procedure,CMS
S8189,Trach supply noc,0.0,2026,Procedure,CMS
S8210,Mucus trap,0.0,2026,Procedure,CMS
S8265,Haberman feeder,0.0,2026,Procedure,CMS
S8270,Enuresis alarm,0.0,2026,Procedure,CMS
S8301,Infect control supplies nos,0.0,2026,Procedure,CMS
S8415,Supplies for home delivery,0.0,2026,Procedure,CMS
S8420,Custom gradient sleev/glov,0.0,2026,Procedure,CMS
S8421,Ready gradient sleev/glov,0.0,2026,Procedure,CMS
S8422,Custom grad sleeve med,0.0,2026,Procedure,CMS
S8423,Custom grad sleeve heavy,0.0,2026,Procedure,CMS
S8424,Ready gradient sleeve,0.0,2026,Procedure,CMS
S8425,Custom grad glove med,0.0,2026,Procedure,CMS
S8426,Custom grad glove heavy,0.0,2026,Procedure,CMS
S8427,Ready gradient glove,0.0,2026,Procedure,CMS
S8428,Ready gradient gauntlet,0.0,2026,Procedure,CMS
S8429,Gradient pressure wrap,0.0,2026,Procedure,CMS
S8430,Padding for comprssn bdg,0.0,2026,Procedure,CMS
S8431,Compression bandage,0.0,2026,Procedure,CMS
S8450,Splint digit,0.0,2026,Procedure,CMS
S8451,Splint wrist or ankle,0.0,2026,Procedure,CMS
S8452,Splint elbow,0.0,2026,Procedure,CMS
S8460,Camisole post-mast,0.0,2026,Procedure,CMS
S8490,100 insulin syringes,0.0,2026,Procedure,CMS
S8930,Auricular electrostimulation,0.0,2026,Procedure,CMS
S8940,Hippotherapy per session,0.0,2026,Procedure,CMS
S8948,Low-level laser trmt 15 min,0.0,2026,Procedure,CMS
S8950,"Complex lymphedema therapy,",0.0,2026,Procedure,CMS
S8990,Pt or manip for maint,0.0,2026,Procedure,CMS
S8999,Resuscitation bag,0.0,2026,Procedure,CMS
S9001,Home uterine monitor with or,0.0,2026,Procedure,CMS
S9002,Intra-vag motion sens biofk,0.0,2026,Procedure,CMS
S9007,Ultrafiltration monitor,0.0,2026,Procedure,CMS
S9024,Paranasal sinus ultrasound,0.0,2026,Procedure,CMS
S9025,Omnicardiogram/cardiointegra,0.0,2026,Procedure,CMS
S9034,Eswl for gallstones,0.0,2026,Procedure,CMS
S9055,Procuren or other growth fac,0.0,2026,Procedure,CMS
S9056,Coma stimulation per diem,0.0,2026,Procedure,CMS
S9061,Medical supplies and equipme,0.0,2026,Procedure,CMS
S9083,Urgent care center global,0.0,2026,Procedure,CMS
S9088,Services provided in urgent,0.0,2026,Procedure,CMS
S9090,Vertebral axial decompressio,0.0,2026,Procedure,CMS
S9097,Home visit wound care,0.0,2026,Procedure,CMS
S9098,Home phototherapy visit,0.0,2026,Procedure,CMS
S9110,Telemonitoring/home per mnth,0.0,2026,Procedure,CMS
S9117,Back school visit,0.0,2026,Procedure,CMS
S9122,Home health aide or certifie,0.0,2026,Procedure,CMS
S9123,Nursing care in home rn,0.0,2026,Procedure,CMS
S9124,"Nursing care, in the home; b",0.0,2026,Procedure,CMS
S9125,"Respite care, in the home, p",0.0,2026,Procedure,CMS
S9126,"Hospice care, in the home, p",0.0,2026,Procedure,CMS
S9127,"Social work visit, in the ho",0.0,2026,Procedure,CMS
S9128,"Speech therapy, in the home,",0.0,2026,Procedure,CMS
S9129,"Occupational therapy, in the",0.0,2026,Procedure,CMS
S9131,Pt in the home per diem,0.0,2026,Procedure,CMS
S9140,"Diabetic management program,",0.0,2026,Procedure,CMS
S9141,"Diabetic management program,",0.0,2026,Procedure,CMS
S9145,Insulin pump initiation,0.0,2026,Procedure,CMS
S9150,Evaluation by ocularist,0.0,2026,Procedure,CMS
S9152,"Speech therapy, re-eval",0.0,2026,Procedure,CMS
S9208,Home mgmt preterm labor,0.0,2026,Procedure,CMS
S9209,Home mgmt pprom,0.0,2026,Procedure,CMS
S9211,Home mgmt gest hypertension,0.0,2026,Procedure,CMS
S9212,Hm postpar hyper per diem,0.0,2026,Procedure,CMS
S9213,Hm preeclamp per diem,0.0,2026,Procedure,CMS
S9214,Hm gest dm per diem,0.0,2026,Procedure,CMS
S9325,Hit pain mgmt per diem,0.0,2026,Procedure,CMS
S9326,Hit cont pain per diem,0.0,2026,Procedure,CMS
S9327,Hit int pain per diem,0.0,2026,Procedure,CMS
S9328,Hit pain imp pump diem,0.0,2026,Procedure,CMS
S9329,Hit chemo per diem,0.0,2026,Procedure,CMS
S9330,Hit cont chem diem,0.0,2026,Procedure,CMS
S9331,Hit intermit chemo diem,0.0,2026,Procedure,CMS
S9335,Ht hemodialysis diem,0.0,2026,Procedure,CMS
S9336,Hit cont anticoag diem,0.0,2026,Procedure,CMS
S9338,Hit immunotherapy diem,0.0,2026,Procedure,CMS
S9339,Hit periton dialysis diem,0.0,2026,Procedure,CMS
S9340,Hit enteral per diem,0.0,2026,Procedure,CMS
S9341,Hit enteral grav diem,0.0,2026,Procedure,CMS
S9342,Hit enteral pump diem,0.0,2026,Procedure,CMS
S9343,Hit enteral bolus nurs,0.0,2026,Procedure,CMS
S9345,Hit anti-hemophil diem,0.0,2026,Procedure,CMS
S9346,Hit alpha-1-proteinas diem,0.0,2026,Procedure,CMS
S9347,Hit longterm infusion diem,0.0,2026,Procedure,CMS
S9348,Hit sympathomim diem,0.0,2026,Procedure,CMS
S9349,Hit tocolysis diem,0.0,2026,Procedure,CMS
S9351,Hit cont antiemetic diem,0.0,2026,Procedure,CMS
S9353,Hit cont insulin diem,0.0,2026,Procedure,CMS
S9355,Hit chelation diem,0.0,2026,Procedure,CMS
S9357,Hit enzyme replace diem,0.0,2026,Procedure,CMS
S9359,Hit anti-tnf per diem,0.0,2026,Procedure,CMS
S9361,Hit diuretic infus diem,0.0,2026,Procedure,CMS
S9363,Hit anti-spasmotic diem,0.0,2026,Procedure,CMS
S9364,Hit tpn total diem,0.0,2026,Procedure,CMS
S9365,Hit tpn 1 liter diem,0.0,2026,Procedure,CMS
S9366,Hit tpn 2 liter diem,0.0,2026,Procedure,CMS
S9367,Hit tpn 3 liter diem,0.0,2026,Procedure,CMS
S9368,Hit tpn over 3l diem,0.0,2026,Procedure,CMS
S9370,Ht inj antiemetic diem,0.0,2026,Procedure,CMS
S9372,Ht inj anticoag diem,0.0,2026,Procedure,CMS
S9373,Hit hydra total diem,0.0,2026,Procedure,CMS
S9374,Hit hydra 1 liter diem,0.0,2026,Procedure,CMS
S9375,Hit hydra 2 liter diem,0.0,2026,Procedure,CMS
S9376,Hit hydra 3 liter diem,0.0,2026,Procedure,CMS
S9377,Hit hydra over 3l diem,0.0,2026,Procedure,CMS
S9379,Hit noc per diem,0.0,2026,Procedure,CMS
S9381,Hit high risk/escort,0.0,2026,Procedure,CMS
S9401,Anticoag clinic per session,0.0,2026,Procedure,CMS
S9430,Pharmacy comp/disp serv,0.0,2026,Procedure,CMS
S9432,Med food non inborn err meta,0.0,2026,Procedure,CMS
S9433,Medical food oral 100% nutr,0.0,2026,Procedure,CMS
S9434,Mod solid food suppl,0.0,2026,Procedure,CMS
S9435,Medical foods for inborn err,0.0,2026,Procedure,CMS
S9436,Lamaze class,0.0,2026,Procedure,CMS
S9437,Childbirth refresher class,0.0,2026,Procedure,CMS
S9438,Cesarean birth class,0.0,2026,Procedure,CMS
S9439,Vbac class,0.0,2026,Procedure,CMS
S9441,Asthma education,0.0,2026,Procedure,CMS
S9442,Birthing class,0.0,2026,Procedure,CMS
S9443,Lactation class,0.0,2026,Procedure,CMS
S9444,Parenting class,0.0,2026,Procedure,CMS
S9445,Pt education noc individ,0.0,2026,Procedure,CMS
S9446,Pt education noc group,0.0,2026,Procedure,CMS
S9447,Infant safety class,0.0,2026,Procedure,CMS
S9449,Weight mgmt class,0.0,2026,Procedure,CMS
S9451,Exercise class,0.0,2026,Procedure,CMS
S9452,Nutrition class,0.0,2026,Procedure,CMS
S9453,Smoking cessation class,0.0,2026,Procedure,CMS
S9454,Stress mgmt class,0.0,2026,Procedure,CMS
S9455,"Diabetic management program,",0.0,2026,Procedure,CMS
S9460,"Diabetic management program,",0.0,2026,Procedure,CMS
S9465,"Diabetic management program,",0.0,2026,Procedure,CMS
S9470,"Nutritional counseling, diet",0.0,2026,Procedure,CMS
S9472,Cardiac rehabilitation progr,0.0,2026,Procedure,CMS
S9473,Pulmonary rehabilitation pro,0.0,2026,Procedure,CMS
S9474,Enterostomal therapy by a re,0.0,2026,Procedure,CMS
S9475,Ambulatory setting substance,0.0,2026,Procedure,CMS
S9476,Vestibular rehab per diem,0.0,2026,Procedure,CMS
S9480,Intensive outpatient psychia,0.0,2026,Procedure,CMS
S9482,Family stabilization 15 min,0.0,2026,Procedure,CMS
S9484,Crisis intervention per hour,0.0,2026,Procedure,CMS
S9485,Crisis intervention mental h,0.0,2026,Procedure,CMS
S9490,Hit corticosteroid/diem,0.0,2026,Procedure,CMS
S9494,Hit antibiotic total diem,0.0,2026,Procedure,CMS
S9497,Hit antibiotic q3h diem,0.0,2026,Procedure,CMS
S9500,Hit antibiotic q24h diem,0.0,2026,Procedure,CMS
S9501,Hit antibiotic q12h diem,0.0,2026,Procedure,CMS
S9502,Hit antibiotic q8h diem,0.0,2026,Procedure,CMS
S9503,Hit antibiotic q6h diem,0.0,2026,Procedure,CMS
S9504,Hit antibiotic q4h diem,0.0,2026,Procedure,CMS
S9529,Venipuncture home/snf,0.0,2026,Procedure,CMS
S9537,Ht hem horm inj diem,0.0,2026,Procedure,CMS
S9538,Hit blood products diem,0.0,2026,Procedure,CMS
S9542,Ht inj noc per diem,0.0,2026,Procedure,CMS
S9558,Ht inj growth horm diem,0.0,2026,Procedure,CMS
S9559,Hit inj interferon diem,0.0,2026,Procedure,CMS
S9560,Ht inj hormone diem,0.0,2026,Procedure,CMS
S9562,Ht inj palivizumab/ab diem,0.0,2026,Procedure,CMS
S9563,Ht inj immuno diem,0.0,2026,Procedure,CMS
S9590,Ht irrigation diem,0.0,2026,Procedure,CMS
S9810,Ht pharm per hour,0.0,2026,Procedure,CMS
S9900,Christian sci pract visit,0.0,2026,Procedure,CMS
S9901,Christian sci nurse visit,0.0,2026,Procedure,CMS
S9960,Air ambulanc nonemerg fixed,0.0,2026,Procedure,CMS
S9961,Air ambulan nonemerg rotary,0.0,2026,Procedure,CMS
S9970,Health club membership yr,0.0,2026,Procedure,CMS
S9975,Transplant related per diem,0.0,2026,Procedure,CMS
S9976,Lodging per diem,0.0,2026,Procedure,CMS
S9977,Meals per diem,0.0,2026,Procedure,CMS
S9981,Med record copy admin,0.0,2026,Procedure,CMS
S9982,Med record copy per page,0.0,2026,Procedure,CMS
S9986,Not medically necessary svc,0.0,2026,Procedure,CMS
S9988,Serv part of phase i trial,0.0,2026,Procedure,CMS
S9989,Services outside us,0.0,2026,Procedure,CMS
S9990,Services provided as part of,0.0,2026,Procedure,CMS
S9991,Services provided as part of,0.0,2026,Procedure,CMS
S9992,Transportation costs to and,0.0,2026,Procedure,CMS
S9994,Lodging costs (e.g. hotel ch,0.0,2026,Procedure,CMS
S9996,Meals for clinical trial par,0.0,2026,Procedure,CMS
S9999,Sales tax,0.0,2026,Procedure,CMS
T1000,Private duty/independent nsg,0.0,2026,Procedure,CMS
T1001,Nursing assessment/evaluatn,0.0,2026,Procedure,CMS
T1002,Rn services up to 15 minutes,0.0,2026,Procedure,CMS
T1003,Lpn/lvn services up to 15min,0.0,2026,Procedure,CMS
T1004,Nsg aide service up to 15min,0.0,2026,Procedure,CMS
T1005,Respite care service 15 min,0.0,2026,Procedure,CMS
T1006,Family/couple counseling,0.0,2026,Procedure,CMS
T1007,Treatment plan development,0.0,2026,Procedure,CMS
T1009,Child sitting services,0.0,2026,Procedure,CMS
T1010,Meals when receive services,0.0,2026,Procedure,CMS
T1012,Alcohol/substance abuse skil,0.0,2026,Procedure,CMS
T1013,Sign lang/oral interpreter,0.0,2026,Procedure,CMS
T1014,"Telehealth transmit, per min",0.0,2026,Procedure,CMS
T1015,Clinic service,0.0,2026,Procedure,CMS
T1016,Case management,0.0,2026,Procedure,CMS
T1017,Targeted case management,0.0,2026,Procedure,CMS
T1018,School-based iep ser bundled,0.0,2026,Procedure,CMS
T1019,Personal care ser per 15 min,0.0,2026,Procedure,CMS
T1020,Personal care ser per diem,0.0,2026,Procedure,CMS
T1021,Hh aide or cn aide per visit,0.0,2026,Procedure,CMS
T1022,Contracted services per day,0.0,2026,Procedure,CMS
T1023,Program intake assessment,0.0,2026,Procedure,CMS
T1024,Team evaluation & management,0.0,2026,Procedure,CMS
T1025,"Ped compr care pkg, per diem",0.0,2026,Procedure,CMS
T1026,"Ped compr care pkg, per hour",0.0,2026,Procedure,CMS
T1027,Family training & counseling,0.0,2026,Procedure,CMS
T1028,Home environment assessment,0.0,2026,Procedure,CMS
T1029,Dwelling lead investigation,0.0,2026,Procedure,CMS
T1030,Rn home care per diem,0.0,2026,Procedure,CMS
T1031,Lpn home care per diem,0.0,2026,Procedure,CMS
T1032,Sv doula brth wrk per 15 min,0.0,2026,Procedure,CMS
T1033,Sv doula brth wrk per diem,0.0,2026,Procedure,CMS
T1040,Comm bh clinic svc per diem,0.0,2026,Procedure,CMS
T1041,Comm bh clinic svc per month,0.0,2026,Procedure,CMS
T1502,Medication admin visit,0.0,2026,Procedure,CMS
T1503,"Med admin, not oral/inject",0.0,2026,Procedure,CMS
T1505,"Elec med comp dev, noc",0.0,2026,Procedure,CMS
T1999,Noc retail items andsupplies,0.0,2026,Procedure,CMS
T2001,N-et; patient attend/escort,0.0,2026,Procedure,CMS
T2002,N-et; per diem,0.0,2026,Procedure,CMS
T2003,N-et; encounter/trip,0.0,2026,Procedure,CMS
T2004,N-et; commerc carrier pass,0.0,2026,Procedure,CMS
T2005,N-et; stretcher van,0.0,2026,Procedure,CMS
T2007,Non-emer transport wait time,0.0,2026,Procedure,CMS
T2010,Pasrr level i,0.0,2026,Procedure,CMS
T2011,Pasrr level ii,0.0,2026,Procedure,CMS
T2012,"Habil ed waiver, per diem",0.0,2026,Procedure,CMS
T2013,Habil ed waiver per hour,0.0,2026,Procedure,CMS
T2014,"Habil prevoc waiver, per d",0.0,2026,Procedure,CMS
T2015,Habil prevoc waiver per hr,0.0,2026,Procedure,CMS
T2016,Habil res waiver per diem,0.0,2026,Procedure,CMS
T2017,Habil res waiver 15 min,0.0,2026,Procedure,CMS
T2018,Habil sup empl waiver/diem,0.0,2026,Procedure,CMS
T2019,Habil sup empl waiver 15min,0.0,2026,Procedure,CMS
T2020,Day habil waiver per diem,0.0,2026,Procedure,CMS
T2021,Day habil waiver per 15 min,0.0,2026,Procedure,CMS
T2022,"Case management, per month",0.0,2026,Procedure,CMS
T2023,Targeted case mgmt per month,0.0,2026,Procedure,CMS
T2024,Serv asmnt/care plan waiver,0.0,2026,Procedure,CMS
T2025,"Waiver service, nos",0.0,2026,Procedure,CMS
T2026,Special childcare waiver/d,0.0,2026,Procedure,CMS
T2027,Spec childcare waiver 15 min,0.0,2026,Procedure,CMS
T2028,"Special supply, nos waiver",0.0,2026,Procedure,CMS
T2029,"Special med equip, noswaiver",0.0,2026,Procedure,CMS
T2030,Assist living waiver/month,0.0,2026,Procedure,CMS
T2031,Assist living waiver/diem,0.0,2026,Procedure,CMS
T2032,"Res care, nos waiver/month",0.0,2026,Procedure,CMS
T2033,"Res, nos waiver per diem",0.0,2026,Procedure,CMS
T2034,Crisis interven waiver/diem,0.0,2026,Procedure,CMS
T2035,Utility services waiver,0.0,2026,Procedure,CMS
T2036,Camp overnite waiver/session,0.0,2026,Procedure,CMS
T2037,Camp day waiver/session,0.0,2026,Procedure,CMS
T2038,Comm trans waiver/service,0.0,2026,Procedure,CMS
T2039,Vehicle mod waiver/service,0.0,2026,Procedure,CMS
T2040,Financial mgt waiver/15min,0.0,2026,Procedure,CMS
T2041,Support broker waiver/15 min,0.0,2026,Procedure,CMS
T2042,Hospice routine home care,0.0,2026,Procedure,CMS
T2043,Hospice continuous home care,0.0,2026,Procedure,CMS
T2044,Hospice respite care,0.0,2026,Procedure,CMS
T2045,Hospice general care,0.0,2026,Procedure,CMS
T2046,"Hospice long term care, r&b",0.0,2026,Procedure,CMS
T2047,Hab prevo waiver per 15,0.0,2026,Procedure,CMS
T2048,"Bh ltc res r&b, per diem",0.0,2026,Procedure,CMS
T2049,"N-et; stretcher van, mileage",0.0,2026,Procedure,CMS
T2050,Financial mgt waiver/diem,0.0,2026,Procedure,CMS
T2051,Support broker waiver/diem,0.0,2026,Procedure,CMS
T2101,Breast milk proc/store/dist,0.0,2026,Procedure,CMS
T4521,Adult size brief/diaper sm,0.0,2026,Procedure,CMS
T4522,Adult size brief/diaper med,0.0,2026,Procedure,CMS
T4523,Adult size brief/diaper lg,0.0,2026,Procedure,CMS
T4524,Adult size brief/diaper xl,0.0,2026,Procedure,CMS
T4525,Adult size pull-on sm,0.0,2026,Procedure,CMS
T4526,Adult size pull-on med,0.0,2026,Procedure,CMS
T4527,Adult size pull-on lg,0.0,2026,Procedure,CMS
T4528,Adult size pull-on xl,0.0,2026,Procedure,CMS
T4529,Ped size brief/diaper sm/med,0.0,2026,Procedure,CMS
T4530,Ped size brief/diaper lg,0.0,2026,Procedure,CMS
T4531,Ped size pull-on sm/med,0.0,2026,Procedure,CMS
T4532,Ped size pull-on lg,0.0,2026,Procedure,CMS
T4533,Youth size brief/diaper,0.0,2026,Procedure,CMS
T4534,Youth size pull-on,0.0,2026,Procedure,CMS
T4535,Disposable liner/shield/pad,0.0,2026,Procedure,CMS
T4536,Reusable pull-on any size,0.0,2026,Procedure,CMS
T4537,Reusable underpad bed size,0.0,2026,Procedure,CMS
T4538,Diaper serv reusable diaper,0.0,2026,Procedure,CMS
T4539,Reuse diaper/brief any size,0.0,2026,Procedure,CMS
T4540,Reusable underpad chair size,0.0,2026,Procedure,CMS
T4541,Large disposable underpad,0.0,2026,Procedure,CMS
T4542,Small disposable underpad,0.0,2026,Procedure,CMS
T4543,Adult disp brief/diap abv xl,0.0,2026,Procedure,CMS
T4544,Adlt disp und/pull on abv xl,0.0,2026,Procedure,CMS
T4545,Incon disposable penile wrap,0.0,2026,Procedure,CMS
T5001,Position seat spec orth need,0.0,2026,Procedure,CMS
T5999,"Supply, nos",0.0,2026,Procedure,CMS
V2020,Vision svcs frames purchases,0.0,2026,Procedure,CMS
V2025,Eyeglasses delux frames,0.0,2026,Procedure,CMS
V2100,Lens spher single plano 4.00,0.0,2026,Procedure,CMS
V2101,Single visn sphere 4.12-7.00,0.0,2026,Procedure,CMS
V2102,Singl visn sphere 7.12-20.00,0.0,2026,Procedure,CMS
V2103,Spherocylindr 4.00d/12-2.00d,0.0,2026,Procedure,CMS
V2104,Spherocylindr 4.00d/2.12-4d,0.0,2026,Procedure,CMS
V2105,Spherocylinder 4.00d/4.25-6d,0.0,2026,Procedure,CMS
V2106,Spherocylinder 4.00d/>6.00d,0.0,2026,Procedure,CMS
V2107,Spherocylinder 4.25d/12-2d,0.0,2026,Procedure,CMS
V2108,Spherocylinder 4.25d/2.12-4d,0.0,2026,Procedure,CMS
V2109,Spherocylinder 4.25d/4.25-6d,0.0,2026,Procedure,CMS
V2110,Spherocylinder 4.25d/over 6d,0.0,2026,Procedure,CMS
V2111,Spherocylindr 7.25d/.25-2.25,0.0,2026,Procedure,CMS
V2112,Spherocylindr 7.25d/2.25-4d,0.0,2026,Procedure,CMS
V2113,Spherocylindr 7.25d/4.25-6d,0.0,2026,Procedure,CMS
V2114,Spherocylinder over 12.00d,0.0,2026,Procedure,CMS
V2115,Lens lenticular bifocal,0.0,2026,Procedure,CMS
V2118,Lens aniseikonic single,0.0,2026,Procedure,CMS
V2121,"Lenticular lens, single",0.0,2026,Procedure,CMS
V2199,Lens single vision not oth c,0.0,2026,Procedure,CMS
V2200,Lens spher bifoc plano 4.00d,0.0,2026,Procedure,CMS
V2201,Lens sphere bifocal 4.12-7.0,0.0,2026,Procedure,CMS
V2202,Lens sphere bifocal 7.12-20.,0.0,2026,Procedure,CMS
V2203,Lens sphcyl bifocal 4.00d/.1,0.0,2026,Procedure,CMS
V2204,Lens sphcy bifocal 4.00d/2.1,0.0,2026,Procedure,CMS
V2205,Lens sphcy bifocal 4.00d/4.2,0.0,2026,Procedure,CMS
V2206,Lens sphcy bifocal 4.00d/ove,0.0,2026,Procedure,CMS
V2207,Lens sphcy bifocal 4.25-7d/.,0.0,2026,Procedure,CMS
V2208,Lens sphcy bifocal 4.25-7/2.,0.0,2026,Procedure,CMS
V2209,Lens sphcy bifocal 4.25-7/4.,0.0,2026,Procedure,CMS
V2210,Lens sphcy bifocal 4.25-7/ov,0.0,2026,Procedure,CMS
V2211,Lens sphcy bifo 7.25-12/.25-,0.0,2026,Procedure,CMS
V2212,Lens sphcyl bifo 7.25-12/2.2,0.0,2026,Procedure,CMS
V2213,Lens sphcyl bifo 7.25-12/4.2,0.0,2026,Procedure,CMS
V2214,Lens sphcyl bifocal over 12.,0.0,2026,Procedure,CMS
V2215,Lens lenticular bifocal,0.0,2026,Procedure,CMS
V2218,Lens aniseikonic bifocal,0.0,2026,Procedure,CMS
V2219,Lens bifocal seg width over,0.0,2026,Procedure,CMS
V2220,Lens bifocal add over 3.25d,0.0,2026,Procedure,CMS
V2221,"Lenticular lens, bifocal",0.0,2026,Procedure,CMS
V2299,Lens bifocal speciality,0.0,2026,Procedure,CMS
V2300,Lens sphere trifocal 4.00d,0.0,2026,Procedure,CMS
V2301,Lens sphere trifocal 4.12-7.,0.0,2026,Procedure,CMS
V2302,Lens sphere trifocal 7.12-20,0.0,2026,Procedure,CMS
V2303,Lens sphcy trifocal 4.0/.12-,0.0,2026,Procedure,CMS
V2304,Lens sphcy trifocal 4.0/2.25,0.0,2026,Procedure,CMS
V2305,Lens sphcy trifocal 4.0/4.25,0.0,2026,Procedure,CMS
V2306,Lens sphcyl trifocal 4.00/>6,0.0,2026,Procedure,CMS
V2307,Lens sphcy trifocal 4.25-7/.,0.0,2026,Procedure,CMS
V2308,Lens sphc trifocal 4.25-7/2.,0.0,2026,Procedure,CMS
V2309,Lens sphc trifocal 4.25-7/4.,0.0,2026,Procedure,CMS
V2310,Lens sphc trifocal 4.25-7/>6,0.0,2026,Procedure,CMS
V2311,Lens sphc trifo 7.25-12/.25-,0.0,2026,Procedure,CMS
V2312,Lens sphc trifo 7.25-12/2.25,0.0,2026,Procedure,CMS
V2313,Lens sphc trifo 7.25-12/4.25,0.0,2026,Procedure,CMS
V2314,Lens sphcyl trifocal over 12,0.0,2026,Procedure,CMS
V2315,Lens lenticular trifocal,0.0,2026,Procedure,CMS
V2318,Lens aniseikonic trifocal,0.0,2026,Procedure,CMS
V2319,Lens trifocal seg width > 28,0.0,2026,Procedure,CMS
V2320,Lens trifocal add over 3.25d,0.0,2026,Procedure,CMS
V2321,"Lenticular lens, trifocal",0.0,2026,Procedure,CMS
V2399,Lens trifocal speciality,0.0,2026,Procedure,CMS
V2410,Lens variab asphericity sing,0.0,2026,Procedure,CMS
V2430,Lens variable asphericity bi,0.0,2026,Procedure,CMS
V2499,Variable asphericity lens,0.0,2026,Procedure,CMS
V2500,Contact lens pmma spherical,0.0,2026,Procedure,CMS
V2501,Cntct lens pmma-toric/prism,0.0,2026,Procedure,CMS
V2502,Contact lens pmma bifocal,0.0,2026,Procedure,CMS
V2503,Cntct lens pmma color vision,0.0,2026,Procedure,CMS
V2510,Cntct gas permeable sphericl,0.0,2026,Procedure,CMS
V2511,Cntct toric prism ballast,0.0,2026,Procedure,CMS
V2512,Cntct lens gas permbl bifocl,0.0,2026,Procedure,CMS
V2513,Contact lens extended wear,0.0,2026,Procedure,CMS
V2520,Contact lens hydrophilic,0.0,2026,Procedure,CMS
V2521,Cntct lens hydrophilic toric,0.0,2026,Procedure,CMS
V2522,Cntct lens hydrophil bifocl,0.0,2026,Procedure,CMS
V2523,Cntct lens hydrophil extend,0.0,2026,Procedure,CMS
V2524,Cntct lens hydrophil photoch,0.0,2026,Procedure,CMS
V2525,"Cl, hydrophilic, dual focus",0.0,2026,Procedure,CMS
V2526,Cntct lens blue violet,0.0,2026,Procedure,CMS
V2530,Contact lens gas impermeable,0.0,2026,Procedure,CMS
V2531,Contact lens gas permeable,0.0,2026,Procedure,CMS
V2599,Contact lens/es other type,0.0,2026,Procedure,CMS
V2600,Hand held low vision aids,0.0,2026,Procedure,CMS
V2610,Single lens spectacle mount,0.0,2026,Procedure,CMS
V2615,Telescop/othr compound lens,0.0,2026,Procedure,CMS
V2623,Plastic eye prosth custom,0.0,2026,Procedure,CMS
V2624,Polishing artifical eye,0.0,2026,Procedure,CMS
V2625,Enlargemnt of eye prosthesis,0.0,2026,Procedure,CMS
V2626,Reduction of eye prosthesis,0.0,2026,Procedure,CMS
V2627,Scleral cover shell,0.0,2026,Procedure,CMS
V2628,Fabrication & fitting,0.0,2026,Procedure,CMS
V2629,Prosthetic eye other type,0.0,2026,Procedure,CMS
V2630,Anter chamber intraocul lens,0.0,2026,Procedure,CMS
V2631,Iris support intraoclr lens,0.0,2026,Procedure,CMS
V2632,Post chmbr intraocular lens,0.0,2026,Procedure,CMS
V2700,Balance lens,0.0,2026,Procedure,CMS
V2702,Deluxe lens feature,0.0,2026,Procedure,CMS
V2710,Glass/plastic slab off prism,0.0,2026,Procedure,CMS
V2715,Prism lens/es,0.0,2026,Procedure,CMS
V2718,Fresnell prism press-on lens,0.0,2026,Procedure,CMS
V2730,Special base curve,0.0,2026,Procedure,CMS
V2744,Tint photochromatic lens/es,0.0,2026,Procedure,CMS
V2745,"Tint, any color/solid/grad",0.0,2026,Procedure,CMS
V2750,Anti-reflective coating,0.0,2026,Procedure,CMS
V2755,Uv lens/es,0.0,2026,Procedure,CMS
V2756,Eye glass case,0.0,2026,Procedure,CMS
V2760,Scratch resistant coating,0.0,2026,Procedure,CMS
V2761,Mirror coating,0.0,2026,Procedure,CMS
V2762,"Polarization, any lens",0.0,2026,Procedure,CMS
V2770,Occluder lens/es,0.0,2026,Procedure,CMS
V2780,Oversize lens/es,0.0,2026,Procedure,CMS
V2781,Progressive lens per lens,0.0,2026,Procedure,CMS
V2782,"Lens, 1.54-1.65 p/1.60-1.79g",0.0,2026,Procedure,CMS
V2783,"Lens, >= 1.66 p/>=1.80 g",0.0,2026,Procedure,CMS
V2784,Lens polycarb or equal,0.0,2026,Procedure,CMS
V2785,Corneal tissue processing,0.0,2026,Procedure,CMS
V2786,Occupational multifocal lens,0.0,2026,Procedure,CMS
V2787,Astigmatism-correct function,0.0,2026,Procedure,CMS
V2788,Presbyopia-correct function,0.0,2026,Procedure,CMS
V2790,Amniotic membrane,0.0,2026,Procedure,CMS
V2797,Vis item/svc in other code,0.0,2026,Procedure,CMS
V2799,Misc vision item or service,0.0,2026,Procedure,CMS
V5008,Hearing screening,0.0,2026,Procedure,CMS
V5010,Assessment for hearing aid,0.0,2026,Procedure,CMS
V5011,Hearing aid fitting/checking,0.0,2026,Procedure,CMS
V5014,Hearing aid repair/modifying,0.0,2026,Procedure,CMS
V5020,Conformity evaluation,0.0,2026,Procedure,CMS
V5030,Body-worn hearing aid air,0.0,2026,Procedure,CMS
V5040,Body-worn hearing aid bone,0.0,2026,Procedure,CMS
V5050,Hearing aid monaural in ear,0.0,2026,Procedure,CMS
V5060,Behind ear hearing aid,0.0,2026,Procedure,CMS
V5070,Glasses air conduction,0.0,2026,Procedure,CMS
V5080,Glasses bone conduction,0.0,2026,Procedure,CMS
V5090,Hearing aid dispensing fee,0.0,2026,Procedure,CMS
V5095,Implant mid ear hearing pros,0.0,2026,Procedure,CMS
V5100,Body-worn bilat hearing aid,0.0,2026,Procedure,CMS
V5110,Hearing aid dispensing fee,0.0,2026,Procedure,CMS
V5120,Body-worn binaur hearing aid,0.0,2026,Procedure,CMS
V5130,In ear binaural hearing aid,0.0,2026,Procedure,CMS
V5140,Behind ear binaur hearing ai,0.0,2026,Procedure,CMS
V5150,Glasses binaural hearing aid,0.0,2026,Procedure,CMS
V5160,Dispensing fee binaural,0.0,2026,Procedure,CMS
V5171,Hearing aid monaural ite,0.0,2026,Procedure,CMS
V5172,Hearing aid monaural itc,0.0,2026,Procedure,CMS
V5181,Hearing aid monaural bte,0.0,2026,Procedure,CMS
V5190,Hearing aid monaural glasses,0.0,2026,Procedure,CMS
V5200,Disp fee contralateral monau,0.0,2026,Procedure,CMS
V5211,Hearing aid binaural ite/ite,0.0,2026,Procedure,CMS
V5212,Hearing aid binaural ite/itc,0.0,2026,Procedure,CMS
V5213,Hearing aid binaural ite/bte,0.0,2026,Procedure,CMS
V5214,Hearing aid binaural itc/itc,0.0,2026,Procedure,CMS
V5215,Hearing aid binaural itc/bte,0.0,2026,Procedure,CMS
V5221,Hearing aid binaural bte/bte,0.0,2026,Procedure,CMS
V5230,Hearing aid binaural glasses,0.0,2026,Procedure,CMS
V5240,Disp fee contralateral binau,0.0,2026,Procedure,CMS
V5241,"Dispensing fee, monaural",0.0,2026,Procedure,CMS
V5242,"Hearing aid, monaural, cic",0.0,2026,Procedure,CMS
V5243,"Hearing aid, monaural, itc",0.0,2026,Procedure,CMS
V5244,"Hearing aid, prog, mon, cic",0.0,2026,Procedure,CMS
V5245,"Hearing aid, prog, mon, itc",0.0,2026,Procedure,CMS
V5246,"Hearing aid, prog, mon, ite",0.0,2026,Procedure,CMS
V5247,"Hearing aid, prog, mon, bte",0.0,2026,Procedure,CMS
V5248,"Hearing aid, binaural, cic",0.0,2026,Procedure,CMS
V5249,"Hearing aid, binaural, itc",0.0,2026,Procedure,CMS
V5250,"Hearing aid, prog, bin, cic",0.0,2026,Procedure,CMS
V5251,"Hearing aid, prog, bin, itc",0.0,2026,Procedure,CMS
V5252,"Hearing aid, prog, bin, ite",0.0,2026,Procedure,CMS
V5253,"Hearing aid, prog, bin, bte",0.0,2026,Procedure,CMS
V5254,"Hearing id, digit, mon, cic",0.0,2026,Procedure,CMS
V5255,"Hearing aid, digit, mon, itc",0.0,2026,Procedure,CMS
V5256,"Hearing aid, digit, mon, ite",0.0,2026,Procedure,CMS
V5257,"Hearing aid, digit, mon, bte",0.0,2026,Procedure,CMS
V5258,"Hearing aid, digit, bin, cic",0.0,2026,Procedure,CMS
V5259,"Hearing aid, digit, bin, itc",0.0,2026,Procedure,CMS
V5260,"Hearing aid, digit, bin, ite",0.0,2026,Procedure,CMS
V5261,"Hearing aid, digit, bin, bte",0.0,2026,Procedure,CMS
V5262,"Hearing aid, disp, monaural",0.0,2026,Procedure,CMS
V5263,"Hearing aid, disp, binaural",0.0,2026,Procedure,CMS
V5264,Ear mold/insert,0.0,2026,Procedure,CMS
V5265,"Ear mold/insert, disp",0.0,2026,Procedure,CMS
V5266,Battery for hearing device,0.0,2026,Procedure,CMS
V5267,Hearing aid sup/access/dev,0.0,2026,Procedure,CMS
V5268,Ald telephone amplifier,0.0,2026,Procedure,CMS
V5269,"Alerting device, any type",0.0,2026,Procedure,CMS
V5270,"Ald, tv amplifier, any type",0.0,2026,Procedure,CMS
V5271,"Ald, tv caption decoder",0.0,2026,Procedure,CMS
V5272,Tdd,0.0,2026,Procedure,CMS
V5273,Ald for cochlear implant,0.0,2026,Procedure,CMS
V5274,Ald unspecified,0.0,2026,Procedure,CMS
V5275,Ear impression,0.0,2026,Procedure,CMS
V5281,"Ald fm/dm system, monaural",0.0,2026,Procedure,CMS
V5282,Ald fm/dm system binaural,0.0,2026,Procedure,CMS
V5283,"Ald neck, loop ind receiver",0.0,2026,Procedure,CMS
V5284,Ald fm/dm ear level receiver,0.0,2026,Procedure,CMS
V5285,Ald fm/dm aud input receiver,0.0,2026,Procedure,CMS
V5286,Ald blu tooth fm/dm receiver,0.0,2026,Procedure,CMS
V5287,"Ald fm/dm receiver, nos",0.0,2026,Procedure,CMS
V5288,Ald fm/dm transmitter ald,0.0,2026,Procedure,CMS
V5289,Ald fm/dm adapt/boot couplin,0.0,2026,Procedure,CMS
V5290,Ald transmitter microphone,0.0,2026,Procedure,CMS
V5298,Hearing aid noc,0.0,2026,Procedure,CMS
V5299,Hearing service,0.0,2026,Procedure,CMS
V5336,Repair communication device,0.0,2026,Procedure,CMS
V5362,Speech screening,0.0,2026,Procedure,CMS
V5363,Language screening,0.0,2026,Procedure,CMS
V5364,Dysphagia screening,0.0,2026,Procedure,CMS
